scenario,policy,seed,totalCost,procurementCost,transportCost,orderFixedCost,holdingCost,fillRate,essentialFillRate,worstRegionEssentialFillRate,worstRegionEssentialFillRatePostOnset,minRegionalServiceLevel,essentialServiceGap,cumulativeUnmetEssentialDemand,maxBacklog,backlogAtHorizon,serviceLossAUC,avgSyntheticAccessDelayDays,timeToRecovery90,timeToRecovery95,timeToRecovery99,recovered95,recoverySlope,weightedStockoutPenalty
S04-surge-high,equity-constrained-rolling-horizon,100001,305983.4086,241845.6,5242.678588,19800,39095.13,0.7992366695,0.9976110121,0.9762962963,0.9714285714,0.7657329481,0.02337892293,63,8840,0,0.1756439014,3.583601981,0,0,0,1,,367375
S04-surge-high,equity-constrained-rolling-horizon,100002,302803.2121,239620,5203.087059,19925,38055.125,0.8048251661,0.9986890303,0.9890927119,0.9863945578,0.772670762,0.01090728805,34,8616,0,0.09820514514,3.448402055,0,0,0,1,,326240
S04-surge-high,equity-constrained-rolling-horizon,100003,301620.3931,238981.7,5144.678118,20050,37444.015,0.8024059925,0.9976517689,0.9742446756,0.9696029777,0.766101881,0.02575532442,61,8223,0,0.1825980228,3.398839521,0,0,0,1,,336440
S04-surge-high,equity-constrained-rolling-horizon,100004,305681.9669,242386.4,5223.561882,18950,39122.005,0.7987918848,0.9978211009,0.9874812218,0.9842866122,0.7659750888,0.01251877817,57,8775,0,0.1597131377,3.538193026,0,0,0,1,,357175
S04-surge-high,equity-constrained-rolling-horizon,100005,303673.0906,240405.9,5197.985647,18325,39744.205,0.8162848746,0.9994279176,0.9926542605,0.9908256881,0.7816786298,0.007345739471,15,8331,0,0.04401534516,3.157241752,0,0,0,1,,283615
S04-surge-high,equity-constrained-rolling-horizon,100006,303405.873,240002.3,5142.648,19675,38585.925,0.8053635369,0.9987032305,0.9841191067,0.9819763828,0.7729501572,0.0158808933,34,8317,0,0.08169485152,3.337664114,0,0,0,1,,332750
S04-surge-high,equity-constrained-rolling-horizon,100007,306611.8015,242834.2,5248.856471,20150,38378.745,0.8090710126,0.9980584003,0.9856079404,0.9819651741,0.776916328,0.01356847201,51,8273,0,0.1564486377,3.229891311,0,0,0,1,,331010
S04-surge-high,equity-constrained-rolling-horizon,100008,302172.3925,239608.7,5043.512471,19275,38245.18,0.8100466682,0.9988132154,0.9922640536,0.9915639195,0.7766588839,0.007735946364,31,8231,0,0.08381077465,3.145661835,0,0,0,1,,330335
S04-surge-high,equity-constrained-rolling-horizon,100009,305475.3704,241932.6,5194.465412,19125,39223.305,0.7985012901,0.9973988218,0.9765,0.9717691343,0.763313715,0.0235,68,8706,0,0.1866656784,3.472377566,0,0,0,1,,368960
S04-surge-high,equity-constrained-rolling-horizon,100010,308937.8426,245026.8,5249.842588,19075,39586.2,0.8032197734,0.9989077624,0.9858051884,0.9829476248,0.7721264672,0.01419481155,29,8742,0,0.07893474704,3.411871845,0,0,0,1,,344935
S04-surge-high,equity-constrained-rolling-horizon,100011,300030.6777,237745.7,5085.912706,19475,37724.065,0.8141055348,0.9978375039,0.9740389416,0.9675405743,0.7818161973,0.02584846482,56,8317,0,0.1615574359,3.192933455,0,0,0,1,,299160
S04-surge-high,equity-constrained-rolling-horizon,100012,302731.9862,239708,5174.541176,19475,38374.445,0.8061301825,0.9984300211,0.9873294347,0.9859413203,0.7705539097,0.0126705653,41,8371,0,0.1072613499,3.402015232,0,0,0,1,,336890
S04-surge-high,equity-constrained-rolling-horizon,100013,301718.206,239145.7,5155.716,19250,38166.79,0.801812441,0.9982390996,0.987745098,0.9847001224,0.7651652086,0.01175465184,46,8509,0,0.1566396391,3.424680523,0,0,0,1,,342925
S04-surge-high,equity-constrained-rolling-horizon,100014,304725.5124,241615.6,5238.757412,19225,38646.155,0.8070585055,0.9981368821,0.9824561404,0.978041543,0.772688478,0.01754385965,49,8326,0,0.1367518099,3.248337982,0,0,0,1,,328095
S04-surge-high,equity-constrained-rolling-horizon,100015,304944.6349,241112.4,5131.029882,19700,39001.205,0.8062302595,0.9974787027,0.9854997411,0.9830618893,0.7715302873,0.01450025893,66,8357,0,0.1768851258,3.369145971,0,0,0,1,,348070
S04-surge-high,equity-constrained-rolling-horizon,100016,298477.8969,235944.2,5171.656941,19600,37762.04,0.8081593067,0.9989152752,0.9860349127,0.9826410415,0.7735073591,0.01396508728,28,8109,0,0.08098710572,3.37027987,0,0,0,1,,311830
S04-surge-high,equity-constrained-rolling-horizon,100017,308346.8064,244688.7,5293.926353,20150,38214.18,0.8039249272,0.9978197948,0.9808429119,0.9759903962,0.7675855683,0.0189974712,58,8437,0,0.1654136035,3.346086084,0,0,0,1,,351895
S04-surge-high,equity-constrained-rolling-horizon,100018,304178.6359,240448.6,5158.600941,20175,38396.435,0.8111185532,0.9974869588,0.9753815854,0.9693815064,0.7784332828,0.02461841457,66,8369,0,0.1873188484,3.36800129,0,0,0,1,,311415
S04-surge-high,equity-constrained-rolling-horizon,100019,303554.0535,240663.8,5198.408471,20025,37666.845,0.8150120041,0.9988496933,0.9892420538,0.9871873093,0.7804397709,0.01075794621,30,7848,0,0.08189081004,3.073480203,0,0,0,1,,306810
S04-surge-high,equity-constrained-rolling-horizon,100020,303454.936,239979,5139.396,19475,38861.54,0.7962632127,0.9980565506,0.9896653543,0.9871007371,0.7640588109,0.01033464567,51,8855,0,0.1459566835,3.624261823,0,0,0,1,,363105
S04-surge-high,equity-constrained-rolling-horizon,100021,301373.2421,238380.7,5171.642118,19450,38370.9,0.8062177332,0.9981818182,0.9837438424,0.9797172711,0.7723027258,0.01625615764,47,8362,0,0.1383799296,3.299011213,0,0,0,1,,345080
S04-surge-high,equity-constrained-rolling-horizon,100022,304258.9066,241229.8,5211.581647,18975,38842.525,0.8139368789,0.998324703,0.9814907454,0.9773869347,0.7823898922,0.01850925463,44,8093,0,0.1196205142,3.00135453,0,0,0,1,,315695
S04-surge-high,equity-constrained-rolling-horizon,100023,305546.2109,242255,5241.225882,19175,38874.985,0.8038996736,0.9986409966,0.9858398438,0.9824029126,0.774189524,0.01416015625,36,8621,0,0.102836367,3.265013375,0,0,0,1,,354850
S04-surge-high,equity-constrained-rolling-horizon,100024,303966.5017,240352.6,5229.396706,18925,39459.505,0.8090546563,0.9983691117,0.9869628199,0.984948826,0.7737809608,0.01303718011,43,8415,0,0.1137015271,3.337506327,0,0,0,1,,322385
S04-surge-high,equity-constrained-rolling-horizon,100025,304283.0415,240245.8,5167.551529,19700,39169.69,0.8059835006,0.9977581883,0.9712015889,0.9642416769,0.7701717201,0.02879841112,59,8303,0,0.1703966116,3.379348474,0,0,0,1,,327180
S04-surge-high,equity-constrained-rolling-horizon,100026,298507.4785,236382.7,5095.683529,19250,37779.095,0.8030831879,0.9982479365,0.9855864811,0.9819987585,0.7735476439,0.01441351889,45,8392,0,0.1328962265,3.349141311,0,0,0,1,,348045
S04-surge-high,equity-constrained-rolling-horizon,100027,305926.1862,242418.3,5182.881176,19750,38575.005,0.8087830532,0.9991298755,0.9884072581,0.9867172676,0.7744773891,0.01159274194,23,8406,0,0.0593133175,3.339329598,0,0,0,1,,321510
S04-surge-high,equity-constrained-rolling-horizon,100028,301648.9174,239151.5,5177.137412,19225,38095.28,0.8115938416,0.9993067858,0.9908768373,0.9885641677,0.7768103323,0.009123162696,18,8164,0,0.05159697402,3.257732344,0,0,0,1,,294740
S04-surge-high,equity-constrained-rolling-horizon,100029,302079.7275,238887,5128.232471,19450,38614.495,0.8104306184,0.9980851716,0.9748617396,0.9687108886,0.7772145048,0.02513826043,50,8382,0,0.149767617,3.365869779,0,0,0,1,,316110
S04-surge-high,equity-constrained-rolling-horizon,100030,300879.6564,237947.8,5109.066353,19750,38072.79,0.8095004959,0.9984157651,0.9798387097,0.9750156152,0.7717716622,0.02016129032,41,8174,0,0.11498813,3.300807191,0,0,0,1,,313735
S04-surge-high,equity-constrained-rolling-horizon,100031,303190.7751,239723.6,5161.495059,19700,38605.68,0.8023345051,0.9986713234,0.9847740668,0.9815384615,0.7684552381,0.0152259332,35,8626,0,0.09480937806,3.456552953,0,0,0,1,,353820
S04-surge-high,equity-constrained-rolling-horizon,100032,304401.6028,240823.5,5220.182824,19600,38757.92,0.8077165646,0.9980635608,0.9847890088,0.9820322181,0.7778196298,0.01455172296,51,8229,0,0.1332748592,3.279972794,0,0,0,1,,325315
S04-surge-high,equity-constrained-rolling-horizon,100033,301228.5702,238750.7,5146.840235,20000,37331.03,0.802672561,0.9983729129,0.9788944724,0.9736015085,0.7640610631,0.02110552764,42,8243,0,0.1235442032,3.44330855,0,0,0,1,,313730
S04-surge-high,equity-constrained-rolling-horizon,100034,302813.5244,239789.3,5203.069412,19075,38746.155,0.8151087011,0.9977011494,0.9855577689,0.9820099256,0.7824731241,0.01444223108,60,8369,0,0.1756225737,3.271329785,0,0,0,1,,304295
S04-surge-high,equity-constrained-rolling-horizon,100035,300018.7571,237493.4,5036.587059,18975,38513.77,0.8025055917,0.9982583117,0.9863291139,0.9847715736,0.7682757627,0.01367088608,45,8475,0,0.1150210677,3.501093212,0,0,0,1,,351830
S04-surge-high,equity-constrained-rolling-horizon,100036,299665.3379,237753.1,5173.912941,19375,37363.325,0.8095202258,0.9983749275,0.9795511222,0.9747474747,0.7750247588,0.02044887781,42,8181,0,0.1176267574,3.340545626,0,0,0,1,,300670
S04-surge-high,equity-constrained-rolling-horizon,100037,304841.2564,241184.8,5135.586353,18800,39720.87,0.79546582,0.9981323372,0.9885114885,0.986883198,0.7591497096,0.01148851149,49,8809,0,0.1296736311,3.48878857,0,0,0,1,,371915
S04-surge-high,equity-constrained-rolling-horizon,100038,305724.6066,242135.1,5172.761647,19500,38916.745,0.8061589731,0.9985133796,0.9854927464,0.9824890557,0.7720872521,0.01450725363,39,8443,0,0.1079535624,3.314391508,0,0,0,1,,335275
S04-surge-high,equity-constrained-rolling-horizon,100039,303933.0291,240360.4,5179.814118,19575,38817.815,0.8080096997,0.9986268976,0.9861932939,0.9833846154,0.7742379794,0.01380670611,36,8436,0,0.09804485115,3.305615698,0,0,0,1,,332505
S04-surge-high,equity-constrained-rolling-horizon,100040,302394.7312,239158.6,5203.096235,19150,38883.035,0.8027351068,0.998684516,0.9853015712,0.9816223067,0.7713167663,0.01469842879,34,8746,0,0.0976127477,3.470313476,0,0,0,1,,332540
S04-surge-high,equity-constrained-rolling-horizon,100041,297966.1646,235815.9,5061.089647,18450,38639.175,0.8046889771,0.9982876712,0.9855217174,0.9825545171,0.7711233645,0.01447828258,44,8546,14,0.1264431773,3.330888007,0,0,0,1,,310085
S04-surge-high,equity-constrained-rolling-horizon,100042,304089.214,241114.2,5225.844,19275,38474.17,0.8036707039,0.9976378253,0.9789008832,0.9758961681,0.7671543712,0.02109911678,62,8515,0,0.1565011508,3.28246302,0,0,0,1,,353210
S04-surge-high,equity-constrained-rolling-horizon,100043,304157.3635,241094.1,5191.143529,19150,38722.12,0.8136737525,0.9991577013,0.9890219561,0.9887218045,0.7860191238,0.01097804391,22,8071,0,0.04530254431,3.097827164,0,0,0,1,,317905
S04-surge-high,equity-constrained-rolling-horizon,100044,295624.9032,233778.9,5098.593176,20125,36622.41,0.8083117941,0.9983978116,0.9930693069,0.9913366337,0.7721507233,0.006816498711,41,8161,0,0.1730277414,3.33682629,0,0,8,1,,303025
S04-surge-high,equity-constrained-rolling-horizon,100045,306033.2694,242756.7,5240.514353,20050,37986.055,0.8163542013,0.998902679,0.9856790123,0.9833127318,0.7839198691,0.01432098765,29,8298,0,0.07106842841,3.244795326,0,0,0,1,,285535
S04-surge-high,equity-constrained-rolling-horizon,100046,301680.8462,239117.1,5161.876235,19475,37926.87,0.8083227777,0.9982055589,0.9851485149,0.9815157116,0.7728040541,0.01440839459,47,8333,0,0.1607115936,3.296575019,0,0,0,1,,329225
S04-surge-high,equity-constrained-rolling-horizon,100047,301556.4854,238708.8,5126.370353,19675,38046.315,0.8158475601,0.9994630461,0.9935097354,0.9918699187,0.7807719527,0.006490264603,14,7990,0,0.04069552463,3.129780893,0,0,0,1,,267120
S04-surge-high,equity-constrained-rolling-horizon,100048,302390.6124,239274,5153.077412,19300,38663.535,0.7978611894,0.9981510728,0.9874937469,0.9849340866,0.7630969952,0.01250625313,48,8759,0,0.1344153148,3.408595173,0,0,0,1,,365735
S04-surge-high,equity-constrained-rolling-horizon,100049,309058.2439,245236.5,5238.333882,19525,39058.41,0.8067203352,0.9977122712,0.9863979849,0.9843161857,0.7735555869,0.01360201511,61,8318,0,0.1594700257,3.127890974,0,0,0,1,,360685
S04-surge-high,equity-constrained-rolling-horizon,100050,298718.5692,236035.7,5089.204235,18925,38668.665,0.8024621427,0.9976412358,0.9817905918,0.9773584906,0.766137159,0.01804496156,61,8681,0,0.1742151031,3.590561786,0,0,0,1,,330420
S04-surge-high,equity-constrained-rolling-horizon,100051,304089.8595,241355.7,5214.699529,19675,37844.46,0.8000321134,0.998400792,0.9787341772,0.9735015773,0.7609397418,0.02126582278,42,8345,0,0.1182928505,3.323481096,0,0,0,1,,365725
S04-surge-high,equity-constrained-rolling-horizon,100052,304711.7562,241306.2,5219.596235,19575,38610.96,0.818835388,0.998486511,0.9872673849,0.9853211009,0.785944206,0.01273261508,40,7998,0,0.1149537491,3.098660968,0,0,0,1,,296890
S04-surge-high,equity-constrained-rolling-horizon,100053,301663.1042,239197,5162.829176,19375,37928.275,0.8072510728,0.9977644157,0.9815369261,0.9770613763,0.7739282108,0.01846307385,58,8575,0,0.1695111453,3.453004391,0,0,0,1,,322040
S04-surge-high,equity-constrained-rolling-horizon,100054,306032.7865,242134.7,5213.331529,19375,39309.755,0.7980261535,0.9980329853,0.9801260301,0.9757575758,0.763231992,0.01987396995,52,9052,0,0.1427799155,3.618023686,0,0,0,1,,360235
S04-surge-high,equity-constrained-rolling-horizon,100055,305645.9249,242046.2,5161.924941,19975,38462.8,0.8011696628,0.9981670994,0.9780767314,0.9750623441,0.7663073695,0.0218676543,48,8953,0,0.1280483157,3.726437094,0,0,0,1,,338460
S04-surge-high,equity-constrained-rolling-horizon,100056,305781.8565,242074,5135.811529,19350,39222.045,0.7986798273,0.9974538269,0.9750382068,0.9691046658,0.7635809114,0.02496179317,67,8751,0,0.1807221183,3.571326342,0,0,0,1,,354560
S04-surge-high,equity-constrained-rolling-horizon,100057,305496.5628,242040.6,5233.687765,18700,39522.275,0.8124915189,0.998247018,0.9811685176,0.9772045591,0.7794402832,0.01883148238,46,8356,0,0.1274689701,3.308143049,0,0,0,1,,304280
S04-surge-high,equity-constrained-rolling-horizon,100058,307594.7567,244189.7,5172.876706,18950,39282.18,0.8056630728,0.9986801916,0.9842751843,0.9815384615,0.7746995067,0.01572481572,35,8689,0,0.08969838193,3.371567418,0,0,0,1,,337790
S04-surge-high,equity-constrained-rolling-horizon,100059,307995.7882,243513.3,5234.788235,20700,38547.7,0.8041581109,0.9976370865,0.9829059829,0.9799373041,0.7709329085,0.01676874332,63,8800,0,0.2244766512,3.546396793,0,0,8,1,,340535
S04-surge-high,equity-constrained-rolling-horizon,100060,302963.9627,240352.8,5242.872706,19900,37468.29,0.8210562977,0.9986207953,0.9827172348,0.9784688995,0.7869166728,0.01728276524,36,7605,0,0.1023753412,2.980670199,0,0,0,1,,276475
S04-surge-high,equity-constrained-rolling-horizon,100061,305626.3173,242064.2,5209.247294,18600,39752.87,0.8066427665,0.9990449267,0.9874434957,0.9849151477,0.77122469,0.01255650427,25,8737,0,0.067824488,3.475342179,0,0,0,1,,309530
S04-surge-high,equity-constrained-rolling-horizon,100062,297820.9128,235923,5098.262824,19100,37699.65,0.8006174006,0.9984820177,0.9885,0.9862068966,0.7670707775,0.0115,39,8214,0,0.1093825492,3.261336861,0,0,0,1,,345475
S04-surge-high,equity-constrained-rolling-horizon,100063,302562.1783,239528.1,5158.223294,19500,38375.855,0.8029385916,0.9984786825,0.9804305284,0.9754901961,0.7659734402,0.01956947162,40,8564,0,0.1116330816,3.454726627,0,0,0,1,,340230
S04-surge-high,equity-constrained-rolling-horizon,100064,307927.0089,243647.4,5280.088941,19475,39524.52,0.8003575539,0.9972782944,0.9799043062,0.9749253731,0.7658854538,0.02009569378,72,9201,0,0.2045411844,3.673695295,0,0,0,1,,349760
S04-surge-high,equity-constrained-rolling-horizon,100065,303818.1459,240532.7,5205.820941,18675,39404.625,0.8042040477,0.9977018538,0.9837197829,0.9802102659,0.769710966,0.01628021707,60,8559,0,0.1684589188,3.501185025,0,0,0,1,,331245
S04-surge-high,equity-constrained-rolling-horizon,100066,303500.6825,240139.7,5156.247529,19575,38629.735,0.8023575345,0.9986595174,0.9829849295,0.97991479,0.7667023364,0.01701507049,35,8599,0,0.09176832673,3.4966241,0,0,0,1,,327410
S04-surge-high,equity-constrained-rolling-horizon,100067,306860.2955,242696.5,5157.675529,18650,40356.12,0.8065230497,0.9987427614,0.9873481781,0.9842964824,0.7762312254,0.01265182186,33,8737,0,0.09357894013,3.370529398,0,0,0,1,,329060
S04-surge-high,equity-constrained-rolling-horizon,100068,302622.0798,239337.2,5158.939765,19875,38250.94,0.8050867396,0.9987391105,0.9865134865,0.98561601,0.7677837411,0.01348651349,33,8582,0,0.07547023756,3.385046868,0,0,0,1,,338965
S04-surge-high,equity-constrained-rolling-horizon,100069,303405.7703,240661.3,5182.295294,20275,37287.175,0.8103368885,0.9991578303,0.9925112332,0.9918444166,0.7768983608,0.00748876685,22,8033,3,0.05519278376,3.182469852,0,0,0,1,,323365
S04-surge-high,equity-constrained-rolling-horizon,100070,303480.7122,241176.6,5152.972235,19100,38051.14,0.8059217047,0.9991574432,0.9890383657,0.9862842893,0.7701486177,0.01096163428,22,8165,0,0.06394980014,3.132928642,0,0,0,1,,331405
S04-surge-high,equity-constrained-rolling-horizon,100071,301199.2142,238323.7,5147.049176,18950,38778.465,0.8060664408,0.9980723263,0.9796121333,0.97625,0.7690661692,0.02038786673,50,8257,0,0.1296129538,3.345006939,0,0,0,1,,323950
S04-surge-high,equity-constrained-rolling-horizon,100072,306950.4593,243652.1,5177.459294,19175,38945.9,0.8013531038,0.9989813627,0.992007992,0.990619137,0.7662152656,0.007992007992,27,8757,0,0.07274667265,3.372605153,0,0,0,1,,356540
S04-surge-high,equity-constrained-rolling-horizon,100073,300960.0452,238502.6,5154.525176,19425,37877.92,0.8089459345,0.9974411662,0.986,0.9825109307,0.7733096858,0.014,66,8198,0,0.1911460463,3.146936786,0,0,0,1,,342880
S04-surge-high,equity-constrained-rolling-horizon,100074,301967.0906,239139.9,5201.170588,20050,37576.02,0.8048182576,0.9990040604,0.9872860636,0.9853121175,0.7640993992,0.01271393643,26,8113,0,0.06736402877,3.362924802,0,0,0,1,,332285
S04-surge-high,equity-constrained-rolling-horizon,100075,303435.6615,240205,5220.171529,19225,38785.49,0.806921721,0.9975486441,0.977250726,0.9721549637,0.7747812884,0.02274927396,64,8480,0,0.1742260172,3.328024529,0,0,0,1,,333635
S04-surge-high,equity-constrained-rolling-horizon,100076,303213.0851,239575.6,5116.975059,18900,39620.51,0.8101509838,0.9993150164,0.9939271255,0.9924670433,0.7779782749,0.006072874494,18,8375,0,0.05117068553,3.330734025,0,0,0,1,,295425
S04-surge-high,equity-constrained-rolling-horizon,100077,302704.0371,240657.7,5173.987059,18750,38122.35,0.8036791613,0.9986268452,0.982,0.9781386633,0.7707890838,0.018,36,8417,0,0.09611498584,3.276802492,0,0,0,1,,335020
S04-surge-high,equity-constrained-rolling-horizon,100078,303462.3454,240342.8,5246.665412,19225,38647.88,0.8050652436,0.9982072701,0.9769381747,0.9731215638,0.772967572,0.02306182532,47,8317,0,0.1182303271,3.350312846,0,0,0,1,,339695
S04-surge-high,equity-constrained-rolling-horizon,100079,307055.3183,243542.1,5196.443294,20050,38266.775,0.8175050425,0.9985015359,0.9852941176,0.9822738386,0.7855878814,0.01454438364,40,8023,0,0.1074801629,3.179096632,0,0,0,1,,285050
S04-surge-high,equity-constrained-rolling-horizon,100080,305219.8485,241917,5225.408471,19000,39077.44,0.8151189128,0.9985206539,0.9804902451,0.9756402249,0.787331372,0.01950975488,39,8282,0,0.1138015988,3.157134768,0,0,0,1,,307605
S04-surge-high,equity-constrained-rolling-horizon,100081,300977.7326,238152.1,5239.342588,19300,38286.29,0.8124372112,0.9983742984,0.9844767151,0.9806612601,0.7796467157,0.01552328493,42,8058,0,0.1225840333,3.168022905,0,0,0,1,,311935
S04-surge-high,equity-constrained-rolling-horizon,100082,304711.0831,240846.3,5209.778118,20550,38105.005,0.8054545455,0.9984436684,0.9802314368,0.9757722592,0.7726313153,0.01976856316,41,8276,0,0.1143789486,3.402560297,0,0,0,1,,327545
S04-surge-high,equity-constrained-rolling-horizon,100083,304617.83,240877.5,5216.46,19125,39398.87,0.8068073519,0.9979793358,0.9744578313,0.9679370841,0.7745015193,0.02554216867,53,8722,0,0.157567075,3.459038307,0,0,0,1,,320160
S04-surge-high,equity-constrained-rolling-horizon,100084,298241.699,235993.3,5151.564,18775,38321.835,0.7931781061,0.997971365,0.9812438302,0.9765287214,0.7556537658,0.0182425298,52,8757,0,0.1462791124,3.665248604,0,0,0,1,,364520
S04-surge-high,equity-constrained-rolling-horizon,100085,302396.1216,239778.1,5190.946588,19000,38427.075,0.805200928,0.9982784345,0.978313253,0.9727272727,0.7723413364,0.02168674699,45,8366,0,0.1328451753,3.23811119,0,0,0,1,,353955
S04-surge-high,equity-constrained-rolling-horizon,100086,305019.492,241848,5190.132,20000,37981.36,0.8004322322,0.9983959057,0.9809570313,0.9761904762,0.7652561247,0.01904296875,42,8550,0,0.120038111,3.434986107,0,0,0,1,,355265
S04-surge-high,equity-constrained-rolling-horizon,100087,305878.7314,241950.1,5251.261412,19725,38952.37,0.8067840754,0.9979003627,0.9843597263,0.9812121212,0.7718808026,0.01513999577,55,8708,0,0.1923873117,3.6473397,0,0,0,1,,301775
S04-surge-high,equity-constrained-rolling-horizon,100088,307123.2842,243498.4,5179.689176,20025,38420.195,0.810188313,0.999584984,0.9945164506,0.9949937422,0.7742492294,0.005483549352,11,8503,0,0.02100695605,3.438942597,0,0,0,1,,291455
S04-surge-high,equity-constrained-rolling-horizon,100089,306753.5301,243455.7,5195.870118,19225,38876.96,0.8102985678,0.9982269504,0.9763343404,0.9705329154,0.7788042129,0.02366565962,47,8317,0,0.1348636167,3.257402938,0,0,0,1,,320610
S04-surge-high,equity-constrained-rolling-horizon,100090,300808.4002,237796.2,5173.605176,18925,38913.595,0.8054798307,0.9984505733,0.9835411471,0.9793103448,0.7730772051,0.01645885287,40,8576,0,0.1150753112,3.398185952,0,0,0,1,,334735
S04-surge-high,equity-constrained-rolling-horizon,100091,304862.6856,241597.1,5183.405647,18775,39307.18,0.813362382,0.9991605617,0.9889001009,0.9867924528,0.7818491088,0.01109989909,22,8517,0,0.05905644373,3.266546041,0,0,0,1,,299385
S04-surge-high,equity-constrained-rolling-horizon,100092,302151.2868,238744.4,5147.611765,19575,38684.275,0.7973918495,0.9981497186,0.9813319879,0.9779735683,0.7646650215,0.01866801211,48,8633,0,0.1287776991,3.517442006,0,0,0,1,,342845
S04-surge-high,equity-constrained-rolling-horizon,100093,305104.8885,242223.5,5142.063529,18775,38964.325,0.808007089,0.9994306968,0.9924165824,0.991144845,0.7757574689,0.007583417594,15,8497,0,0.03904863904,3.346694891,0,0,0,1,,334035
S04-surge-high,equity-constrained-rolling-horizon,100094,304732.0569,241482.7,5168.841882,18875,39205.515,0.804880456,0.9989347131,0.9876670092,0.9852941176,0.7734902017,0.01233299075,28,8517,0,0.07697650006,3.363394113,0,0,0,1,,336555
S04-surge-high,equity-constrained-rolling-horizon,100095,298788.2746,236630.9,5125.354588,18450,38582.02,0.8030600928,0.9984435798,0.9860696517,0.9826625387,0.7677900552,0.01393034826,40,8538,0,0.1185658065,3.325103347,0,0,0,1,,340715
S04-surge-high,equity-constrained-rolling-horizon,100096,301396.1125,238671,5226.867529,19175,38323.245,0.8138975535,0.9984926371,0.9873847647,0.9842328684,0.7814402457,0.01261523532,39,8213,0,0.1119590033,3.253949165,0,0,0,1,,290695
S04-surge-high,equity-constrained-rolling-horizon,100097,304336.7825,240766.6,5212.947529,19900,38457.235,0.8059841741,0.9983589039,0.9842442147,0.9808877928,0.7746162085,0.01575578533,43,8581,0,0.1187073047,3.292136499,0,0,0,1,,353550
S04-surge-high,equity-constrained-rolling-horizon,100098,302591.5686,239767.2,5247.473647,19625,37951.895,0.8108104746,0.9990756788,0.992090954,0.9912989434,0.7781547058,0.007909045971,24,8122,0,0.06097664094,3.259837034,0,0,0,1,,302585
S04-surge-high,equity-constrained-rolling-horizon,100099,306711.7127,242947.5,5208.012706,20050,38506.2,0.8114836649,0.9991696233,0.9892944039,0.9871402327,0.7749897747,0.01070559611,22,8289,0,0.05752205067,3.325865881,0,0,0,1,,306575
S04-surge-high,equity-constrained-rolling-horizon,100100,297854.3091,235894.1,5133.254118,19325,37501.955,0.8083240955,0.9982487547,0.9777227723,0.9726877716,0.7755704896,0.02227722772,45,8241,0,0.1298277628,3.216290436,0,0,0,1,,341455
S04-surge-high,errra-no-floor,100001,303597.7485,240731.3,5235.248471,18400,39231.2,0.8006818098,0.995032422,0.9669135802,0.9596273292,0.7693039281,0.03160192448,131,8852,0,0.4633527253,3.655105545,0,0,7,1,,360830
S04-surge-high,errra-no-floor,100002,300964.7568,239514.7,5202.686824,18350,37897.37,0.8027697706,0.997108155,0.9796727814,0.9746444032,0.7698186339,0.02032721864,75,8590,0,0.214800265,3.361699461,0,0,0,1,,341495
S04-surge-high,errra-no-floor,100003,298642.4346,237479.1,5115.874588,18600,37447.46,0.8023184564,0.9979982292,0.9742446756,0.9696029777,0.7669252726,0.02575532442,52,8279,0,0.1320638277,3.397176335,0,0,0,1,,342370
S04-surge-high,errra-no-floor,100004,303721.9899,241184.5,5218.209882,18425,38894.28,0.8012551524,0.9977446483,0.9864797196,0.9830295412,0.7706797412,0.01352028042,59,8579,0,0.165848107,3.392266082,0,0,0,1,,362160
S04-surge-high,errra-no-floor,100005,306293.6224,243158.4,5260.782353,18100,39774.44,0.8130387202,0.9991609458,0.9892262488,0.9865443425,0.776686092,0.01077375122,22,8345,0,0.06491086755,3.196785815,0,0,0,1,,300950
S04-surge-high,errra-no-floor,100006,300696.6694,238555.9,5097.769412,18400,38643,0.8052143426,0.998359968,0.9796526055,0.9763828465,0.7725370454,0.02034739454,43,8334,0,0.1069068133,3.370772827,0,0,0,1,,337335
S04-surge-high,errra-no-floor,100007,304638.8973,242218.6,5214.407294,18850,38355.89,0.8102085987,0.9977919062,0.982133995,0.9776119403,0.7789933571,0.01704241742,58,8234,0,0.1763916576,3.228048916,0,0,0,1,,328705
S04-surge-high,errra-no-floor,100008,300811.726,239404.6,5055.276,18175,38176.85,0.8089944667,0.9967076299,0.982980918,0.9798831927,0.7749478675,0.017019082,86,8112,0,0.2358066946,3.099897256,0,0,0,1,,338320
S04-surge-high,errra-no-floor,100009,302625.8069,239749.8,5146.041882,18300,39429.965,0.7994765626,0.9964425063,0.964,0.9560853199,0.7649188514,0.036,93,8787,0,0.2603543355,3.594656988,0,0,0,1,,359545
S04-surge-high,errra-no-floor,100010,307152.3515,244102.6,5234.876471,18350,39464.875,0.8066057917,0.9989077624,0.9858051884,0.9829476248,0.7764618801,0.01419481155,29,8757,0,0.07893474704,3.333846737,0,0,0,1,,332365
S04-surge-high,errra-no-floor,100011,298494.247,237390.7,5095.752,18300,37707.795,0.8147693541,0.9966790238,0.9740389416,0.9675405743,0.7829804264,0.02466623209,86,8319,0,0.2878381042,3.190403427,0,0,0,1,,302525
S04-surge-high,errra-no-floor,100012,302922.2155,241022.7,5183.415529,18325,38391.1,0.8040925864,0.9982385602,0.9848927875,0.9828850856,0.7685609121,0.01510721248,46,8433,7,0.1203691922,3.423385143,0,0,0,1,,339475
S04-surge-high,errra-no-floor,100013,301005.7588,239342,5189.323765,18375,38099.435,0.8017751479,0.9970141255,0.975,0.9687882497,0.7654182633,0.02449974987,78,8393,0,0.229192381,3.381805977,0,0,0,1,,356310
S04-surge-high,errra-no-floor,100014,304115.8643,241829,5286.119294,18400,38600.745,0.8077835261,0.9955893536,0.9772403983,0.9715133531,0.7737375533,0.02071653158,116,8255,0,0.4113490834,3.227447559,0,0,0,1,,337630
S04-surge-high,errra-no-floor,100015,303814.8317,241420.5,5114.856706,18400,38879.475,0.8103424785,0.9951866142,0.9818746763,0.9785016287,0.7787398476,0.01812532367,126,8558,0,0.3448240962,3.297070663,0,0,0,1,,338320
S04-surge-high,errra-no-floor,100016,298620.4115,236714.8,5199.291529,18775,37931.32,0.8026173262,0.9987990547,0.9845386534,0.9807811531,0.7656576877,0.01546134663,31,8276,0,0.08950983299,3.47329773,0,0,0,1,,338250
S04-surge-high,errra-no-floor,100017,305623.1308,243235.8,5278.610824,18800,38308.72,0.8008172853,0.9937601022,0.974137931,0.9675870348,0.7639883178,0.02131412376,166,8525,0,0.599734132,3.385372061,0,6,9,1,0.0105799608,371165
S04-surge-high,errra-no-floor,100018,303291.9271,240681.4,5184.842118,18600,38825.685,0.8069261492,0.996306591,0.9719350074,0.9650949173,0.772768276,0.02717832041,97,8913,0,0.323427846,3.620326958,0,0,0,1,,305985
S04-surge-high,errra-no-floor,100019,302542.9636,240493.5,5178.533647,19050,37820.93,0.8057072485,0.9986196319,0.9892420538,0.9871873093,0.7701772454,0.01075794621,36,8276,5,0.1191437745,3.165283807,0,0,0,1,,343315
S04-surge-high,errra-no-floor,100020,303500.8178,241283.2,5154.487765,18575,38488.13,0.804823582,0.9935599421,0.9768700787,0.9711302211,0.7760427846,0.02163886758,169,8708,0,0.5170908279,3.394992804,0,0,0,1,,352625
S04-surge-high,errra-no-floor,100021,300649.0951,238246.9,5198.335059,18775,38428.86,0.8018300686,0.9974081238,0.9738916256,0.9674247081,0.7649213805,0.02610837438,67,8334,0,0.1940354149,3.352550721,0,0,0,1,,354585
S04-surge-high,errra-no-floor,100022,303329.4892,240861.1,5173.329176,18350,38945.06,0.8141708431,0.9980962534,0.9784892446,0.9736180905,0.7835320151,0.02151075538,50,8061,0,0.1370623746,3.062406876,0,0,0,1,,311380
S04-surge-high,errra-no-floor,100023,306006.4408,242363.4,5225.090824,18825,39592.95,0.7972979606,0.9986032465,0.9819335938,0.9775485437,0.7626049297,0.01806640625,37,9071,0,0.1057103078,3.706677792,0,0,0,1,,350625
S04-surge-high,errra-no-floor,100024,304611.0779,241337.3,5255.092941,18350,39668.685,0.806301468,0.9979519078,0.9816513761,0.9783263095,0.7690906139,0.01834862385,54,8625,0,0.1439189189,3.480474585,0,0,0,1,,329965
S04-surge-high,errra-no-floor,100025,302668.6599,239859.4,5152.989882,18425,39231.27,0.8046292615,0.993464549,0.9677259186,0.9599260173,0.768734732,0.0287065732,172,8344,0,0.6813053276,3.411527184,0,7,9,1,0.007828365462,347315
S04-surge-high,errra-no-floor,100026,296705.1214,235175.8,5065.681412,18700,37763.64,0.8040569593,0.9975081763,0.9791252485,0.9739292365,0.7742790791,0.02087475149,64,8042,0,0.1853126464,3.337430761,0,0,0,1,,339775
S04-surge-high,errra-no-floor,100027,304109.196,241865.8,5174.436,18650,38418.96,0.8095325863,0.9967843226,0.986391129,0.9841872233,0.7767349261,0.01212998616,85,8253,0,0.2956391229,3.250774108,0,0,8,1,,329845
S04-surge-high,errra-no-floor,100028,301554.2733,239689.1,5167.343294,18625,38072.83,0.8112198467,0.9989986906,0.9908768373,0.9885641677,0.7760666086,0.008960798676,26,8063,1,0.09878264653,3.252745746,0,0,0,1,,301715
S04-surge-high,errra-no-floor,100029,300152.9899,238033,5106.249882,18375,38638.74,0.8054547495,0.9976639093,0.9713423831,0.964330413,0.7705394191,0.02865761689,61,8514,0,0.1934050903,3.377991445,0,0,0,1,,335680
S04-surge-high,errra-no-floor,100030,300335.0712,238634.1,5134.341176,18475,38091.63,0.8117601275,0.9981452859,0.9798387097,0.9750156152,0.775147821,0.02010504735,48,8174,0,0.1554505577,3.313749859,0,0,0,1,,311980
S04-surge-high,errra-no-floor,100031,300356.4654,238112.2,5119.645412,18425,38699.62,0.8010966975,0.9971148736,0.9828094303,0.9790769231,0.7676879428,0.0169163417,76,8626,0,0.2671933354,3.498415606,0,0,7,1,,352715
S04-surge-high,errra-no-floor,100032,302538.5739,240465.6,5196.088941,18175,38701.885,0.8091386879,0.9977598056,0.9833169774,0.980173482,0.7802051944,0.01602375436,59,8134,0,0.1560800635,3.234885303,0,0,0,1,,326100
S04-surge-high,errra-no-floor,100033,297392.4817,236210.8,5114.796706,18800,37266.885,0.806339797,0.9980629915,0.9788944724,0.9736015085,0.7705168291,0.02110552764,50,8191,0,0.1700558311,3.394315784,0,0,0,1,,303500
S04-surge-high,errra-no-floor,100034,302333.154,240059.2,5184.264,18275,38814.69,0.8136286752,0.9972796935,0.9800796813,0.9751861042,0.7802070303,0.01992031873,71,8362,0,0.2082635233,3.30665141,0,0,0,1,,309215
S04-surge-high,errra-no-floor,100035,299613.3878,237741.2,5090.467765,18375,38406.72,0.8032720967,0.9967875527,0.9797468354,0.9765228426,0.7688703894,0.02025316456,83,8556,0,0.2247057703,3.449988691,0,0,0,1,,362810
S04-surge-high,errra-no-floor,100036,299091.9115,237801.6,5174.456471,18675,37440.855,0.8096958294,0.998297543,0.978553616,0.9734848485,0.7761068114,0.02144638404,44,8109,0,0.1235439172,3.387870806,0,0,0,1,,301170
S04-surge-high,errra-no-floor,100037,303450.1495,240612.7,5131.304471,17875,39831.145,0.7918692331,0.9931773136,0.9795204795,0.9756402249,0.7556216813,0.02047952048,179,9029,0,0.5758351745,3.539202798,0,0,8,1,,394420
S04-surge-high,errra-no-floor,100038,305450.9581,242734.9,5222.738118,18600,38893.32,0.8072451247,0.9980178394,0.9809904952,0.9768605378,0.7725008542,0.01900950475,52,8485,21,0.1444936892,3.314292767,0,0,0,1,,322180
S04-surge-high,errra-no-floor,100039,303463.9798,241021.5,5169.259765,18475,38798.22,0.8078117461,0.9976352124,0.9822485207,0.9784615385,0.7737371208,0.01775147929,62,8421,0,0.1712933702,3.303636161,0,0,0,1,,334330
S04-surge-high,errra-no-floor,100040,301104.1538,238770.1,5154.518824,18325,38854.535,0.8007993006,0.9945446104,0.9736441967,0.9670468948,0.7655932854,0.02635580335,141,8654,0,0.412409808,3.454926939,0,0,0,1,,352500
S04-surge-high,errra-no-floor,100041,299100.2204,237133.1,5057.190353,18275,38634.93,0.8060376883,0.9976260897,0.9825262107,0.9788161994,0.7723972266,0.01685445482,61,8531,0,0.1764694754,3.343782694,0,0,0,1,,299500
S04-surge-high,errra-no-floor,100042,301308.0109,239347.9,5198.320941,18325,38436.79,0.8014866475,0.9968377338,0.9769381747,0.9734239802,0.7644314551,0.02306182532,83,8239,0,0.2632150059,3.25357391,0,0,0,1,,365285
S04-surge-high,errra-no-floor,100043,301428.8928,239176.1,5143.142824,18250,38859.65,0.8113943809,0.9989662698,0.9865269461,0.9855889724,0.7823996543,0.01347305389,27,8173,0,0.06054644675,3.164399683,0,0,0,1,,329755
S04-surge-high,errra-no-floor,100044,295841.1752,235282.1,5148.405176,18775,36635.67,0.8049376743,0.992692458,0.9841584158,0.9801980198,0.7676750794,0.01253907425,187,8212,0,0.7536254073,3.362380473,0,7,9,1,0.009707724723,321045
S04-surge-high,errra-no-floor,100045,303418.4455,241419.4,5215.995529,18775,38008.05,0.8141231865,0.9984486151,0.9856790123,0.9833127318,0.7805930695,0.01432098765,41,8144,0,0.1411762409,3.258785391,0,0,0,1,,291575
S04-surge-high,errra-no-floor,100046,301969.9411,240250.7,5160.751059,18650,37908.49,0.8092665723,0.997823763,0.9836633663,0.9796672828,0.7739721104,0.01617315483,57,8326,0,0.1870811048,3.289657999,0,0,0,1,,316070
S04-surge-high,errra-no-floor,100047,301872.8722,240185.1,5185.377176,18475,38027.395,0.8184040205,0.9991562152,0.9895157264,0.9868667917,0.7836572486,0.01048427359,22,7846,0,0.06377788442,3.133584407,0,0,0,1,,265730
S04-surge-high,errra-no-floor,100048,301204.3311,239329,5200.886118,18075,38599.445,0.8008061095,0.9972266091,0.9774887444,0.9723791588,0.7667778203,0.02251125563,72,8663,0,0.2029883619,3.375652,0,0,0,1,,364500
S04-surge-high,errra-no-floor,100049,308220.8183,245017,5246.063294,18725,39232.755,0.8026282137,0.9968121812,0.9743073048,0.969259724,0.7682229128,0.02569269521,85,8500,0,0.2243738412,3.230924746,0,0,0,1,,377215
S04-surge-high,errra-no-floor,100050,299983.7749,237823.1,5159.944941,18250,38750.73,0.8013921931,0.9970612119,0.9802731411,0.9754716981,0.7653859543,0.01837877148,76,8629,0,0.2445779856,3.649056556,0,0,0,1,,331300
S04-surge-high,errra-no-floor,100051,304637.1124,242549.3,5231.677412,18900,37956.135,0.798438793,0.9975250352,0.9787341772,0.9735015773,0.7592718795,0.02043322953,65,8370,0,0.2072576213,3.395835135,0,0,0,1,,370050
S04-surge-high,errra-no-floor,100052,304250.6821,242058.7,5256.902118,18350,38585.08,0.8173901228,0.9975405804,0.9823702253,0.979204893,0.7845851216,0.01658713631,65,8022,0,0.2425841104,3.085431233,0,0,8,1,,310380
S04-surge-high,errra-no-floor,100053,298899.2774,237203.9,5108.622353,18625,37961.755,0.8100909512,0.9969935245,0.9775449102,0.9721016739,0.7781694666,0.02126737419,78,8515,0,0.2495707937,3.453066944,0,0,0,1,,318860
S04-surge-high,errra-no-floor,100054,305255.8002,242255.8,5250.885176,18675,39074.115,0.7992104614,0.9920941141,0.9704314106,0.9636363636,0.7654061375,0.02644101742,209,8672,0,0.8092434106,3.475524303,0,7,10,1,0.008492225828,376250
S04-surge-high,errra-no-floor,100055,303467.6676,241093.7,5145.922588,18775,38453.045,0.8009475749,0.9969069803,0.9770802192,0.9738154613,0.7657513855,0.02152942428,81,8905,0,0.2338580834,3.716862639,0,0,0,1,,341150
S04-surge-high,errra-no-floor,100056,302669.9169,240263.3,5095.996941,18200,39110.62,0.8000370142,0.9959337235,0.9638308711,0.9552332913,0.7659669896,0.03616912888,107,8730,0,0.3388536698,3.496335595,0,0,0,1,,348300
S04-surge-high,errra-no-floor,100057,304008.7189,240732,5211.388941,18575,39490.33,0.8125161911,0.9971799855,0.9802028006,0.976004799,0.7796359884,0.01979719942,74,8349,0,0.2761789248,3.270036885,0,0,8,1,,308580
S04-surge-high,errra-no-floor,100058,305465.8901,242948.6,5159.210118,18100,39258.08,0.8080806847,0.9983031034,0.9803439803,0.9766153846,0.7770791357,0.01965601966,45,8871,0,0.1170691875,3.338160417,0,0,0,1,,325390
S04-surge-high,errra-no-floor,100059,306987.8571,243887.9,5207.107059,19300,38592.85,0.8054659235,0.9969619683,0.9788838612,0.9749216301,0.7728447513,0.02019452974,81,8695,0,0.28189549,3.564168378,0,0,8,1,,329480
S04-surge-high,errra-no-floor,100060,301913.2634,239746.2,5243.358353,19125,37798.705,0.8130581884,0.9966669221,0.9798367739,0.9748803828,0.7784269335,0.02016322612,87,7885,15,0.2634136314,3.177376421,0,0,5,1,,316160
S04-surge-high,errra-no-floor,100061,303728.4152,240838.4,5179.365176,18000,39710.65,0.8022569637,0.9980134474,0.9738824711,0.9679446889,0.7664793506,0.02611752888,52,8756,0,0.1475841985,3.427911446,0,0,0,1,,337380
S04-surge-high,errra-no-floor,100062,299322.0621,237616.4,5143.622118,18775,37787.04,0.8028728029,0.9980538689,0.987,0.9843260188,0.7689965703,0.01234458463,50,8295,0,0.1645257431,3.323404523,0,0,0,1,,329315
S04-surge-high,errra-no-floor,100063,303772.3735,241459.9,5184.188471,18275,38853.285,0.7940015101,0.9937245655,0.9784735812,0.9730392157,0.7557003257,0.01923208906,165,9057,0,0.5403299076,3.754873928,0,3,7,1,0.004428272683,371400
S04-surge-high,errra-no-floor,100064,307410.4699,243834.9,5293.444941,18725,39557.125,0.8012881738,0.9942163756,0.9650717703,0.9564179104,0.7685923921,0.03492822967,153,9103,0,0.4482005844,3.704687385,0,0,0,1,,342780
S04-surge-high,errra-no-floor,100065,303871.1603,241060.2,5262.515294,18100,39448.445,0.8027646453,0.9973954343,0.9797730636,0.9752628324,0.7680691372,0.02022693636,68,8670,0,0.1919883306,3.545856134,0,0,0,1,,334450
S04-surge-high,errra-no-floor,100066,302685.1532,240471.9,5148.448235,18450,38614.805,0.8072939333,0.9986212179,0.9824987846,0.9793061473,0.7733190655,0.01750121536,36,8546,0,0.0940503349,3.477425612,0,0,0,1,,314880
S04-surge-high,errra-no-floor,100067,306154.3553,242485.7,5189.795294,18150,40328.86,0.8082208634,0.9982855837,0.9812753036,0.976758794,0.7774562369,0.01872469636,45,8711,0,0.1278607782,3.365952683,0,0,0,1,,321680
S04-surge-high,errra-no-floor,100068,302341.5248,240300.7,5160.859765,18575,38304.965,0.8042818757,0.9974400122,0.982017982,0.9799874922,0.767388846,0.01670700274,67,8596,0,0.1828042649,3.421822955,0,0,0,1,,342715
S04-surge-high,errra-no-floor,100069,300613.8384,239249.6,5179.153412,18850,37335.085,0.8094408423,0.9975500517,0.9885172242,0.986825596,0.7743932325,0.01052400307,64,8008,0,0.2405853251,3.202842458,0,0,8,1,,326265
S04-surge-high,errra-no-floor,100070,302216.5431,240535.3,5146.663059,18450,38084.58,0.807086224,0.9990808472,0.9880418535,0.9850374065,0.7727765053,0.01195814649,24,8376,0,0.06993782409,3.144425173,0,0,0,1,,326470
S04-surge-high,errra-no-floor,100071,301483.9587,239431.7,5166.708706,18250,38635.55,0.8110801315,0.9980723263,0.9796121333,0.97625,0.7754855701,0.02038786673,50,8151,0,0.1296129538,3.25174729,0,0,0,1,,311720
S04-surge-high,errra-no-floor,100072,305279.7579,243015.5,5158.917882,18000,39105.34,0.7993589273,0.9982268166,0.9865134865,0.9837398374,0.7635947942,0.01348651349,47,9004,0,0.1298967981,3.479470993,0,0,0,1,,354315
S04-surge-high,errra-no-floor,100073,299841.1862,237712.5,5137.221176,19000,37991.465,0.8088084585,0.9981778002,0.986,0.9825109307,0.7731468076,0.014,47,8076,0,0.1359134881,3.217899368,0,0,0,1,,340425
S04-surge-high,errra-no-floor,100074,302243.3047,240518.2,5227.884706,19000,37497.22,0.8045071614,0.9987742281,0.9843520782,0.9816401469,0.7642627652,0.01564792176,32,8122,0,0.08352513426,3.320142855,0,0,0,1,,333855
S04-surge-high,errra-no-floor,100075,302353.3459,239842.5,5212.120941,18350,38948.725,0.8031232156,0.9974720392,0.9762826718,0.9709443099,0.7691237076,0.02371732817,66,8448,0,0.1856040492,3.410064798,0,0,0,1,,343555
S04-surge-high,errra-no-floor,100076,302290.1449,239626.2,5121.789882,17875,39667.155,0.8121284481,0.997412284,0.9929149798,0.9912115505,0.7808011148,0.005180569269,68,8269,0,0.2558084743,3.36227396,0,0,9,1,,297205
S04-surge-high,errra-no-floor,100077,302651.963,240970.9,5152.008,18450,38079.055,0.8042354861,0.9980928405,0.982,0.9781386633,0.7702536277,0.018,50,8229,0,0.1736370091,3.240517753,0,0,0,1,,327490
S04-surge-high,errra-no-floor,100078,302076.0053,240086.1,5207.855294,18125,38657.05,0.8078267468,0.997787695,0.9735034347,0.968845449,0.7746025979,0.02649656526,58,8202,0,0.1476452118,3.345511313,0,0,0,1,,325475
S04-surge-high,errra-no-floor,100079,304764.4211,242381.5,5194.646118,18875,38313.275,0.8162092782,0.9958417622,0.9769607843,0.9718826406,0.7836589509,0.02223172215,111,8112,0,0.4025367568,3.188924882,0,0,8,1,,301175
S04-surge-high,errra-no-floor,100080,305070.2058,242623.2,5189.695765,18300,38957.31,0.8174085381,0.9984068581,0.9789894947,0.973766396,0.78948407,0.02101050525,42,8238,0,0.1226251282,3.0844207,0,0,0,1,,300875
S04-surge-high,errra-no-floor,100081,301004.0292,239082.1,5212.384235,18425,38284.545,0.8098251959,0.9978711051,0.9829744617,0.9787897692,0.7759047637,0.01620734161,55,8098,0,0.1885135959,3.163778381,0,0,0,1,,317635
S04-surge-high,errra-no-floor,100082,304319.6878,241732.9,5212.387765,19000,38374.4,0.8000247372,0.9975706043,0.9802314368,0.9757722592,0.7627200515,0.01976856316,64,8526,0,0.1769647242,3.568039579,0,0,0,1,,338500
S04-surge-high,errra-no-floor,100083,302562.3527,239867.3,5161.992706,17975,39558.06,0.8011758153,0.9977124557,0.9730120482,0.9661222021,0.766914184,0.02698795181,60,8974,0,0.1887346373,3.548585927,0,0,0,1,,345200
S04-surge-high,errra-no-floor,100084,298607.9569,236711.4,5176.696941,18475,38244.86,0.7910510123,0.9977372918,0.9792694965,0.9740580605,0.7516781006,0.02021686346,58,8611,0,0.1638916706,3.620731568,0,0,0,1,,383250
S04-surge-high,errra-no-floor,100085,302176.4216,240199.1,5200.426588,18250,38526.895,0.8004491259,0.9982401775,0.978313253,0.9727272727,0.7688808819,0.02168674699,46,8484,14,0.1356541641,3.310207069,0,0,0,1,,369570
S04-surge-high,errra-no-floor,100086,305288.3356,242930.3,5255.525647,19150,37952.51,0.7966532881,0.9974792804,0.974609375,0.9682539683,0.7602494432,0.02522548133,66,8688,0,0.2221584171,3.427909849,0,0,0,1,,364140
S04-surge-high,errra-no-floor,100087,302598.2139,240008.3,5215.413882,18450,38924.5,0.8061019472,0.9964878794,0.9804496579,0.9763636364,0.7702403057,0.0186053727,92,8641,0,0.300066284,3.630323701,0,0,7,1,,311665
S04-surge-high,errra-no-floor,100088,305783.9191,243328.2,5179.339059,18800,38476.38,0.8112938691,0.9993586116,0.9945164506,0.9949937422,0.7748480845,0.005483549352,17,8372,0,0.05217650805,3.473448229,0,0,0,1,,289210
S04-surge-high,errra-no-floor,100089,306364.4005,243736.1,5224.815529,18550,38853.485,0.809538978,0.9978874302,0.9718026183,0.9648902821,0.7771020249,0.02819738167,56,8253,0,0.1584856639,3.252220575,0,0,0,1,,324515
S04-surge-high,errra-no-floor,100090,300773.2198,238584.6,5175.674824,18075,38937.945,0.8038341227,0.9971335606,0.9765586035,0.9705329154,0.7698878217,0.02344139651,74,8617,1,0.2187238136,3.41690431,0,0,0,1,,342170
S04-surge-high,errra-no-floor,100091,304855.2778,242179.6,5181.547765,18300,39194.13,0.8130423544,0.9991605617,0.9889001009,0.9867924528,0.7815301747,0.01109989909,22,8590,0,0.05905644373,3.189370161,0,0,0,1,,303405
S04-surge-high,errra-no-floor,100092,299660.1534,237355.7,5124.673412,18350,38829.78,0.8007398119,0.9969161977,0.9717457114,0.9660163625,0.7684489535,0.02780419295,80,8730,0,0.2835452186,3.588664577,0,0,0,1,,337880
S04-surge-high,errra-no-floor,100093,304398.6632,242115,5167.408235,18200,38916.255,0.8096439516,0.9990891149,0.9878665319,0.9854522454,0.7772565342,0.01213346815,24,8608,0,0.06481032467,3.338436735,0,0,0,1,,316150
S04-surge-high,errra-no-floor,100094,304650.0801,242076.5,5139.710118,18325,39108.87,0.8122332157,0.9987444833,0.9876670092,0.9852941176,0.7810725664,0.01233299075,33,8338,0,0.1188302596,3.305472625,0,0,0,1,,306895
S04-surge-high,errra-no-floor,100095,298699.9296,236854.5,5152.769647,18000,38692.66,0.8031231095,0.9979766537,0.9860696517,0.9826625387,0.768839779,0.01393034826,52,8634,0,0.1541857462,3.407579653,0,0,0,1,,340720
S04-surge-high,errra-no-floor,100096,300415.9495,238576.6,5189.199529,18400,38250.15,0.8141230411,0.9982220848,0.9839883552,0.9799878714,0.7800508236,0.01601164483,46,8092,0,0.1321902172,3.201723728,0,0,0,1,,294450
S04-surge-high,errra-no-floor,100097,303797.5608,241229.8,5213.090824,18850,38504.67,0.8027077151,0.9971757881,0.976366322,0.9710234279,0.7693859336,0.02280659374,74,8407,0,0.2365574191,3.341048467,0,0,0,1,,360445
S04-surge-high,errra-no-floor,100098,302440.7372,240362.3,5250.532235,19025,37802.905,0.8134975431,0.9989601386,0.9906080079,0.9894344313,0.7798418112,0.009391992091,27,7985,0,0.06906497772,3.162343721,0,0,0,1,,309760
S04-surge-high,errra-no-floor,100099,304092.3819,241893.7,5185.156941,18475,38538.525,0.8155367232,0.9990563901,0.9878345499,0.9853031231,0.7808582149,0.01216545012,25,8385,0,0.06641112432,3.345983788,0,0,0,1,,291360
S04-surge-high,errra-no-floor,100100,297695.1204,236515.7,5152.650353,18525,37501.77,0.8067242769,0.9977817559,0.9717821782,0.965238982,0.7734842331,0.02821782178,57,8288,7,0.1631137755,3.235626827,0,0,0,1,,342890
S04-surge-high,errra-no-vulnerability,100001,306248.5333,242108.4,5247.923294,19800,39092.21,0.7992243179,0.9976110121,0.9762962963,0.9714285714,0.7657150035,0.02337892293,63,8840,0,0.1756439014,3.583923123,0,0,0,1,,367390
S04-surge-high,errra-no-vulnerability,100002,303501.6266,240285.6,5214.161647,19950,38051.865,0.8051259556,0.9986890303,0.9890927119,0.9863945578,0.773109551,0.01090728805,34,8616,0,0.09820514514,3.450169194,0,0,0,1,,325880
S04-surge-high,errra-no-vulnerability,100003,300962.2904,238314.7,5138.730353,20025,37483.86,0.8017557242,0.9974977865,0.9742446756,0.9696029777,0.7652235966,0.02575532442,65,8223,0,0.2036699691,3.419510548,0,0,0,1,,337760
S04-surge-high,errra-no-vulnerability,100004,305681.9669,242386.4,5223.561882,18950,39122.005,0.7987918848,0.9978211009,0.9874812218,0.9842866122,0.7659750888,0.01251877817,57,8775,0,0.1597131377,3.538193026,0,0,0,1,,357175
S04-surge-high,errra-no-vulnerability,100005,303673.0906,240405.9,5197.985647,18325,39744.205,0.8162848746,0.9994279176,0.9926542605,0.9908256881,0.7816786298,0.007345739471,15,8331,0,0.04401534516,3.157241752,0,0,0,1,,283615
S04-surge-high,errra-no-vulnerability,100006,302129.128,238915.7,5140.248,19525,38548.18,0.8054878655,0.9987032305,0.9841191067,0.9819763828,0.7731477324,0.0158808933,34,8317,0,0.08169485152,3.311443207,0,0,0,1,,332600
S04-surge-high,errra-no-vulnerability,100007,306532.4252,242766.6,5241.520235,20150,38374.305,0.8088237113,0.9980584003,0.9856079404,0.9819651741,0.7765582195,0.01356847201,51,8273,0,0.1564486377,3.232858927,0,0,0,1,,331310
S04-surge-high,errra-no-vulnerability,100008,302172.3925,239608.7,5043.512471,19275,38245.18,0.8100466682,0.9988132154,0.9922640536,0.9915639195,0.7766588839,0.007735946364,31,8231,0,0.08381077465,3.145661835,0,0,0,1,,330335
S04-surge-high,errra-no-vulnerability,100009,305475.3704,241932.6,5194.465412,19125,39223.305,0.7985012901,0.9973988218,0.9765,0.9717691343,0.763313715,0.0235,68,8706,0,0.1866656784,3.472377566,0,0,0,1,,368960
S04-surge-high,errra-no-vulnerability,100010,308937.8426,245026.8,5249.842588,19075,39586.2,0.8032197734,0.9989077624,0.9858051884,0.9829476248,0.7721264672,0.01419481155,29,8742,0,0.07893474704,3.411871845,0,0,0,1,,344935
S04-surge-high,errra-no-vulnerability,100011,300406.1099,238105.1,5090.889882,19500,37710.12,0.8137673626,0.9978375039,0.9740389416,0.9675405743,0.7813250382,0.02584846482,56,8317,0,0.1615574359,3.187547751,0,0,0,1,,299565
S04-surge-high,errra-no-vulnerability,100012,301571.4981,238626.5,5160.163059,19400,38384.835,0.8064159429,0.9984300211,0.9873294347,0.9859413203,0.7709668731,0.0126705653,41,8371,0,0.1072613499,3.406512853,0,0,0,1,,336545
S04-surge-high,errra-no-vulnerability,100013,301718.206,239145.7,5155.716,19250,38166.79,0.801812441,0.9982390996,0.987745098,0.9847001224,0.7651652086,0.01175465184,46,8509,0,0.1566396391,3.424680523,0,0,0,1,,342925
S04-surge-high,errra-no-vulnerability,100014,304755.4876,241647,5241.142588,19225,38642.345,0.8070585055,0.9981368821,0.9824561404,0.978041543,0.772688478,0.01754385965,49,8326,0,0.1367518099,3.248313406,0,0,0,1,,328095
S04-surge-high,errra-no-vulnerability,100015,304810.9979,241094.3,5131.552941,19575,39010.145,0.8054747012,0.9974787027,0.9854997411,0.9830618893,0.7704211242,0.01450025893,66,8357,0,0.1768851258,3.380405029,0,0,0,1,,348985
S04-surge-high,errra-no-vulnerability,100016,298568.3095,235892.8,5166.644471,19700,37808.865,0.8086253369,0.9989152752,0.9860349127,0.9826410415,0.774192354,0.01396508728,28,8109,0,0.08098710572,3.389890924,0,0,0,1,,311275
S04-surge-high,errra-no-vulnerability,100017,306969.6971,243430.3,5280.427059,20025,38233.97,0.8033131867,0.997631846,0.9808429119,0.9759903962,0.7667842006,0.01822558127,63,8437,0,0.1766040797,3.346807938,0,0,0,1,,352825
S04-surge-high,errra-no-vulnerability,100018,304261.53,240708,5170.02,20050,38333.51,0.8115402744,0.9974869588,0.9753815854,0.9693815064,0.7790466912,0.02461841457,66,8369,0,0.1873188484,3.325047754,0,0,0,1,,310905
S04-surge-high,errra-no-vulnerability,100019,303599.8884,240592.3,5203.153412,20125,37679.435,0.8144522261,0.9988496933,0.9892420538,0.9871873093,0.779590583,0.01075794621,30,7848,0,0.08189081004,3.080595604,0,0,0,1,,307375
S04-surge-high,errra-no-vulnerability,100020,302649.728,239373.9,5133.648,19300,38842.18,0.7971812813,0.9980565506,0.9896653543,0.9871007371,0.7654003005,0.01033464567,51,8855,0,0.1459566835,3.609895291,0,0,0,1,,361995
S04-surge-high,errra-no-vulnerability,100021,301373.2421,238380.7,5171.642118,19450,38370.9,0.8062177332,0.9981818182,0.9837438424,0.9797172711,0.7723027258,0.01625615764,47,8362,0,0.1383799296,3.299011213,0,0,0,1,,345080
S04-surge-high,errra-no-vulnerability,100022,304258.9066,241229.8,5211.581647,18975,38842.525,0.8139368789,0.998324703,0.9814907454,0.9773869347,0.7823898922,0.01850925463,44,8093,0,0.1196205142,3.00135453,0,0,0,1,,315695
S04-surge-high,errra-no-vulnerability,100023,305376.6619,241929.8,5236.696941,19300,38910.165,0.8029180062,0.9986409966,0.9858398438,0.9824029126,0.7727993726,0.01416015625,36,8621,0,0.102836367,3.279456156,0,0,0,1,,356435
S04-surge-high,errra-no-vulnerability,100024,304102.7013,240320.5,5238.311294,19075,39468.89,0.8074496586,0.9983311841,0.9864799614,0.984346779,0.7714899067,0.01352003863,44,8415,0,0.1189978822,3.345346124,0,0,0,1,,324470
S04-surge-high,errra-no-vulnerability,100025,305126.5212,240999.8,5175.441176,19825,39126.28,0.8060828943,0.9977581883,0.9712015889,0.9642416769,0.7703154189,0.02879841112,59,8303,0,0.1703966116,3.358649737,0,0,0,1,,327060
S04-surge-high,errra-no-vulnerability,100026,298572.0059,236579.4,5100.400941,19125,37767.205,0.8037407998,0.9982479365,0.9855864811,0.9819987585,0.7744802238,0.01441351889,45,8392,0,0.1328962265,3.343323975,0,0,0,1,,347210
S04-surge-high,errra-no-vulnerability,100027,305813.0102,242330.3,5181.825176,19725,38575.885,0.8087830532,0.9991298755,0.9884072581,0.9867172676,0.7744773891,0.01159274194,23,8406,0,0.0593133175,3.339329598,0,0,0,1,,321510
S04-surge-high,errra-no-vulnerability,100028,301733.4212,239252.9,5175.501176,19250,38055.02,0.8112323132,0.9993067858,0.9908768373,0.9885641677,0.7762842838,0.009123162696,18,8164,0,0.05159697402,3.236539301,0,0,0,1,,295175
S04-surge-high,errra-no-vulnerability,100029,303166.0469,239932.8,5152.996941,19475,38605.25,0.8108670982,0.9980851716,0.9748617396,0.9687108886,0.7778639726,0.02513826043,50,8382,0,0.149767617,3.369735743,0,0,0,1,,315585
S04-surge-high,errra-no-vulnerability,100030,301344.5976,238184,5116.462588,19925,38119.135,0.8094377283,0.9984157651,0.9798387097,0.9750156152,0.7716804146,0.02016129032,41,8174,0,0.11498813,3.328989819,0,0,0,1,,313810
S04-surge-high,errra-no-vulnerability,100031,304323.7166,240878,5166.041647,19700,38579.675,0.8028667624,0.9986713234,0.9847740668,0.9815384615,0.7692225335,0.0152259332,35,8626,0,0.09480937806,3.441538347,0,0,0,1,,353175
S04-surge-high,errra-no-vulnerability,100032,304348.7515,240754.7,5218.676471,19625,38750.375,0.8078649601,0.9980635608,0.9847890088,0.9820322181,0.7780348687,0.01455172296,51,8229,0,0.1332748592,3.275978483,0,0,0,1,,325135
S04-surge-high,errra-no-vulnerability,100033,299431.0534,236956.5,5121.318353,20025,37328.235,0.8037777555,0.9983729129,0.9788944724,0.9736015085,0.7656796027,0.02110552764,42,8243,0,0.1235442032,3.441826585,0,0,0,1,,312410
S04-surge-high,errra-no-vulnerability,100034,302788.5244,239789.3,5203.069412,19050,38746.155,0.8151087011,0.9977011494,0.9855577689,0.9820099256,0.7824731241,0.01444223108,60,8369,0,0.1756225737,3.271329785,0,0,0,1,,304295
S04-surge-high,errra-no-vulnerability,100035,300018.7571,237493.4,5036.587059,18975,38513.77,0.8025055917,0.9982583117,0.9863291139,0.9847715736,0.7682757627,0.01367088608,45,8475,0,0.1150210677,3.501093212,0,0,0,1,,351830
S04-surge-high,errra-no-vulnerability,100036,299399.4675,237507.3,5170.472471,19350,37371.695,0.8098463468,0.9983749275,0.9795511222,0.9747474747,0.7754832557,0.02044887781,42,8181,0,0.1176267574,3.343417999,0,0,0,1,,300280
S04-surge-high,errra-no-vulnerability,100037,304841.2564,241184.8,5135.586353,18800,39720.87,0.79546582,0.9981323372,0.9885114885,0.986883198,0.7591497096,0.01148851149,49,8809,0,0.1296736311,3.48878857,0,0,0,1,,371915
S04-surge-high,errra-no-vulnerability,100038,305724.6066,242135.1,5172.761647,19500,38916.745,0.8061589731,0.9985133796,0.9854927464,0.9824890557,0.7720872521,0.01450725363,39,8443,0,0.1079535624,3.314391508,0,0,0,1,,335275
S04-surge-high,errra-no-vulnerability,100039,303933.0291,240360.4,5179.814118,19575,38817.815,0.8080096997,0.9986268976,0.9861932939,0.9833846154,0.7742379794,0.01380670611,36,8436,0,0.09804485115,3.305615698,0,0,0,1,,332505
S04-surge-high,errra-no-vulnerability,100040,302394.6112,239193.8,5203.816235,19125,38871.995,0.8027101286,0.998684516,0.9853015712,0.9816223067,0.7712801946,0.01469842879,34,8746,0,0.0976127477,3.46379418,0,0,0,1,,332570
S04-surge-high,errra-no-vulnerability,100041,297941.1646,235815.9,5061.089647,18425,38639.175,0.8046889771,0.9982876712,0.9855217174,0.9825545171,0.7711233645,0.01447828258,44,8546,14,0.1264431773,3.330888007,0,0,0,1,,310085
S04-surge-high,errra-no-vulnerability,100042,303726.1601,240727.8,5220.230118,19300,38478.13,0.8037327509,0.9976378253,0.9789008832,0.9758961681,0.7672451351,0.02109911678,62,8515,0,0.1565011508,3.283294451,0,0,0,1,,353135
S04-surge-high,errra-no-vulnerability,100043,304082.9708,241115.7,5191.130824,19050,38726.14,0.8141197166,0.9991577013,0.9890219561,0.9887218045,0.786667387,0.01097804391,22,8071,0,0.04530254431,3.103996333,0,0,0,1,,317365
S04-surge-high,errra-no-vulnerability,100044,294244.2491,232658.9,5084.294118,19850,36651.055,0.8089611531,0.9983978116,0.9930693069,0.9913366337,0.7730978513,0.006816498711,41,8161,0,0.1730277414,3.357211067,0,0,8,1,,302260
S04-surge-high,errra-no-vulnerability,100045,306033.3894,242756.7,5240.514353,20050,37986.175,0.8163542013,0.998902679,0.9856790123,0.9833127318,0.7839198691,0.01432098765,29,8298,0,0.07106842841,3.244869282,0,0,0,1,,285535
S04-surge-high,errra-no-vulnerability,100046,301746.5058,239119.4,5161.730824,19550,37915.375,0.8081613392,0.9982055589,0.9851485149,0.9815157116,0.7725704428,0.01440839459,47,8333,0,0.1607115936,3.286950798,0,0,0,1,,329420
S04-surge-high,errra-no-vulnerability,100047,300785.8378,237931.4,5120.882824,19675,38058.555,0.8164336754,0.9994630461,0.9935097354,0.9918699187,0.7816066924,0.006490264603,14,7990,0,0.04069552463,3.129369365,0,0,0,1,,266360
S04-surge-high,errra-no-vulnerability,100048,301548.6602,238614.5,5150.200235,19100,38683.96,0.7982979361,0.9981510728,0.9874937469,0.9849340866,0.7636618743,0.01250625313,48,8759,0,0.1344153148,3.415395942,0,0,0,1,,365210
S04-surge-high,errra-no-vulnerability,100049,309315.6596,245593.9,5228.669647,19450,39043.09,0.8063427882,0.9977122712,0.9863979849,0.9843161857,0.7730081932,0.01360201511,61,8318,0,0.1594700257,3.118610627,0,0,0,1,,361150
S04-surge-high,errra-no-vulnerability,100050,298110.719,235424.6,5082.864,18925,38678.255,0.8035950304,0.9976412358,0.9817905918,0.9773584906,0.7677861449,0.01804496156,61,8681,0,0.1742151031,3.595659781,0,0,0,1,,329070
S04-surge-high,errra-no-vulnerability,100051,302448.4293,239815.1,5196.119294,19575,37862.21,0.8001062214,0.998400792,0.9787341772,0.9735015773,0.7610473458,0.02126582278,42,8345,0,0.1182928505,3.330990699,0,0,0,1,,365635
S04-surge-high,errra-no-vulnerability,100052,304613.1277,241365.7,5222.472706,19425,38599.955,0.8183412802,0.998486511,0.9872673849,0.9853211009,0.7852467811,0.01273261508,40,7998,0,0.1149537491,3.091545816,0,0,0,1,,297490
S04-surge-high,errra-no-vulnerability,100053,301662.6242,239197,5162.829176,19375,37927.795,0.8072510728,0.9977644157,0.9815369261,0.9770613763,0.7739282108,0.01846307385,58,8575,0,0.1695111453,3.45270414,0,0,0,1,,322040
S04-surge-high,errra-no-vulnerability,100054,306007.7865,242134.7,5213.331529,19350,39309.755,0.7980261535,0.9980329853,0.9801260301,0.9757575758,0.763231992,0.01987396995,52,9052,0,0.1427799155,3.618023686,0,0,0,1,,360235
S04-surge-high,errra-no-vulnerability,100055,304240.5826,240929.2,5156.482588,19700,38454.9,0.8001332527,0.9981670994,0.9780767314,0.9750623441,0.7648008322,0.0218676543,48,8953,0,0.1280483157,3.72058878,0,0,0,1,,339115
S04-surge-high,errra-no-vulnerability,100056,306455.1745,242573.8,5153.324471,19500,39228.05,0.7985317705,0.9974538269,0.9750382068,0.9691046658,0.7633656261,0.02496179317,67,8751,0,0.1807221183,3.579346083,0,0,0,1,,354740
S04-surge-high,errra-no-vulnerability,100057,305496.5628,242040.6,5233.687765,18700,39522.275,0.8124915189,0.998247018,0.9811685176,0.9772045591,0.7794402832,0.01883148238,46,8356,0,0.1274689701,3.308143049,0,0,0,1,,304280
S04-surge-high,errra-no-vulnerability,100058,307093.1082,243803,5160.208235,18850,39279.9,0.8069329296,0.9986801916,0.9842751843,0.9815384615,0.7765059404,0.01572481572,35,8689,0,0.08969838193,3.361274252,0,0,0,1,,336230
S04-surge-high,errra-no-vulnerability,100059,308052.1745,243612.7,5218.419529,20700,38521.055,0.8037669893,0.9976370865,0.9829059829,0.9799373041,0.7703664365,0.01676874332,63,8800,0,0.2244766512,3.523943972,0,0,8,1,,341180
S04-surge-high,errra-no-vulnerability,100060,303474.0524,240612.5,5244.282353,20150,37467.27,0.8212428788,0.9986207953,0.9827172348,0.9784688995,0.7871905353,0.01728276524,36,7605,0,0.1023753412,2.982324552,0,0,0,1,,276250
S04-surge-high,errra-no-vulnerability,100061,305626.3173,242064.2,5209.247294,18600,39752.87,0.8066427665,0.9990449267,0.9874434957,0.9849151477,0.77122469,0.01255650427,25,8737,0,0.067824488,3.475342179,0,0,0,1,,309530
S04-surge-high,errra-no-vulnerability,100062,297458.915,235542,5098.56,19125,37693.355,0.8013356013,0.9984820177,0.9885,0.9862068966,0.7681162078,0.0115,39,8214,0,0.1093825492,3.261929062,0,0,0,1,,344620
S04-surge-high,errra-no-vulnerability,100063,301888.2192,238666.6,5158.504235,19650,38413.115,0.8038298241,0.9984786825,0.9804305284,0.9754901961,0.7672620539,0.01956947162,40,8564,0,0.1116330816,3.477007439,0,0,0,1,,339150
S04-surge-high,errra-no-vulnerability,100064,307927.0089,243647.4,5280.088941,19475,39524.52,0.8003575539,0.9972782944,0.9799043062,0.9749253731,0.7658854538,0.02009569378,72,9201,0,0.2045411844,3.673695295,0,0,0,1,,349760
S04-surge-high,errra-no-vulnerability,100065,304911.3044,241160.4,5214.889412,19100,39436.015,0.8032982169,0.9977018538,0.9837197829,0.9802102659,0.7684119366,0.01628021707,60,8559,0,0.1684589188,3.516770279,0,0,0,1,,332395
S04-surge-high,errra-no-vulnerability,100066,303500.6825,240139.7,5156.247529,19575,38629.735,0.8023575345,0.9986595174,0.9829849295,0.97991479,0.7667023364,0.01701507049,35,8599,0,0.09176832673,3.4966241,0,0,0,1,,327410
S04-surge-high,errra-no-vulnerability,100067,306860.2955,242696.5,5157.675529,18650,40356.12,0.8065230497,0.9987427614,0.9873481781,0.9842964824,0.7762312254,0.01265182186,33,8737,0,0.09357894013,3.370529398,0,0,0,1,,329060
S04-surge-high,errra-no-vulnerability,100068,303428.8128,240002.7,5156.947765,20025,38244.165,0.8050372095,0.9987391105,0.9865134865,0.98561601,0.7677298918,0.01348651349,33,8582,0,0.07547023756,3.3878577,0,0,0,1,,339025
S04-surge-high,errra-no-vulnerability,100069,302608.1015,239879.7,5172.651529,20250,37305.75,0.8103991139,0.9991578303,0.9925112332,0.9918444166,0.7769891263,0.00748876685,22,8033,3,0.05519278376,3.191305863,0,0,0,1,,323290
S04-surge-high,errra-no-vulnerability,100070,303480.7122,241176.6,5152.972235,19100,38051.14,0.8059217047,0.9991574432,0.9890383657,0.9862842893,0.7701486177,0.01096163428,22,8165,0,0.06394980014,3.132928642,0,0,0,1,,331405
S04-surge-high,errra-no-vulnerability,100071,301100.41,238132.6,5154.42,19075,38738.39,0.8058038784,0.9980723263,0.9796121333,0.97625,0.7688467025,0.02038786673,50,8257,0,0.1296129538,3.316475163,0,0,0,1,,324265
S04-surge-high,errra-no-vulnerability,100072,307065.1833,243719.7,5178.203294,19225,38942.28,0.8014632117,0.9989813627,0.992007992,0.990619137,0.7663735491,0.007992007992,27,8757,0,0.07274667265,3.372556216,0,0,0,1,,356405
S04-surge-high,errra-no-vulnerability,100073,299994.0662,237538,5146.221176,19425,37884.845,0.8091458995,0.9974411662,0.986,0.9825109307,0.7735992471,0.014,66,8198,0,0.1911460463,3.147924113,0,0,0,1,,342640
S04-surge-high,errra-no-vulnerability,100074,303056.2034,240044.8,5218.873412,20225,37567.53,0.8056893269,0.9990040604,0.9872860636,0.9853121175,0.7653881759,0.01271393643,26,8113,0,0.06736402877,3.361083112,0,0,0,1,,331785
S04-surge-high,errra-no-vulnerability,100075,303435.6615,240205,5220.171529,19225,38785.49,0.806921721,0.9975486441,0.977250726,0.9721549637,0.7747812884,0.02274927396,64,8480,0,0.1742260172,3.328024529,0,0,0,1,,333635
S04-surge-high,errra-no-vulnerability,100076,303645.5404,239783,5116.230353,19125,39621.31,0.8099271199,0.9993150164,0.9939271255,0.9924670433,0.7776566855,0.006072874494,18,8375,0,0.05117068553,3.331803597,0,0,0,1,,295695
S04-surge-high,errra-no-vulnerability,100077,302537.146,240430.3,5194.596,18825,38087.25,0.803530808,0.9986268452,0.982,0.9781386633,0.7705749014,0.018,36,8417,12,0.09611498584,3.256082484,0,0,0,1,,335200
S04-surge-high,errra-no-vulnerability,100078,303288.5243,240352.9,5234.519294,19050,38651.105,0.8045427971,0.9982072701,0.9769381747,0.9731215638,0.7722045599,0.02306182532,47,8317,0,0.1182303271,3.346755234,0,0,0,1,,340325
S04-surge-high,errra-no-vulnerability,100079,307720.7285,244273.2,5205.848471,19975,38266.68,0.8174194731,0.9985015359,0.9852941176,0.9822738386,0.7854817017,0.01454438364,40,8023,0,0.1074801629,3.1780698,0,0,0,1,,285155
S04-surge-high,errra-no-vulnerability,100080,305219.7685,241917,5225.408471,19000,39077.36,0.8151312226,0.9985206539,0.9804902451,0.9756402249,0.7873493111,0.01950975488,39,8282,0,0.1138015988,3.157085529,0,0,0,1,,307590
S04-surge-high,errra-no-vulnerability,100081,301002.7726,238152.1,5239.342588,19325,38286.33,0.8124372112,0.9983742984,0.9844767151,0.9806612601,0.7796467157,0.01552328493,42,8058,0,0.1225840333,3.168048021,0,0,0,1,,311935
S04-surge-high,errra-no-vulnerability,100082,304611.4146,240756.5,5204.669647,20550,38100.245,0.8049226964,0.9984436684,0.9802314368,0.9757722592,0.7718441391,0.01976856316,41,8276,0,0.1143789486,3.398577613,0,0,0,1,,328190
S04-surge-high,errra-no-vulnerability,100083,304442.8048,240672.3,5207.474824,19200,39363.03,0.8058666997,0.9979412101,0.9744578313,0.9679370841,0.7731530592,0.02554216867,54,8722,8,0.1632813607,3.437576583,0,0,0,1,,321435
S04-surge-high,errra-no-vulnerability,100084,298241.699,235993.3,5151.564,18775,38321.835,0.7931781061,0.997971365,0.9812438302,0.9765287214,0.7556537658,0.0182425298,52,8757,0,0.1462791124,3.665248604,0,0,0,1,,364520
S04-surge-high,errra-no-vulnerability,100085,304077.1533,241203.9,5209.523294,19250,38413.73,0.8050272329,0.9982784345,0.978313253,0.9727272727,0.7721272876,0.02168674699,45,8366,0,0.1328451753,3.233086438,0,0,0,1,,354165
S04-surge-high,errra-no-vulnerability,100086,305162.9978,242109.7,5220.842824,19875,37957.455,0.7999382525,0.9983959057,0.9809570313,0.9761904762,0.7645434298,0.01904296875,42,8550,0,0.120038111,3.423254091,0,0,0,1,,355865
S04-surge-high,errra-no-vulnerability,100087,304680.7102,240896.1,5237.200235,19550,38997.41,0.8059531192,0.9979003627,0.9843597263,0.9812121212,0.7706909917,0.01513999577,55,8708,0,0.1923873117,3.669180206,0,0,0,1,,302780
S04-surge-high,errra-no-vulnerability,100088,306974.3926,243343.6,5180.177647,20025,38425.615,0.8102620168,0.999584984,0.9945164506,0.9949937422,0.7743549097,0.005483549352,11,8503,0,0.02100695605,3.439630499,0,0,0,1,,291365
S04-surge-high,errra-no-vulnerability,100089,306753.5301,243455.7,5195.870118,19225,38876.96,0.8102985678,0.9982269504,0.9763343404,0.9705329154,0.7788042129,0.02366565962,47,8317,0,0.1348636167,3.257402938,0,0,0,1,,320610
S04-surge-high,errra-no-vulnerability,100090,300758.4002,237796.2,5173.605176,18875,38913.595,0.8054798307,0.9984505733,0.9835411471,0.9793103448,0.7730772051,0.01645885287,40,8576,0,0.1150753112,3.398185952,0,0,0,1,,334735
S04-surge-high,errra-no-vulnerability,100091,304862.6856,241597.1,5183.405647,18775,39307.18,0.813362382,0.9991605617,0.9889001009,0.9867924528,0.7818491088,0.01109989909,22,8517,0,0.05905644373,3.266546041,0,0,0,1,,299385
S04-surge-high,errra-no-vulnerability,100092,301692.5384,238441,5147.233412,19400,38704.305,0.7984702194,0.9981497186,0.9813319879,0.9779735683,0.7662553697,0.01866801211,48,8633,0,0.1287776991,3.523260188,0,0,0,1,,341555
S04-surge-high,errra-no-vulnerability,100093,305214.4731,242303,5144.323059,18825,38942.15,0.8086716798,0.9994306968,0.9924165824,0.991144845,0.7767098162,0.007583417594,15,8497,0,0.03904863904,3.331040085,0,0,0,1,,333225
S04-surge-high,errra-no-vulnerability,100094,304732.0569,241482.7,5168.841882,18875,39205.515,0.804880456,0.9989347131,0.9876670092,0.9852941176,0.7734902017,0.01233299075,28,8517,0,0.07697650006,3.363394113,0,0,0,1,,336555
S04-surge-high,errra-no-vulnerability,100095,298683.8918,236474.1,5123.186824,18500,38586.605,0.8024425287,0.9984435798,0.9860696517,0.9826625387,0.7668876611,0.01393034826,40,8538,0,0.1185658065,3.330295927,0,0,0,1,,341450
S04-surge-high,errra-no-vulnerability,100096,301298.9312,238392.8,5227.216235,19375,38303.915,0.8138223909,0.9984926371,0.9873847647,0.9842328684,0.7813305545,0.01261523532,39,8213,0,0.1119590033,3.239705864,0,0,0,1,,290785
S04-surge-high,errra-no-vulnerability,100097,303645.0389,240105.2,5200.408941,19875,38464.43,0.8055514342,0.9983589039,0.9842442147,0.9808877928,0.7739914316,0.01575578533,43,8581,0,0.1187073047,3.294287834,0,0,0,1,,354075
S04-surge-high,errra-no-vulnerability,100098,303172.6849,240039.6,5259.004941,19900,37974.08,0.8099521055,0.9990756788,0.992090954,0.9912989434,0.7769029824,0.007909045971,24,8122,0,0.06097664094,3.271232195,0,0,0,1,,303620
S04-surge-high,errra-no-vulnerability,100099,306453.2628,242748.5,5217.487765,20000,38487.275,0.8111029231,0.9991696233,0.9892944039,0.9871402327,0.7745451959,0.01070559611,22,8289,4,0.05752205067,3.315868337,0,0,0,1,,307040
S04-surge-high,errra-no-vulnerability,100100,297854.3091,235894.1,5133.254118,19325,37501.955,0.8083240955,0.9982487547,0.9777227723,0.9726877716,0.7755704896,0.02227722772,45,8241,0,0.1298277628,3.216290436,0,0,0,1,,341455
S04-surge-high,errra-no-rolling,100001,301593.6194,240106.1,5134.374353,18800,37553.145,0.84625931,0.9863486406,0.929382716,0.9124223602,0.80323721,0.06440439633,360,6943,0,1.007402431,2.622274922,0,0,5,1,0.0175897906,271220
S04-surge-high,errra-no-rolling,100002,298249.5314,237035.8,5084.161412,18850,37279.57,0.8367965911,0.9873529979,0.9206742687,0.9010513296,0.7931110136,0.07305773196,328,7180,0,0.9465730055,2.943150771,0,0,3,1,0.00628271643,276405
S04-surge-high,errra-no-rolling,100003,296581.4342,236239.3,5127.484235,19050,36164.65,0.8401715708,0.9870269854,0.922238732,0.9044665012,0.8012698529,0.07161557558,337,6951,0,0.9265375374,2.59694624,0,0,0,1,0.01136440441,286105
S04-surge-high,errra-no-rolling,100004,301253.1416,239205.3,5095.061647,18800,38152.78,0.8396771758,0.9840214067,0.9303955934,0.9126335638,0.7966364439,0.05883551921,418,7506,0,1.174069989,2.918811195,0,0,0,1,0.005077488783,282115
S04-surge-high,errra-no-rolling,100005,304636.0033,241769.1,5133.383294,18600,39133.52,0.841959005,0.9890160183,0.9280117532,0.9100917431,0.7985750835,0.06735222938,288,7239,0,0.8382156643,2.767272861,0,0,0,1,0.008048289738,262805
S04-surge-high,errra-no-rolling,100006,300993.9651,239473.7,5106.770118,18950,37463.495,0.8390441615,0.9834852588,0.9260545906,0.9092604102,0.7931387517,0.06415937526,433,6856,0,1.221693563,2.63572956,0,0,4,1,0.02115948568,303245
S04-surge-high,errra-no-rolling,100007,303166.9883,241619.5,5130.683294,18975,37441.805,0.845387212,0.9867514372,0.9339950372,0.9172885572,0.809468388,0.05890964349,348,7055,0,0.9869001205,2.661765979,0,0,4,1,0.006543147838,268640
S04-surge-high,errra-no-rolling,100008,301290.0638,239587.6,5063.918824,18875,37763.545,0.8374781823,0.9875196202,0.9401753481,0.9260220636,0.7947136721,0.05247820911,326,7375,0,0.9494452695,2.860973225,0,0,6,1,0.00475903568,270040
S04-surge-high,errra-no-rolling,100009,301552.4022,239903.7,5107.252235,18800,37741.45,0.8441539202,0.9863055619,0.925,0.9071518193,0.8068307473,0.06688204109,358,6867,0,1.006417115,2.555942373,0,0,3,1,0.01107235959,275915
S04-surge-high,errra-no-rolling,100010,304379.8574,242147.6,5107.602353,18600,38524.655,0.8371655237,0.9887386539,0.9221732746,0.9037758831,0.7977512248,0.07467985329,299,7248,0,0.8359178949,2.747209896,0,0,4,1,0.007734303361,292650
S04-surge-high,errra-no-rolling,100011,297781.5928,237094.8,5061.847765,18825,36799.945,0.8475720494,0.9853259191,0.9106340489,0.8882646692,0.8029542312,0.0837925682,380,6889,0,1.103852864,2.627710074,0,0,4,1,0.0102017343,259920
S04-surge-high,errra-no-rolling,100012,299106.0047,237743.9,5049.744706,18750,37562.36,0.8396635482,0.9898908673,0.9249512671,0.9077017115,0.7963731035,0.07294335314,264,7219,0,0.7380024241,2.892914384,0,0,0,1,,260400
S04-surge-high,errra-no-rolling,100013,298188.9565,237683.8,5100.591529,18650,36754.565,0.842822336,0.9856065536,0.9289215686,0.9112607099,0.8025269323,0.06205019762,376,6856,0,1.092183025,2.548605241,0,0,4,1,0.00600240096,282990
S04-surge-high,errra-no-rolling,100014,302811.0127,241080.4,5185.452706,18850,37695.16,0.8461481745,0.986539924,0.9231863442,0.9038575668,0.8046763869,0.07035313671,354,6999,0,1.008226696,2.650380329,0,0,0,1,0.003951676977,273320
S04-surge-high,errra-no-rolling,100015,301270.0019,239589.9,5047.581882,18800,37832.52,0.8438223819,0.9863620736,0.9269808389,0.9094462541,0.8041432609,0.06605975758,357,6967,0,0.9986480397,2.641369914,0,0,6,1,0.006553907999,264775
S04-surge-high,errra-no-rolling,100016,295142.0389,234477.6,5056.413882,18850,36758.025,0.8389550848,0.9838066091,0.9246882793,0.9063856169,0.7928168101,0.06508548669,418,6819,0,1.218252244,2.696677331,0,0,5,1,0.008102435141,294695
S04-surge-high,errra-no-rolling,100017,304491.7028,242648,5226.302824,19150,37467.4,0.8441285144,0.987745743,0.9190613027,0.8985594238,0.8019019126,0.07677431376,326,7305,0,0.9296452664,2.868341204,0,0,2,1,0.007537428275,251775
S04-surge-high,errra-no-rolling,100018,300416.7526,239497.9,5116.582588,18600,37202.27,0.8447818213,0.9871682595,0.9153126539,0.8946723821,0.8053150032,0.07958898094,337,7073,0,0.9685511797,2.621492893,0,0,4,1,0.009491998972,263125
S04-surge-high,errra-no-rolling,100019,299757.9699,238571.4,5129.704941,18925,37131.865,0.8363582082,0.9853144172,0.928606357,0.9115314216,0.7957070844,0.06189945413,383,7201,0,1.087941301,2.712149672,0,0,4,1,0.00590437788,288960
S04-surge-high,errra-no-rolling,100020,300774.5937,239216.7,5088.708706,18825,37644.185,0.8426628951,0.9880344486,0.9271653543,0.9090909091,0.8000107319,0.06628683011,314,7352,0,0.8908400877,2.867947,0,0,1,1,0.007799671593,257865
S04-surge-high,errra-no-rolling,100021,298189.9101,236808.4,5073.710118,18725,37582.8,0.8355313324,0.9888974855,0.9221674877,0.9028887523,0.7902210776,0.07524285967,287,7208,0,0.8213557462,2.802367589,0,0,3,1,0.00431711146,283235
S04-surge-high,errra-no-rolling,100022,302146.8221,240139.8,5095.027059,18450,38461.995,0.8389341083,0.9876637222,0.9234617309,0.9045226131,0.7975587123,0.07090788715,324,7289,0,0.9211666419,2.757933234,0,0,0,1,0.003591380686,278660
S04-surge-high,errra-no-rolling,100023,303361.8719,241520.2,5139.321882,18925,37777.35,0.8419515547,0.9876934692,0.9233398438,0.9047330097,0.7999251457,0.07236712967,326,6973,0,0.917148565,2.581429308,0,0,4,1,0.005885590253,285225
S04-surge-high,errra-no-rolling,100024,302836.5839,240251.6,5161.348941,18800,38623.635,0.8401792659,0.9869528939,0.9179140512,0.8988561108,0.7947432035,0.07709232955,344,7247,0,0.9622498919,2.809881847,0,0,4,1,0.00351960626,276200
S04-surge-high,errra-no-rolling,100025,300594.6301,238835.5,5064.175059,18775,37919.955,0.8489464268,0.9894748841,0.9106256207,0.889025894,0.8115030895,0.08663014224,277,6859,0,0.7901717941,2.60031309,0,0,4,1,,247375
S04-surge-high,errra-no-rolling,100026,296549.6694,235676.5,5012.034353,18825,37036.135,0.8374560538,0.9894097493,0.9249502982,0.9062693979,0.7928209629,0.07183771035,272,7093,0,0.7983372622,2.878063586,0,0,0,1,0.005893031699,276485
S04-surge-high,errra-no-rolling,100027,302495.3815,241059.8,5105.931529,18975,37354.65,0.8479922343,0.9854348731,0.9107862903,0.8893105629,0.8051941126,0.08132632402,385,6876,0,1.076263989,2.55813182,0,0,0,1,0.01204083113,265865
S04-surge-high,errra-no-rolling,100028,299559.0912,238310.9,5093.776235,18925,37229.415,0.8434956056,0.9879072633,0.9244804866,0.9053367217,0.7962378465,0.07002439175,314,7057,0,0.9106041444,2.715053294,0,0,3,1,0.008875739645,267165
S04-surge-high,errra-no-rolling,100029,299351.1958,237975.9,5037.835765,18900,37437.46,0.8423809346,0.9836856618,0.9245852187,0.9061326658,0.797780985,0.0645127337,426,6921,0,1.234358294,2.617643758,0,0,4,1,0.02468530242,282350
S04-surge-high,errra-no-rolling,100030,299066.2127,238012.8,5087.352706,18775,37191.06,0.843959879,0.9861669243,0.9259072581,0.908182386,0.8042192861,0.06739982855,358,7052,0,1.03394982,2.754993158,0,0,4,1,0.006287936967,259750
S04-surge-high,errra-no-rolling,100031,301636.9415,240263.9,5082.651529,18725,37565.39,0.8377853147,0.9843216157,0.9199410609,0.9003076923,0.790260702,0.07079003107,413,7145,0,1.176896842,2.79522949,0,0,4,1,0.01121790129,298035
S04-surge-high,errra-no-rolling,100032,302110.4762,240724.4,5105.596235,18775,37505.48,0.8457429048,0.9877738543,0.9239450442,0.905204461,0.8051190989,0.0712752613,322,6634,0,0.8858419014,2.48381871,0,0,1,1,0.004506081693,267265
S04-surge-high,errra-no-rolling,100033,295924.2406,235614.3,5063.830588,18950,36296.11,0.8356902441,0.9860535389,0.9201005025,0.9000628536,0.7934890565,0.07451064957,360,7167,0,1.040951113,2.789322315,0,0,3,1,0.01158935144,287965
S04-surge-high,errra-no-rolling,100034,300160.5984,238607,5125.873412,18675,37752.725,0.8456917566,0.9886206897,0.9362549801,0.9205955335,0.8001486558,0.05755609484,297,6781,0,0.842544968,2.630142779,0,0,0,1,0.01075498575,263930
S04-surge-high,errra-no-rolling,100035,297626.1291,236484.5,4988.234118,18825,37328.395,0.8452665176,0.9856794519,0.9189873418,0.9003807107,0.803502892,0.07318280483,370,7159,0,1.051371287,2.76441909,0,0,5,1,0.005712146666,264580
S04-surge-high,errra-no-rolling,100036,296644.32,236204.8,5089.74,18825,36524.78,0.8427594857,0.982511124,0.9321695761,0.9147727273,0.7960972747,0.0554721473,452,7018,0,1.309413775,2.795998746,0,4,5,1,0.0135689909,280740
S04-surge-high,errra-no-rolling,100037,301953.7366,239401.9,5049.761647,18675,38827.075,0.8410928664,0.9857828937,0.9130869131,0.8925671455,0.8000071273,0.0811321036,373,7482,0,1.046022651,2.920106161,0,0,4,1,0.002158820502,268785
S04-surge-high,errra-no-rolling,100038,301327.812,239423.6,5107.812,18775,38021.4,0.8424339669,0.9860105207,0.9244622311,0.9061913696,0.8034310993,0.06908472038,367,7257,0,1.049531674,2.751320662,0,0,4,1,0.002835383297,274530
S04-surge-high,errra-no-rolling,100039,302372.9809,240461.5,5115.585882,18850,37945.895,0.8414020068,0.9867266763,0.9270216963,0.9095384615,0.8007119347,0.06590648054,348,7148,0,0.9808495435,2.759597659,0,0,0,1,0.008532353542,272430
S04-surge-high,errra-no-rolling,100040,298226.772,236800.6,5067.192,18850,37508.98,0.8493568128,0.9888183858,0.9310694374,0.9138149556,0.8085285351,0.06439592933,289,6936,4,0.8518865092,2.610778069,0,0,0,1,0.007815892314,243375
S04-surge-high,errra-no-rolling,100041,295623.6794,234760.2,4965.949412,18625,37272.53,0.8472301002,0.9861457036,0.9171243135,0.8971962617,0.8047897218,0.07561258192,356,6635,0,1.021539515,2.469616185,0,0,0,1,0.01292957069,256150
S04-surge-high,errra-no-rolling,100042,299873.101,238786.2,5135.256,18800,37151.645,0.8470788246,0.9870461386,0.9229636899,0.9054388133,0.8073990706,0.07011666725,340,6710,0,0.9326753079,2.465588702,0,0,3,1,0.009198266315,256265
S04-surge-high,errra-no-rolling,100043,298225.2362,236989.7,5048.116235,18500,37687.42,0.8505896635,0.989700984,0.9331337325,0.9185463659,0.8092845695,0.06375013592,269,6563,0,0.7374442231,2.442842277,0,0,4,1,,249460
S04-surge-high,errra-no-rolling,100044,294243.6568,234007.2,5040.691765,19125,36070.765,0.8360687047,0.9854239937,0.9336633663,0.9170792079,0.7963303434,0.05782915393,373,7240,9,1.089807461,2.983103936,0,0,4,1,0.009635329317,275050
S04-surge-high,errra-no-rolling,100045,302744.1581,241413.7,5126.983059,19100,37103.475,0.8420663388,0.9890646284,0.9298765432,0.913473424,0.8005898326,0.06764384471,289,6993,0,0.8217711139,2.677550568,0,0,0,1,,267895
S04-surge-high,errra-no-rolling,100046,300858.504,239927.6,5109.924,18900,36920.98,0.8427961155,0.9871334759,0.9188118812,0.898952557,0.8022390742,0.07614796373,337,7132,0,0.9665263541,2.656645059,0,0,4,1,0.005598270026,276740
S04-surge-high,errra-no-rolling,100047,298729.9696,237331.1,5099.369647,18825,37474.5,0.837920413,0.9870747517,0.9156265602,0.8943089431,0.7961601974,0.07873727913,337,7120,0,0.9604506047,2.761388719,0,0,4,1,0.01526001206,274935
S04-surge-high,errra-no-rolling,100048,299002.8189,237763.5,5063.793882,18700,37475.525,0.848274227,0.987981973,0.9309654827,0.9139987445,0.8063740229,0.06417905204,312,6987,0,0.8971473412,2.657840226,0,0,2,1,0.001801976811,252830
S04-surge-high,errra-no-rolling,100049,306765.6956,244282.6,5137.690588,18875,38470.405,0.8393964121,0.9873237324,0.9168765743,0.8977415307,0.7958751236,0.07748351246,338,7318,0,0.9301885606,2.762900535,0,0,1,1,0.01514562268,290625
S04-surge-high,errra-no-rolling,100050,297471.2863,236589.8,5063.411294,18850,36968.075,0.849250406,0.9889408762,0.9256449165,0.9075471698,0.8102750142,0.07036699157,286,6794,0,0.8239640575,2.522160543,0,0,3,1,,250865
S04-surge-high,errra-no-rolling,100051,303017.4105,241771.7,5090.895529,19000,37154.815,0.83945753,0.9856832807,0.9225316456,0.9034700315,0.7943866571,0.06953096544,376,7301,0,1.059286967,2.889221002,0,0,3,1,0.0200841463,282690
S04-surge-high,errra-no-rolling,100052,301671.8591,239910.6,5094.494118,18675,37991.765,0.8452701534,0.9867191343,0.9221351616,0.9039755352,0.8009298999,0.0720480135,351,6946,0,0.9846972878,2.70027423,0,0,0,1,0.01638655462,267285
S04-surge-high,errra-no-rolling,100053,296708.2776,236446.8,5100.802588,18750,36410.675,0.8461711684,0.9873188406,0.9161676647,0.8958462492,0.8081153034,0.07811998874,329,6780,0,0.9494011237,2.478050367,0,0,2,1,0.004168267688,269720
S04-surge-high,errra-no-rolling,100054,301631.5477,239957.9,5120.232706,18825,37728.415,0.8467801628,0.9882735663,0.9175957344,0.8975757576,0.8082831379,0.07792290155,310,6975,0,0.8807475365,2.645632865,0,0,3,1,0.004637372708,263075
S04-surge-high,errra-no-rolling,100055,301784.1934,240570.4,5107.753412,19100,37006.04,0.8365556639,0.985833206,0.9207772795,0.9033665835,0.7950750578,0.07299392341,371,7380,0,1.016700887,2.826783797,0,0,4,1,0.01070320784,284155
S04-surge-high,errra-no-rolling,100056,301318.6599,239602.1,5084.104941,18700,37932.455,0.8408513263,0.985559018,0.9251146205,0.9073139975,0.8023501973,0.06736075852,380,7183,0,1.067815067,2.770425663,0,0,4,1,0.01021303258,277675
S04-surge-high,errra-no-rolling,100057,302763.3757,240543.2,5135.040706,18850,38235.135,0.8529662115,0.9892534583,0.9179140512,0.8986202759,0.8142224278,0.07889755895,282,6611,0,0.8033232836,2.484388685,0,0,0,1,0.00342205832,240670
S04-surge-high,errra-no-rolling,100058,304093.9337,242592.2,5087.208706,18675,37739.525,0.8442960232,0.9856329424,0.9184275184,0.8990769231,0.8073368999,0.075065356,381,6782,0,1.059428339,2.39515745,0,0,4,1,0.008792176314,295515
S04-surge-high,errra-no-rolling,100059,303046.4317,241655.3,5104.236706,19100,37186.895,0.8471325902,0.986760183,0.9230769231,0.9053291536,0.8044786688,0.07003811541,353,7074,0,0.972915529,2.673584629,0,0,0,1,0.004114906832,268590
S04-surge-high,errra-no-rolling,100060,299785.0645,238647.2,5151.524471,19075,36911.34,0.8422643481,0.9855183511,0.9227076332,0.903708134,0.7989483678,0.07035966472,378,6843,0,1.101023328,2.591586437,0,0,6,1,0.003858021174,287060
S04-surge-high,errra-no-rolling,100061,301636.6372,239466.2,5053.497176,18600,38516.94,0.8447351887,0.9886155257,0.9281767956,0.9107479573,0.8045847828,0.06788597822,298,6972,0,0.853255029,2.686636853,0,0,0,1,0.002728021037,261340
S04-surge-high,errra-no-rolling,100062,295712.9928,235255.1,5078.287765,18875,36504.605,0.847023247,0.9880118325,0.9295,0.9122257053,0.8081543569,0.0660654102,308,6606,0,0.9053924213,2.508662509,0,0,4,1,0.001249479384,255650
S04-surge-high,errra-no-rolling,100063,302393.5116,241525.7,5143.486588,18850,36874.325,0.840716947,0.9864602746,0.9246575342,0.9056372549,0.8021978022,0.06999722963,356,6946,0,1.026315649,2.53103841,0,0,4,1,0.01038464646,285575
S04-surge-high,errra-no-rolling,100064,303302.9246,241217.6,5181.329647,18775,38128.995,0.8373374477,0.9851818251,0.9172248804,0.8967164179,0.7942548796,0.07400802654,392,7282,0,1.116312349,2.794700365,0,0,0,1,0.0131812299,294805
S04-surge-high,errra-no-rolling,100065,301589.9983,239650.7,5122.583294,18625,38191.715,0.8407474966,0.9869388693,0.927972373,0.9103277675,0.7967560351,0.06465497288,341,7037,0,0.9778138799,2.743004628,0,0,4,1,0.00231324522,275890
S04-surge-high,errra-no-rolling,100066,302161.9062,240776.4,5114.596235,19000,37270.91,0.8441739303,0.9861355802,0.9154107924,0.895313451,0.8050294275,0.07925161885,362,7112,0,1.030812416,2.640563023,0,0,6,1,0.007025162168,273370
S04-surge-high,errra-no-rolling,100067,303761.4462,240773.4,5068.401176,18600,39319.645,0.8411313837,0.9870847303,0.9185222672,0.8988693467,0.7997727515,0.07533199091,339,7308,0,0.9542926504,2.719036429,0,0,0,1,0.005598646649,269215
S04-surge-high,errra-no-rolling,100068,299193.9721,238171.9,5091.787059,18950,36980.285,0.8429277232,0.9868179734,0.9260739261,0.9099437148,0.8009728779,0.06677490147,345,6965,0,0.9552154869,2.59583452,0,0,0,1,0.00790867473,277495
S04-surge-high,errra-no-rolling,100069,299297.4442,238491.7,5129.704235,19050,36626.04,0.8404664418,0.9853385905,0.9251123315,0.9071518193,0.801023835,0.06716176994,383,7091,0,1.073949286,2.756574117,0,0,3,1,0.0130677314,295910
S04-surge-high,errra-no-rolling,100070,300336.6135,239101.3,5024.763529,18700,37510.55,0.8401139742,0.9848722761,0.9242650722,0.9052369077,0.7981498251,0.06621373898,395,7140,2,1.134118157,2.766959861,0,0,0,1,0.00814013506,278320
S04-surge-high,errra-no-rolling,100071,298191.7789,236679.4,5091.573882,18625,37795.805,0.8379615159,0.987547228,0.9259075087,0.90875,0.793170928,0.06946495179,323,7065,0,0.9199127456,2.725884898,0,0,5,1,,274800
S04-surge-high,errra-no-rolling,100072,303850.6824,242511.8,5106.757412,18600,37632.125,0.8379578654,0.9860408964,0.9275724276,0.9099437148,0.795603236,0.064834558,370,6960,0,1.036943367,2.566333896,0,0,3,1,0.005985150449,310445
S04-surge-high,errra-no-rolling,100073,299307.5873,238001.1,5079.647294,19150,37076.84,0.8460144475,0.9862365758,0.928,0.9100562149,0.8062834805,0.06358485273,355,7023,0,1.036916451,2.636176169,0,0,5,1,0.004633063573,257820
S04-surge-high,errra-no-rolling,100074,298071.0389,236895.4,5082.333882,19125,36968.305,0.8399099065,0.9868612579,0.9261613692,0.9088127295,0.7911274074,0.06756517537,343,7388,0,0.9574707606,2.96205871,0,0,3,1,0.004962380729,264525
S04-surge-high,errra-no-rolling,100075,299832.1431,238001.4,5158.118118,18775,37897.625,0.8400531294,0.9854067719,0.9206195547,0.9013317191,0.7960198106,0.07202217561,381,7178,0,1.078000199,2.764815412,0,0,0,1,0.01095530237,289755
S04-surge-high,errra-no-rolling,100076,300623.8275,238546.2,5022.992471,18725,38329.635,0.849501281,0.9886597154,0.9306680162,0.9139987445,0.8086721932,0.06438041127,298,6747,0,0.8654632803,2.512014029,0,0,0,1,0.007456828885,249575
S04-surge-high,errra-no-rolling,100077,299429.4784,238132.1,5089.938353,18625,37582.44,0.8316437543,0.9861540222,0.918,0.8981886321,0.7934388777,0.07476003095,363,7588,0,1.028527591,2.927727228,0,0,3,1,0.01291116698,298595
S04-surge-high,errra-no-rolling,100078,298000.0214,237017.4,5120.821412,18325,37536.8,0.8397084251,0.9859251631,0.9141315015,0.8949297495,0.7976382959,0.07908318151,369,6887,0,1.01938105,2.641489719,0,0,0,1,0.00356740137,289470
S04-surge-high,errra-no-rolling,100079,304658.1519,242820.5,5181.621882,19050,37606.03,0.838139478,0.9850902825,0.918627451,0.8991442543,0.7968429249,0.07286859495,398,7285,0,1.102416821,2.751249924,0,0,4,1,0.009137691009,280945
S04-surge-high,errra-no-rolling,100080,301955.1005,240289.2,5128.875529,18475,38062.025,0.8453641243,0.9877859121,0.9269634817,0.9088069956,0.8036918772,0.06690730788,322,6841,0,0.9143470932,2.515928899,0,0,5,1,0.004282513546,262975
S04-surge-high,errra-no-rolling,100081,297672.1538,236048.4,5090.983765,18825,37707.77,0.840051738,0.9875749952,0.92889334,0.9114160948,0.7973659592,0.06473220295,321,7026,0,0.9167234254,2.779586096,0,0,5,1,0.003250691979,276575
S04-surge-high,errra-no-rolling,100082,300778.2816,239678.8,5094.881647,19125,36879.6,0.8486580087,0.9860689341,0.9161041466,0.8952150212,0.8071776156,0.07718813405,367,6848,0,1.026286994,2.633147805,0,0,5,1,0.00490099885,262070
S04-surge-high,errra-no-rolling,100083,301980.0349,240355.3,5139.424941,18600,37885.31,0.8448418838,0.9861984826,0.9195180723,0.8989715668,0.8059116489,0.07460316336,362,6926,0,1.029222976,2.517012191,0,0,4,1,0.009969509814,268150
S04-surge-high,errra-no-rolling,100084,295115.482,234563.7,5055.252,18675,36821.53,0.8371760297,0.9845901767,0.918065153,0.8974675726,0.7920819542,0.07411610484,395,6981,0,1.152545399,2.700674846,0,0,5,1,0.01053457013,294020
S04-surge-high,errra-no-rolling,100085,300004.1232,238853.3,5085.748235,18550,37515.075,0.8387364921,0.9846589388,0.9171084337,0.8957575758,0.7994185009,0.0744608852,401,6998,0,1.156024415,2.667299413,0,0,4,1,0.009120444834,288265
S04-surge-high,errra-no-rolling,100086,302032.7806,240521.1,5138.885647,19125,37247.795,0.8323927138,0.983882672,0.9267578125,0.9084249084,0.7886859688,0.06261794441,422,7383,0,1.20231891,2.969410312,0,0,5,1,0.01006812,306145
S04-surge-high,errra-no-rolling,100087,301456.9835,239945.3,5135.168471,18875,37501.515,0.8456777874,0.9843863333,0.9217986315,0.9036363636,0.8061870166,0.06902960643,409,6976,0,1.13652259,2.726528587,0,0,0,1,0.01055319947,267710
S04-surge-high,errra-no-rolling,100088,304485.8859,242756.3,5086.185882,19150,37493.4,0.8384045598,0.9855498962,0.927218345,0.9105131414,0.7984676354,0.06410580643,383,7317,0,1.05437859,2.843760365,0,0,5,1,0.008849557522,291050
S04-surge-high,errra-no-rolling,100089,301615.0071,240567.4,5068.447059,18575,37404.16,0.8491356603,0.9849479402,0.918429003,0.8984326019,0.8112699032,0.07333358494,399,6544,0,1.142589431,2.336290016,0,0,3,1,0.01451658651,279495
S04-surge-high,errra-no-rolling,100090,297679.0294,236151.8,5039.869412,18425,38062.36,0.8406050175,0.9852029749,0.9197007481,0.8990595611,0.8007185278,0.0726983285,382,7271,0,1.104263926,2.853946558,0,0,6,1,0.01176470588,271040
S04-surge-high,errra-no-rolling,100091,303098.6047,241096.1,5070.204706,18550,38382.3,0.8389276615,0.9846230159,0.923814329,0.9056603774,0.802384918,0.06682958959,403,7149,0,1.172103075,2.675245867,0,0,5,1,0.006852158731,297940
S04-surge-high,errra-no-rolling,100092,298033.3219,236304.9,5045.356941,18700,37983.065,0.8283134796,0.9836558477,0.912209889,0.8917558213,0.7842610365,0.07957586547,424,7560,0,1.189445135,3.053880878,0,0,4,1,0.01070508037,305190
S04-surge-high,errra-no-rolling,100093,301206.4384,239807.8,5036.058353,18825,37537.58,0.8511685722,0.988575983,0.9282103134,0.9108159393,0.8123875701,0.06628259822,301,6833,0,0.8364245943,2.451958697,0,0,3,1,,253160
S04-surge-high,errra-no-rolling,100094,302018.5539,240086.3,5048.613882,18550,38333.64,0.8415208863,0.9888525339,0.9254881809,0.9079283887,0.8019151701,0.06904494835,293,7338,0,0.8265523357,2.812405932,0,0,0,1,0.003047550003,259195
S04-surge-high,errra-no-rolling,100095,298025.5062,236325.8,5064.736235,18950,37684.97,0.8352616455,0.9854085603,0.9233830846,0.9046439628,0.7953775322,0.06869397881,375,6959,0,1.109743546,2.757599819,0,0,5,1,0.004949711624,283320
S04-surge-high,errra-no-rolling,100096,298778.1962,237427.2,5128.821176,18800,37422.175,0.8449396821,0.9872840413,0.922852984,0.903577926,0.7987166127,0.07098255498,329,6987,0,0.9522872237,2.664123667,0,0,4,1,0.002981701039,273920
S04-surge-high,errra-no-rolling,100097,300609.033,239174.5,5070.108,18450,37914.425,0.840566271,0.9888558125,0.9281142294,0.9106041924,0.8010710461,0.068081183,292,7552,0,0.814318369,2.955860534,0,0,5,1,0.006420545746,260730
S04-surge-high,errra-no-rolling,100098,298453.3425,237387.7,5119.772471,18875,37070.87,0.8423710891,0.9875986905,0.9263470094,0.9086389062,0.8026993687,0.06809213008,322,6954,0,0.9000146564,2.664987249,0,0,2,1,0.002972316284,268130
S04-surge-high,errra-no-rolling,100099,302479.7723,240928.9,5115.587294,19025,37410.285,0.8464750676,0.9850154752,0.9245742092,0.9056950398,0.8023936123,0.06587964194,397,6859,0,1.10641717,2.640727094,0,0,6,1,0.003917663292,273820
S04-surge-high,errra-no-rolling,100100,296646.2536,235779.4,5107.318588,18750,37009.535,0.8374609493,0.9867294521,0.9267326733,0.9087523277,0.7965622923,0.06762694387,341,7372,0,0.9939447667,2.922352111,0,0,0,1,0.003674079921,272250
S04-surge-high,errra-no-essential-priority,100001,386109.32,242662,5250,103400,34797.32,0.7436667037,0.745288385,0.6474074074,0.5577639752,0.6245155039,0.1174375453,6717,3965,0,25.32473309,0.786600956,20,25,29,1,0.04179915059,1523505
S04-surge-high,errra-no-essential-priority,100002,383518.6046,238439.4,5195.189647,105675,34209.015,0.7304925429,0.7324465009,0.6296479921,0.5380333952,0.6160104133,0.1239236382,6939,4065,0,26.72292377,0.8626143627,21,25,29,1,0.03686210196,1579040
S04-surge-high,errra-no-essential-priority,100003,380490.7234,238827.8,5233.578353,103075,33354.345,0.7591256393,0.7658698079,0.7082714215,0.6364764268,0.6547504026,0.08040697273,6082,3705,0,23.50138399,0.7297760326,20,23,27,1,0.05018649253,1401720
S04-surge-high,errra-no-essential-priority,100004,380380.2146,241465.9,5234.309647,99125,34555.005,0.7864260339,0.7891819572,0.7491236855,0.6851037084,0.6689655172,0.05776170673,5515,3430,0,21.02998798,0.6098877295,19,22,27,1,0.04952615079,1253365
S04-surge-high,errra-no-essential-priority,100005,376455.8899,241841.6,5262.724941,93900,35451.565,0.8296506695,0.8317315027,0.7463271303,0.6831804281,0.7506402049,0.1068656508,4412,2873,0,16.91510808,0.4455838774,17,21,25,1,0.04984871512,1008580
S04-surge-high,errra-no-essential-priority,100006,382999.262,239386.3,5157.912,103750,34705.05,0.7497637756,0.7540333346,0.6625310174,0.5792417651,0.6290031204,0.1111140995,6449,3803,0,24.64190145,0.7650810623,20,24,28,1,0.04148730855,1474580
S04-surge-high,errra-no-essential-priority,100007,384276.6836,243400.3,5236.198588,101175,34465.185,0.7628998553,0.7642288803,0.6550868486,0.5677860697,0.6467741935,0.1272683573,6193,3731,0,23.57783747,0.7070221211,20,23,28,1,0.04535656605,1407315
S04-surge-high,errra-no-essential-priority,100008,374220.9866,239116.3,5096.026588,95900,34108.66,0.8077194459,0.8065541135,0.6797318205,0.5983127839,0.689626556,0.1480410473,5053,3078,0,18.82596661,0.5138209772,17,21,26,1,0.05276840883,1146095
S04-surge-high,errra-no-essential-priority,100009,381075.4842,241395.9,5208.849176,99800,34670.735,0.7947853783,0.7946216816,0.727,0.6587202008,0.6892682927,0.08344957473,5369,3322,0,20.22862216,0.5793242226,18,22,26,1,0.04993404015,1221000
S04-surge-high,errra-no-essential-priority,100010,383761.7719,243432.4,5271.256941,99875,35183.115,0.7837226643,0.7911943053,0.7559651144,0.6947931673,0.6850241546,0.04806071169,5544,3460,0,20.83089697,0.629224883,18,22,26,1,0.0561633978,1276240
S04-surge-high,errra-no-essential-priority,100011,377507.3426,237231.2,5169.077647,101300,33807.065,0.7748775692,0.7754093296,0.6874687968,0.6092384519,0.6641693811,0.1065975208,5816,3470,0,22.46432167,0.6539246753,19,23,27,1,0.04157220048,1317395
S04-surge-high,errra-no-essential-priority,100012,380898.7642,240370.7,5223.064235,101050,34255,0.7641482475,0.7681792074,0.7056530214,0.6326405868,0.6836276083,0.08131578569,6054,3674,0,23.22488182,0.7255581647,20,24,28,1,0.04325972423,1384790
S04-surge-high,errra-no-essential-priority,100013,379900.5655,239340.9,5218.695529,101375,33965.97,0.7689572871,0.7739922674,0.6906862745,0.6138310894,0.6604222893,0.1018210903,5904,3632,0,22.73122584,0.6945452737,19,24,28,1,0.04545485842,1346925
S04-surge-high,errra-no-essential-priority,100014,383315.4799,241812.8,5278.804941,101650,34573.875,0.77815599,0.7828897338,0.7055476529,0.6314540059,0.675093633,0.09920110468,5710,3466,0,21.94544804,0.6467060717,19,23,27,1,0.0529000794,1308505
S04-surge-high,errra-no-essential-priority,100015,381265.3019,240247.9,5109.801882,100950,34957.6,0.7573419211,0.7547083317,0.7032625583,0.6280130293,0.6644636502,0.07221382948,6421,3687,0,24.30361792,0.731491918,19,24,27,1,0.04168963232,1440705
S04-surge-high,errra-no-essential-priority,100016,377124.8561,236099.4,5169.211059,102225,33631.245,0.7796181072,0.7859218223,0.6992518703,0.6261624303,0.6654821515,0.1099346013,5526,3358,3,21.742071,0.6326170743,19,24,27,1,0.05039832075,1269715
S04-surge-high,errra-no-essential-priority,100017,386875.3369,244483.8,5352.561882,102825,34213.975,0.7507524408,0.7485246025,0.6307471264,0.537214886,0.6363779033,0.1341843804,6690,3905,0,25.18999549,0.7594636259,20,24,28,1,0.04135045112,1512440
S04-surge-high,errra-no-essential-priority,100018,383203.579,241421.5,5216.904,102250,34315.175,0.7648532659,0.7687621368,0.6947316593,0.6203306797,0.671319591,0.09052741525,6073,3634,1,23.35923631,0.71361415,19,23,29,1,0.05328431593,1384670
S04-surge-high,errra-no-essential-priority,100019,384317.4445,241195.8,5213.864471,103500,34407.78,0.7345532349,0.7392638037,0.6327628362,0.5424039048,0.6226415094,0.1274736918,6800,4101,8,26.22117754,0.8547686873,21,26,30,1,0.03539978743,1555105
S04-surge-high,errra-no-essential-priority,100020,382495.1624,240396.6,5189.682353,102475,34433.88,0.7540444643,0.7620608185,0.6929133858,0.6167076167,0.64461738,0.0890278489,6244,3743,0,23.65145524,0.7518857625,20,24,28,1,0.04815761411,1440450
S04-surge-high,errra-no-essential-priority,100021,377001.1437,237823.9,5168.688706,99700,34308.555,0.775866595,0.7733462282,0.6551724138,0.569760295,0.6717495987,0.1368672192,5859,3410,0,22.41856979,0.6497743665,19,24,27,1,0.04780598837,1322760
S04-surge-high,errra-no-essential-priority,100022,378793.2221,241777.2,5227.382118,96825,34963.64,0.8007117438,0.8118336887,0.7373686843,0.6708542714,0.6783682756,0.09576224964,4942,3170,0,18.9173209,0.5361105296,18,22,26,1,0.04974230269,1151325
S04-surge-high,errra-no-essential-priority,100023,387618.8976,244357.6,5274.677647,102900,35086.62,0.7470734042,0.751604379,0.693359375,0.6189320388,0.6370941819,0.07833967283,6580,3965,0,24.83623585,0.7954941468,20,24,29,1,0.05604764984,1509495
S04-surge-high,errra-no-essential-priority,100024,381815.2614,241590,5238.306353,99725,35261.955,0.7816338877,0.7841917621,0.7160791888,0.6472004816,0.6785883842,0.08450894858,5690,3451,0,21.1313262,0.6348259812,18,22,26,1,0.05291031071,1300315
S04-surge-high,errra-no-essential-priority,100025,381680.935,240456,5166.54,101100,34958.395,0.7743514561,0.7757048408,0.641509434,0.5548705302,0.6406607785,0.1592040677,5903,3509,0,22.30741736,0.652619024,19,23,27,1,0.0455464352,1328715
S04-surge-high,errra-no-essential-priority,100026,374261.0418,236348.4,5139.146824,99100,33673.495,0.7795862104,0.788078181,0.7251491054,0.6567349472,0.6858075041,0.08416003472,5443,3429,0,21.21618109,0.651807168,18,23,28,1,0.04760626516,1252375
S04-surge-high,errra-no-essential-priority,100027,379984.5452,242408.8,5199.165176,98150,34226.58,0.7924776369,0.797828472,0.7565524194,0.6957621758,0.668374938,0.05590307717,5344,3257,0,20.09695955,0.5692888037,18,23,26,1,0.05030772438,1223485
S04-surge-high,errra-no-essential-priority,100028,374493.9696,238801,5182.534588,96675,33835.435,0.8059714517,0.8131787722,0.7777236564,0.7223123732,0.7270332565,0.04873142935,4851,3157,0,18.86895843,0.5387147042,18,21,25,1,0.05232118218,1118685
S04-surge-high,errra-no-essential-priority,100029,374915.2061,238018.1,5126.426118,97550,34220.68,0.8012146607,0.8096660539,0.72297637,0.6551939925,0.6871499176,0.1079035414,4970,3176,0,18.90415083,0.5382418597,17,21,25,1,0.05616954907,1146165
S04-surge-high,errra-no-essential-priority,100030,375119.8908,236411.4,5134.910824,99600,33973.58,0.775442825,0.7769706337,0.6668346774,0.5871330418,0.6500081659,0.1338402382,5772,3392,0,22.10186527,0.6203191102,19,22,26,1,0.04346251671,1308240
S04-surge-high,errra-no-essential-priority,100031,379556.9128,240769.7,5177.647765,99325,34284.565,0.7752265188,0.7821349935,0.745759921,0.6833470057,0.6912005234,0.05191462519,5739,3547,0,22.00605127,0.6737015398,19,23,27,1,0.04509256884,1314890
S04-surge-high,errra-no-essential-priority,100032,381822.5626,240746.1,5236.402588,101200,34640.06,0.7781982316,0.7828530205,0.6864573111,0.6053283767,0.6632208044,0.1170258226,5719,3493,0,21.73839152,0.6308662586,19,22,26,1,0.04144870419,1306920
S04-surge-high,errra-no-essential-priority,100033,379904.0714,237144.1,5154.006353,104250,33355.965,0.7477770521,0.7503196064,0.6582914573,0.5725958517,0.6311905543,0.110612054,6445,3876,0,24.79814364,0.7902014468,21,25,29,1,0.03830699108,1462875
S04-surge-high,errra-no-essential-priority,100034,378839.3101,239882.2,5235.050118,99100,34622.06,0.7918387145,0.7954789272,0.71812749,0.6488833747,0.6971161592,0.09715771495,5338,3327,0,20.34634732,0.6017237948,18,22,26,1,0.05004177954,1217150
S04-surge-high,errra-no-essential-priority,100035,377332.8681,237905.8,5099.498118,100225,34102.57,0.7778392099,0.7803150521,0.6972151899,0.6224619289,0.6737435727,0.1012077333,5676,3488,0,21.80788626,0.6462893619,19,22,27,1,0.04771234975,1289355
S04-surge-high,errra-no-essential-priority,100036,378673.0452,238468.4,5235.580235,101500,33469.065,0.7514581373,0.7523698975,0.6802992519,0.595959596,0.6410133077,0.09027897942,6400,3853,0,24.32068657,0.7701348385,20,24,28,1,0.05002341115,1448325
S04-surge-high,errra-no-essential-priority,100037,377058.7841,238966.3,5066.414118,97850,35176.07,0.7914971723,0.7969202622,0.7107892108,0.6396002498,0.6820656657,0.1069721722,5328,3210,0,20.30900975,0.5643044945,17,21,26,1,0.05002298119,1216870
S04-surge-high,errra-no-essential-priority,100038,383957.6773,242424.9,5234.147294,101550,34748.63,0.7767835102,0.7780361363,0.6743371686,0.593495935,0.6486353979,0.1258408465,5823,3480,0,22.28852371,0.6373117749,19,23,27,1,0.0502188044,1311755
S04-surge-high,errra-no-essential-priority,100039,379637.1528,240143,5228.107765,99625,34641.045,0.7938931298,0.7975055306,0.7273175542,0.6603076923,0.7100130039,0.08815205902,5309,3330,0,20.29598996,0.6110334418,18,21,28,1,0.05621890457,1218610
S04-surge-high,errra-no-essential-priority,100040,379319.3628,238438.1,5221.922824,101125,34534.34,0.7734482328,0.7787665403,0.6806893056,0.6007604563,0.6549736495,0.1200135625,5718,3506,0,21.83032361,0.6535656301,18,24,27,1,0.04786004905,1313805
S04-surge-high,errra-no-essential-priority,100041,378210.2061,236753.2,5067.451059,101825,34564.555,0.7686393143,0.7716765255,0.6615077384,0.5781931464,0.6383225593,0.130958902,5867,3506,11,22.72275122,0.6672590912,19,23,26,1,0.04162469573,1338520
S04-surge-high,errra-no-essential-priority,100042,378320.963,239347.8,5234.928,99425,34313.235,0.7874888315,0.7910618356,0.7365063788,0.6705809642,0.6972226682,0.0716967462,5484,3324,0,20.87136405,0.6287228234,19,22,27,1,0.04750024819,1247740
S04-surge-high,errra-no-essential-priority,100043,378793.6739,240001.8,5189.193882,98700,34902.68,0.7819855309,0.796508289,0.7639973958,0.7039003472,0.6810414972,0.04530648264,5315,3467,0,20.55440575,0.6354987364,18,22,26,1,0.0556989129,1250515
S04-surge-high,errra-no-essential-priority,100044,372856.443,234766.9,5139.408,100350,32600.135,0.7732591451,0.7745603751,0.704950495,0.6311881188,0.6559987134,0.09115547732,5769,3406,0,22.2384678,0.6608436573,19,23,27,1,0.05279138964,1309330
S04-surge-high,errra-no-essential-priority,100045,383090.5928,242300.2,5256.307765,101475,34059.085,0.765595533,0.7787952172,0.7204938272,0.651421508,0.6537274647,0.07783105712,5846,3638,0,22.17258384,0.6940181686,19,23,27,1,0.05277918073,1354360
S04-surge-high,errra-no-essential-priority,100046,381779.0414,240713.1,5217.841412,101875,33973.1,0.7645977697,0.7632483201,0.697029703,0.6229205176,0.668985601,0.0828096767,6201,3674,0,23.59663702,0.7167126146,19,24,29,1,0.04572891855,1401535
S04-surge-high,errra-no-essential-priority,100047,378263.3291,240493.9,5197.334118,98550,34022.095,0.8003342104,0.8051624286,0.7568647029,0.6954346467,0.6962190352,0.06690761848,5080,3186,1,19.28139356,0.5552631907,17,22,27,1,0.04988042392,1160265
S04-surge-high,errra-no-essential-priority,100048,381376.3103,238876.3,5201.735294,102800,34498.275,0.7641318725,0.7671122068,0.6968484242,0.6202134338,0.6489742755,0.08855130479,6046,3671,0,23.24543267,0.7044972423,19,23,27,1,0.05000040113,1379745
S04-surge-high,errra-no-essential-priority,100049,388058.5268,245244.3,5273.246824,102175,35365.98,0.7483345309,0.7483873387,0.6136020151,0.5200752823,0.625574524,0.1577103493,6709,3885,0,24.79160664,0.7582847191,19,23,27,1,0.03825033622,1518560
S04-surge-high,errra-no-essential-priority,100050,375695.9045,237666.9,5175.404471,98825,34028.6,0.7912843171,0.7957155562,0.7035912999,0.6314465409,0.6718083361,0.1108781715,5283,3241,0,20.18651011,0.5825182835,18,22,26,1,0.04995676681,1207825
S04-surge-high,errra-no-essential-priority,100051,383455.5034,242906.6,5251.813412,101650,33647.09,0.777120413,0.7806419678,0.6896202532,0.6132492114,0.6678263751,0.1107793916,5761,3508,0,21.69311803,0.6345120611,19,22,26,1,0.05272889841,1322420
S04-surge-high,errra-no-essential-priority,100052,376317.1175,240983.4,5213.127529,95625,34495.59,0.8172542432,0.8263649779,0.792504867,0.7398291294,0.7183805668,0.04835558411,4589,2951,0,17.40286817,0.4790868889,17,20,25,1,0.05256764783,1065165
S04-surge-high,errra-no-essential-priority,100053,378257.2576,239955.2,5269.637647,99375,33657.42,0.7740732864,0.7770968239,0.6786427146,0.6007439554,0.6590094493,0.1209726918,5783,3453,0,22.14200729,0.6591145084,19,23,27,1,0.04734810776,1316910
S04-surge-high,errra-no-essential-priority,100054,385523.8239,241945.9,5227.233882,103425,34925.69,0.7446706144,0.7476925405,0.6490547746,0.5618181818,0.6223251357,0.1195538165,6670,3896,0,24.91290305,0.7813841599,20,24,28,1,0.04337385642,1515110
S04-surge-high,errra-no-essential-priority,100055,385320.16,241522.4,5205.06,104575,34017.7,0.7371219879,0.7415610203,0.6068759342,0.5105985037,0.6237947377,0.1565966201,6768,4062,0,25.60251559,0.8335574776,21,25,30,1,0.03961520398,1544185
S04-surge-high,errra-no-essential-priority,100056,386519.1395,242320.1,5215.899529,104075,34908.14,0.7480814312,0.7527551874,0.6816097809,0.60592686,0.6269748877,0.08966387181,6506,3881,0,24.71052685,0.7759777915,20,24,27,1,0.05257717646,1486200
S04-surge-high,errra-no-essential-priority,100057,383620.5798,241953.5,5262.614824,100925,35479.465,0.7653306687,0.7697115201,0.7030420087,0.6316736653,0.6532933186,0.08465520422,6043,3596,0,22.89196156,0.6939787573,19,24,28,1,0.05048809033,1380935
S04-surge-high,errra-no-essential-priority,100058,388144.6424,244285.3,5199.877412,103250,35409.465,0.7406561741,0.7459934387,0.6979113602,0.6224533107,0.6630522738,0.06643389394,6736,4078,0,25.22690023,0.8396805822,21,23,30,1,0.04761802567,1536290
S04-surge-high,errra-no-essential-priority,100059,385889.7968,244931,5290.831765,101475,34192.965,0.7539478831,0.7582701973,0.6832579186,0.6062695925,0.6501553049,0.09181526805,6445,3880,0,24.46676841,0.7595702552,20,24,28,1,0.04320183817,1464585
S04-surge-high,errra-no-essential-priority,100060,383939.5457,240333.5,5265.000706,104100,34241.045,0.739818892,0.7417822389,0.6053768603,0.5083732057,0.6052884615,0.162236712,6740,3913,5,25.72568093,0.8044754584,21,25,28,1,0.03695302745,1533965
S04-surge-high,errra-no-essential-priority,100061,385932.8205,242115.6,5216.295529,102975,35625.925,0.7479888137,0.7522539731,0.670517328,0.5883092395,0.6427749466,0.09918266648,6485,3884,2,24.94200315,0.7810548102,20,24,29,1,0.04540631956,1489930
S04-surge-high,errra-no-essential-priority,100062,382717.7138,238039.7,5173.418824,105375,34129.595,0.7298053298,0.735793243,0.657,0.5705329154,0.605647517,0.09625487521,6788,4056,1,26.44300582,0.8568764569,21,25,29,1,0.0366708029,1559460
S04-surge-high,errra-no-essential-priority,100063,381101.1582,241579.1,5264.788235,100225,34032.27,0.7776127347,0.7835165253,0.7440183546,0.6805072612,0.6756669881,0.05694048153,5692,3541,0,21.79038275,0.6740564695,18,22,27,1,0.05261182065,1301525
S04-surge-high,errra-no-essential-priority,100064,386967.2829,244528.8,5336.572941,102275,34826.91,0.7735654985,0.7728509866,0.6602870813,0.576119403,0.6704743773,0.1350371357,6009,3567,4,22.43165285,0.664878897,19,22,27,1,0.04538038577,1356665
S04-surge-high,errra-no-essential-priority,100065,380585.5314,240418,5265.186353,100000,34902.345,0.7885939768,0.7934732649,0.7375431672,0.6716141002,0.6849951908,0.07624146189,5392,3362,0,20.51688667,0.6153321173,19,22,26,1,0.04988555785,1237300
S04-surge-high,errra-no-essential-priority,100066,379882.8096,239560.4,5179.289647,100825,34318.12,0.7695435385,0.7687093068,0.6883811376,0.6110772976,0.6738954523,0.09954600709,6039,3633,0,23.0709004,0.6929361004,20,23,27,1,0.04143740346,1360355
S04-surge-high,errra-no-essential-priority,100067,383917.9214,242160.6,5203.921412,100425,36128.4,0.7696140549,0.7735827492,0.6664979757,0.5860552764,0.6488750205,0.1241626915,5943,3603,0,22.27747371,0.6625164553,18,22,26,1,0.04332345817,1358855
S04-surge-high,errra-no-essential-priority,100068,384659.4939,242061.3,5229.508941,103175,34193.685,0.7535259228,0.7569539966,0.6763236763,0.5972482802,0.6552340702,0.09738883546,6361,3802,0,24.46511266,0.7596305056,19,23,28,1,0.03956477755,1452110
S04-surge-high,errra-no-essential-priority,100069,378913.8408,240542.8,5187.350824,99800,33383.69,0.7777183179,0.7826436474,0.742569511,0.6808637084,0.6841332027,0.05756485243,5678,3403,0,21.80279279,0.644257215,19,23,28,1,0.05036263516,1304440
S04-surge-high,errra-no-essential-priority,100070,380928.2061,240538.3,5167.646118,100925,34297.26,0.7734018831,0.7779479913,0.7125062282,0.6402743142,0.6798166639,0.08298083839,5798,3553,6,22.5322516,0.6769078295,19,22,27,1,0.04783029864,1334460
S04-surge-high,errra-no-essential-priority,100071,373383.6526,238618.7,5193.317647,95325,34246.635,0.8246833623,0.834605598,0.7578319244,0.6975,0.7091886608,0.1009716873,4290,2845,0,16.52620629,0.4572585989,17,22,25,1,0.04736151536,998590
S04-surge-high,errra-no-essential-priority,100072,384366.2638,243763.7,5222.083765,100775,34605.48,0.7771048961,0.7818229835,0.7553577316,0.6947758124,0.6637254902,0.03762415362,5783,3515,0,21.70292547,0.633927916,19,22,27,1,0.05238369503,1324150
S04-surge-high,errra-no-essential-priority,100073,374306.7406,238279,5143.390588,96975,33909.35,0.793011223,0.8038227426,0.7578753351,0.6976987448,0.7008408797,0.06181610948,5060,3273,0,19.60211947,0.5828604994,18,22,26,1,0.04930340221,1184090
S04-surge-high,errra-no-essential-priority,100074,380661.3214,240621.6,5230.446353,101200,33609.275,0.7523425542,0.7531601931,0.6782396088,0.5985312118,0.6468057989,0.09154698169,6444,3825,0,24.57705066,0.7635669043,20,23,28,1,0.04137455823,1466075
S04-surge-high,errra-no-essential-priority,100075,381838.4201,240977.5,5265.230118,101100,34495.69,0.7918766603,0.7981078597,0.7173281704,0.647094431,0.6849960723,0.1017252886,5271,3295,0,20.09179299,0.5830829961,18,22,26,1,0.05238148124,1207440
S04-surge-high,errra-no-essential-priority,100076,377931.9252,237781.7,5086.600235,99625,35438.625,0.7822550556,0.7943907451,0.7434210526,0.68173258,0.6701527224,0.06869125556,5403,3397,0,20.67146327,0.6163594757,19,23,27,1,0.04782571528,1263615
S04-surge-high,errra-no-essential-priority,100077,380099.3656,239992.2,5176.570588,100875,34055.595,0.771968648,0.7782354961,0.7025,0.6289818863,0.6536952256,0.09759948049,5814,3491,0,21.96547648,0.6558945703,18,22,26,1,0.05607864953,1329910
S04-surge-high,errra-no-essential-priority,100078,380666.0885,238641.3,5231.888471,102250,34542.9,0.7732333221,0.7785024984,0.6923454367,0.6188149053,0.6615926935,0.1061528948,5807,3588,0,22.05559993,0.6687440136,19,23,28,1,0.04479213448,1326070
S04-surge-high,errra-no-essential-priority,100079,384453.2468,243493.6,5257.886824,101175,34526.76,0.7599657723,0.7633550611,0.6357843137,0.5464547677,0.6460048426,0.1521043224,6317,3847,0,23.55781363,0.7400281156,20,24,28,1,0.04132127242,1435975
S04-surge-high,errra-no-essential-priority,100080,379421.5516,241665.7,5202.706588,97550,35003.145,0.795977153,0.7973295907,0.7298649325,0.6627108057,0.6819300837,0.08493352143,5343,3273,1,19.71632934,0.5648234773,17,21,26,1,0.05006217403,1210540
S04-surge-high,errra-no-essential-priority,100081,370665.2198,236143.6,5189.119765,95200,34132.5,0.8223704039,0.8227598219,0.7446169254,0.6818465377,0.732933355,0.09946272712,4579,2899,0,17.38538049,0.4732770745,17,22,26,1,0.04507160029,1028395
S04-surge-high,errra-no-essential-priority,100082,384221.4465,242185.3,5245.491529,102800,33990.655,0.7660977118,0.767157607,0.6827386692,0.602059358,0.6625678697,0.1043187312,6134,3748,0,23.27977954,0.7198763142,21,24,28,1,0.05006825923,1383730
S04-surge-high,errra-no-essential-priority,100083,382301.6114,240732.3,5246.701412,101325,34997.61,0.7759019741,0.7824926608,0.7060240964,0.6309739867,0.6553313205,0.0940979157,5705,3502,0,21.67219074,0.6448542608,19,23,27,1,0.05300310936,1312475
S04-surge-high,errra-no-essential-priority,100084,370596.7981,233619.3,5134.298118,98275,33568.2,0.7947607652,0.8022861156,0.7364264561,0.6701667696,0.6803711406,0.08853644771,5068,3169,0,19.74574628,0.5652498702,18,22,26,1,0.04994256072,1169770
S04-surge-high,errra-no-essential-priority,100085,378898.5721,238823.7,5220.427059,100400,34454.445,0.7718762795,0.7729063851,0.6790361446,0.5963636364,0.6586788586,0.1126764408,5936,3498,0,22.52353307,0.6685773129,19,22,26,1,0.04997815611,1347600
S04-surge-high,errra-no-essential-priority,100086,384809.1266,242055.4,5279.681647,103550,33924.045,0.7476011115,0.7466294924,0.66015625,0.5750915751,0.6301347882,0.1030277201,6634,3940,4,25.45090215,0.7846125347,21,25,29,1,0.04536130067,1501525
S04-surge-high,errra-no-essential-priority,100087,380139.9742,239873.6,5212.984235,100575,34478.39,0.7586878333,0.7607176942,0.7121212121,0.6436363636,0.6410421357,0.06492158944,6268,3727,0,23.88686524,0.7290338584,20,24,28,1,0.05620549148,1416335
S04-surge-high,errra-no-essential-priority,100088,385223.1168,243924.5,5244.271765,101950,34104.345,0.7684842827,0.7738539898,0.7452642074,0.6821026283,0.6517857143,0.03973741934,5994,3602,0,22.30871197,0.6712322036,19,23,27,1,0.04772910547,1373440
S04-surge-high,errra-no-essential-priority,100089,385270.121,244032.8,5238.936,101025,34973.385,0.7545544761,0.7546401086,0.6515609265,0.5661442006,0.6385976409,0.1276109681,6504,3755,0,24.31700124,0.7384193181,19,23,28,1,0.04751602289,1470820
S04-surge-high,errra-no-essential-priority,100090,377132.9775,236754.2,5156.607529,100500,34722.17,0.7762088416,0.785326929,0.7416458853,0.6752351097,0.6584295237,0.06129313842,5542,3507,0,21.35250402,0.658408814,19,23,27,1,0.0501973334,1279215
S04-surge-high,errra-no-essential-priority,100091,384506.5094,243480.5,5226.949412,100475,35324.06,0.7658013613,0.7736568987,0.7285570131,0.6622641509,0.6873453226,0.06280237048,5932,3651,0,22.74525762,0.6994694928,19,22,29,1,0.05282393961,1376075
S04-surge-high,errra-no-essential-priority,100092,383661.5957,238329.9,5194.440706,105550,34587.255,0.7441504702,0.7422712204,0.6190716448,0.5261170548,0.6154097824,0.1503668609,6686,3929,0,25.43349546,0.8019310345,21,24,28,1,0.03814061701,1512875
S04-surge-high,errra-no-essential-priority,100093,385415.6461,243692.3,5214.871059,101825,34683.475,0.7801927313,0.7827539092,0.7158746208,0.6451612903,0.6700928382,0.08570662236,5724,3481,0,21.56944859,0.6191402164,19,22,25,1,0.05318643186,1306895
S04-surge-high,errra-no-essential-priority,100094,382306.0769,241274.7,5197.336941,100750,35084.04,0.7668706358,0.7713057373,0.6963001028,0.6227621483,0.6493335527,0.09213199869,6011,3696,0,22.97829503,0.7011892719,19,23,27,1,0.04749348705,1372415
S04-surge-high,errra-no-essential-priority,100095,374614.9145,236700,5188.664471,98450,34276.25,0.8034255898,0.8078599222,0.7721393035,0.7164086687,0.7021276596,0.05047811558,4938,3114,0,19.39270909,0.5511947973,17,21,25,1,0.05564178864,1122015
S04-surge-high,errra-no-essential-priority,100096,375363.0809,238283.3,5214.760941,97700,34165.02,0.7976499179,0.8025354617,0.7486656963,0.6858702244,0.6860242502,0.07177316812,5109,3220,0,19.71577665,0.567138938,18,22,26,1,0.05039190922,1166860
S04-surge-high,errra-no-essential-priority,100097,386332.5265,242076,5272.256471,104225,34759.27,0.7318867458,0.7322723456,0.6420482521,0.552404439,0.6195896121,0.1091096659,7015,4166,0,26.64926748,0.8673961424,21,25,28,1,0.04353447297,1594050
S04-surge-high,errra-no-essential-priority,100098,379301.2779,240501.6,5238.352941,99650,33911.325,0.7851962431,0.7857500481,0.7434503213,0.6786824114,0.7030539311,0.05989742907,5563,3462,0,21.30861334,0.6286993842,19,22,26,1,0.04998338795,1261855
S04-surge-high,errra-no-essential-priority,100099,384638.5879,243564.2,5265.717882,101400,34408.67,0.7672684844,0.7701743791,0.6788321168,0.5964482547,0.6600548299,0.109679775,6089,3672,1,22.9182278,0.6893023827,19,23,27,1,0.04320736713,1385320
S04-surge-high,errra-no-essential-priority,100100,373723.7853,236019.3,5196.155294,98900,33608.33,0.7755215157,0.7835071606,0.7311881188,0.6635630043,0.6837798813,0.07333558219,5563,3420,0,21.8166205,0.6710294266,19,22,28,1,0.0502094326,1288740
S04-surge-high,errra-no-compound-awareness,100001,302389.6469,240287.7,5128.521882,17875,39098.425,0.8082163017,0.9975351712,0.9743209877,0.9689440994,0.7774148976,0.02567901235,65,8844,0,0.1823128887,3.585059473,0,0,0,1,,306470
S04-surge-high,errra-no-compound-awareness,100002,297887.6758,237065.4,5101.555765,17850,37870.72,0.8172452688,0.9981492192,0.9821517105,0.9777365492,0.787461606,0.01784828954,48,8379,0,0.1380330254,3.324539416,0,0,0,1,,270200
S04-surge-high,errra-no-compound-awareness,100003,297971.2359,237192,5171.265882,18350,37257.97,0.8138857279,0.9978057512,0.9727587915,0.9677419355,0.783191832,0.02724120852,57,8291,0,0.1453463743,3.27907762,0,0,0,1,,285335
S04-surge-high,errra-no-compound-awareness,100004,302804.3931,240597,5179.003059,18050,38978.39,0.816356592,0.9978211009,0.9874812218,0.9842866122,0.7882365665,0.01251877817,57,8366,0,0.1597131377,3.441271492,0,0,0,1,,275665
S04-surge-high,errra-no-compound-awareness,100005,303085.3704,240917.6,5136.450353,17175,39856.32,0.8269332448,0.999122807,0.9887365328,0.9859327217,0.7967273115,0.01126346719,23,8344,3,0.06813314946,3.219262975,0,0,0,1,,230675
S04-surge-high,errra-no-compound-awareness,100006,299382.0662,238289.9,5111.181176,17550,38430.985,0.8223095285,0.9983218277,0.9791563275,0.9757613424,0.7939829367,0.02084367246,44,8222,0,0.1090034139,3.236721703,0,0,0,1,,249085
S04-surge-high,errra-no-compound-awareness,100007,302138.5681,240103.6,5164.303059,18300,38570.665,0.8195071285,0.9979822591,0.982133995,0.9776119403,0.7909004638,0.01786600496,53,8340,0,0.146075268,3.34267308,0,0,0,1,,267030
S04-surge-high,errra-no-compound-awareness,100008,301236.2235,240165.4,5053.683529,17825,38192.14,0.8214475818,0.9980858313,0.9881382156,0.9863724854,0.7891350455,0.01186178442,50,8065,0,0.1366281195,3.124085513,0,0,0,1,,271345
S04-surge-high,errra-no-compound-awareness,100009,301877.0549,239913.1,5142.669882,17900,38921.285,0.8153895535,0.997284064,0.975,0.9698870765,0.7848760478,0.025,71,8248,0,0.1946021864,3.292791625,0,0,0,1,,292855
S04-surge-high,errra-no-compound-awareness,100010,305569.1382,243409.9,5191.233176,17575,39393.005,0.8187441173,0.9985687921,0.9813999021,0.9774665043,0.7895033661,0.0186000979,38,8608,0,0.1045244592,3.300182136,0,0,0,1,,260550
S04-surge-high,errra-no-compound-awareness,100011,298990.446,238215.5,5132.016,18050,37592.93,0.826630428,0.9974899598,0.9685471792,0.9606741573,0.7934039147,0.03145282077,65,8171,0,0.1868222736,3.121879736,0,0,0,1,,249240
S04-surge-high,errra-no-compound-awareness,100012,300119.3048,239356.4,5149.219765,17575,38038.685,0.8233503547,0.9978556385,0.9873294347,0.9859413203,0.7942364665,0.0126705653,56,8255,0,0.1525785704,3.204765987,0,0,0,1,,255150
S04-surge-high,errra-no-compound-awareness,100013,299556.7456,238802.2,5127.785647,17900,37726.76,0.8237656009,0.9988515867,0.9852941176,0.9816401469,0.7940134481,0.01470588235,30,8244,0,0.08720913963,3.163753667,0,0,0,1,,243820
S04-surge-high,errra-no-compound-awareness,100014,303689.903,242339.5,5261.748,17750,38338.655,0.8276785824,0.9974144487,0.9758179232,0.9697329377,0.7986308677,0.02418207681,68,8040,0,0.1907942928,3.07897809,0,0,0,1,,244990
S04-surge-high,errra-no-compound-awareness,100015,300749.1664,239513.7,5035.441412,17375,38825.025,0.8173035239,0.9968292776,0.9766960124,0.9719869707,0.7870227915,0.02330398757,83,8241,0,0.224879789,3.253235895,0,0,0,1,,278160
S04-surge-high,errra-no-compound-awareness,100016,295178.6631,234589,5082.698118,17775,37731.965,0.8182104441,0.9986440941,0.9825436409,0.9783013019,0.7853929464,0.0174563591,35,8143,0,0.10113774,3.329495932,0,0,0,1,,253835
S04-surge-high,errra-no-compound-awareness,100017,304989.1228,243097.3,5223.242824,18525,38143.58,0.8104216116,0.9974814871,0.9760536398,0.9699879952,0.7714499412,0.02394636015,67,8521,0,0.1873948809,3.284655101,0,0,0,1,,327325
S04-surge-high,errra-no-compound-awareness,100018,301099.6565,239972.4,5147.516471,17750,38229.74,0.8263873384,0.9972585006,0.9724273757,0.9657072872,0.794814895,0.02757262432,72,8154,0,0.2045383622,3.266813029,0,0,0,1,,240905
S04-surge-high,errra-no-compound-awareness,100019,299202.0054,238353.3,5131.705412,18000,37717,0.8323900036,0.9988113497,0.9887530562,0.9865771812,0.8000433628,0.01124694377,31,8040,0,0.0843760149,3.092301185,0,0,0,1,,219440
S04-surge-high,errra-no-compound-awareness,100020,301021.8275,239715.8,5134.412471,17700,38471.615,0.8136444841,0.9979041232,0.9876968504,0.9846437346,0.7847177506,0.01230314961,55,8258,1,0.157419118,3.381271401,0,0,0,1,,301545
S04-surge-high,errra-no-compound-awareness,100021,298407.1596,237303,5098.354588,17600,38405.805,0.8176681626,0.9976789168,0.9773399015,0.9717271051,0.7870110085,0.02266009852,60,8287,0,0.1762086098,3.32479968,0,0,0,1,,270505
S04-surge-high,errra-no-compound-awareness,100022,303112.9553,241090,5139.935294,17650,39233.02,0.8237264343,0.9981343284,0.9789894947,0.9742462312,0.7956313798,0.02101050525,49,8252,0,0.1341553979,3.234284377,0,0,0,1,,246640
S04-surge-high,errra-no-compound-awareness,100023,302875.9115,241466.7,5183.876471,17475,38750.335,0.8168822245,0.9982634957,0.9809570313,0.9763349515,0.7881979718,0.01904296875,46,8289,0,0.1423626234,3.186713132,0,0,0,1,,280820
S04-surge-high,errra-no-compound-awareness,100024,303017.9874,241195.4,5222.262353,17375,39225.325,0.8230304826,0.9981036183,0.9835828102,0.9807344973,0.7927407862,0.01641718976,50,8088,0,0.133458942,3.200637061,0,0,0,1,,260535
S04-surge-high,errra-no-compound-awareness,100025,301608.5724,239140.4,5132.377412,18075,39260.795,0.8192401352,0.9977581883,0.9712015889,0.9642416769,0.7859965512,0.02879841112,59,8369,0,0.1703966116,3.432424709,0,0,0,1,,255515
S04-surge-high,errra-no-compound-awareness,100026,295457.0867,235159,5062.836706,17800,37435.25,0.8189291044,0.9979753932,0.9771371769,0.9714463066,0.7916506665,0.02286282306,52,7867,0,0.1547083666,3.142347674,0,0,0,1,,285810
S04-surge-high,errra-no-compound-awareness,100027,304091.6644,242484.8,5151.409412,17925,38530.455,0.8217831515,0.9981462566,0.9753024194,0.9702719798,0.7881114903,0.02469758065,49,8348,0,0.1309095384,3.308611029,0,0,0,1,,249530
S04-surge-high,errra-no-compound-awareness,100028,300834.3704,239742.8,5164.410353,17900,38027.16,0.8241102038,0.9990757144,0.9888494678,0.9860228717,0.7929545784,0.01115053218,24,8048,14,0.06875008884,3.216730038,0,0,0,1,,241330
S04-surge-high,errra-no-compound-awareness,100029,299266.3389,237447.2,5065.653882,18000,38753.485,0.8186489082,0.9980085784,0.9738562092,0.9674593242,0.7854952192,0.02614379085,52,8460,0,0.1521073621,3.443438463,0,0,0,1,,260130
S04-surge-high,errra-no-compound-awareness,100030,298182.5579,237263.5,5113.497882,17750,38055.56,0.8259958071,0.9982225657,0.9773185484,0.9718925671,0.7948390393,0.02268145161,46,8137,0,0.1295995883,3.295584931,0,0,0,1,,228425
S04-surge-high,errra-no-compound-awareness,100031,300668.7226,239501.8,5071.822588,17900,38195.1,0.8243427242,0.9982157771,0.9769155206,0.9716923077,0.7940793348,0.02308447937,47,8091,0,0.1291424006,3.192726643,0,0,0,1,,243630
S04-surge-high,errra-no-compound-awareness,100032,301697.6435,240253.5,5174.828471,17775,38494.315,0.8282446052,0.9981015302,0.9847890088,0.9820322181,0.7959535084,0.01477147903,50,8164,0,0.1307220375,3.115797935,0,0,0,1,,233400
S04-surge-high,errra-no-compound-awareness,100033,298073.6669,237046.9,5135.176941,18350,37541.59,0.8169647343,0.9979855112,0.9738693467,0.9673161534,0.782306419,0.02613065327,52,8506,0,0.152610879,3.570933387,0,0,0,1,,255275
S04-surge-high,errra-no-compound-awareness,100034,300167.1829,238534.3,5187.412941,17800,38645.47,0.8225088304,0.9981992337,0.985059761,0.9813895782,0.7919000743,0.01494023904,47,8043,0,0.135901034,3.208534401,0,0,0,1,,255390
S04-surge-high,errra-no-compound-awareness,100035,297835.1805,236663.7,5002.815529,17650,38518.665,0.8123696313,0.9978712699,0.9812658228,0.9784263959,0.7828711462,0.01873417722,55,8342,0,0.1432969744,3.508431555,0,0,0,1,,283545
S04-surge-high,errra-no-compound-awareness,100036,297887.1802,237296.4,5194.480235,18200,37196.3,0.8251614926,0.998104082,0.9760598504,0.9703282828,0.7947951436,0.02394014963,49,8083,1,0.138152209,3.255678896,0,0,0,1,,236820
S04-surge-high,errra-no-compound-awareness,100037,300119.7282,238758.4,5098.473176,17200,39062.855,0.820232662,0.9978655283,0.986013986,0.9837601499,0.793396529,0.01398601399,56,8187,0,0.1490532452,3.086962992,0,0,0,1,,271130
S04-surge-high,errra-no-compound-awareness,100038,301323.1198,240086.7,5164.094824,17675,38397.325,0.8241298445,0.9984752611,0.9849924962,0.9818636648,0.7927673578,0.01500750375,40,7945,0,0.1108354068,2.990496174,0,0,0,1,,263740
S04-surge-high,errra-no-compound-awareness,100039,300315.6669,238835.6,5093.781882,17375,39011.285,0.8134534252,0.9983980471,0.983234714,0.9796923077,0.7830566686,0.016765286,42,8600,0,0.1147373136,3.415046952,0,0,0,1,,292120
S04-surge-high,errra-no-compound-awareness,100040,299460.337,238547,5131.392,17225,38556.945,0.8204071437,0.9987232067,0.9853015712,0.9816223067,0.7926746759,0.01469842879,33,8155,0,0.09458244467,3.271175222,0,0,0,1,,266410
S04-surge-high,errra-no-compound-awareness,100041,298543.4949,237085.2,5069.109882,17875,38514.185,0.8215163547,0.9967699253,0.9795307039,0.9750778816,0.7909410202,0.01894911138,83,8351,0,0.2421250572,3.27184723,0,0,0,1,,244065
S04-surge-high,errra-no-compound-awareness,100042,300595.6091,239303.4,5185.699059,17675,38431.51,0.8191328303,0.9973711281,0.9754661433,0.9715698393,0.7874854778,0.02453385672,69,8159,0,0.1757849818,3.270723717,0,0,0,1,,269135
S04-surge-high,errra-no-compound-awareness,100043,302038.8661,240296.5,5160.506118,17800,38781.86,0.8254546355,0.9988514109,0.9850299401,0.9837092732,0.7975438028,0.01497005988,30,7957,0,0.06721046328,3.133838759,0,0,0,1,,242570
S04-surge-high,errra-no-compound-awareness,100044,294257.6768,233991.7,5119.706824,18625,36521.27,0.8174410166,0.9992184447,0.9910891089,0.9888613861,0.7849462366,0.008910891089,20,7994,0,0.05861909451,3.282483862,0,0,0,1,,268975
S04-surge-high,errra-no-compound-awareness,100045,303407.2275,241676.7,5187.507529,18100,38443.02,0.8161693106,0.998675647,0.9827160494,0.9796044499,0.7812044813,0.01728395062,35,8576,0,0.08686122411,3.497836778,0,0,0,1,,265505
S04-surge-high,errra-no-compound-awareness,100046,300459.8648,239826.7,5175.919765,17725,37732.245,0.825820232,0.9982055589,0.9806930693,0.9759704251,0.796506613,0.01930693069,47,8134,0,0.1371343208,3.180326851,0,0,0,1,,240990
S04-surge-high,errra-no-compound-awareness,100047,298148.9145,237320.2,5093.859529,17825,37909.855,0.8294903291,0.9987343229,0.9840239641,0.9799874922,0.798083728,0.01597603595,33,7888,0,0.09745112591,3.04170148,0,0,0,1,,227040
S04-surge-high,errra-no-compound-awareness,100048,299679.3309,238308,5131.125882,17875,38365.205,0.8145823455,0.9977658796,0.9824912456,0.9786566227,0.7811549044,0.01750875438,58,8133,0,0.1634113121,3.224263146,0,0,0,1,,292315
S04-surge-high,errra-no-compound-awareness,100049,305028.4558,243221.6,5163.115765,17775,38868.74,0.8210062234,0.9972622262,0.9803526448,0.9767879548,0.7912134482,0.01964735516,73,7962,0,0.1922713639,3.012751343,0,0,0,1,,290700
S04-surge-high,errra-no-compound-awareness,100050,297509.4533,236735.4,5076.323294,17575,38122.73,0.8206764599,0.9974865628,0.9792615073,0.9742138365,0.7889481302,0.02073849267,65,8247,0,0.1860319182,3.245735936,0,0,0,1,,263605
S04-surge-high,errra-no-compound-awareness,100051,301099.9422,240263.7,5104.312235,18125,37606.93,0.8192507689,0.998400792,0.9787341772,0.9735015773,0.7838952654,0.02126582278,42,8116,0,0.1182928505,3.157306424,0,0,0,1,,277540
S04-surge-high,errra-no-compound-awareness,100052,303328.3726,241875.5,5184.017647,17550,38718.855,0.8277910912,0.9981081388,0.9823702253,0.979204893,0.7990343348,0.01762977473,50,8237,0,0.1355832853,3.168861329,0,0,0,1,,238800
S04-surge-high,errra-no-compound-awareness,100053,298699.1811,238136.8,5129.371059,17675,37758.01,0.8191360264,0.9973789701,0.9765469062,0.9708617483,0.78716607,0.02345309381,68,8206,0,0.1955027675,3.328737818,0,0,0,1,,265580
S04-surge-high,errra-no-compound-awareness,100054,301931.4726,240259.4,5123.422588,17750,38798.65,0.8164569455,0.9973520956,0.9714008725,0.9648484848,0.7846170296,0.02859912748,70,8535,0,0.1934210406,3.290032075,0,0,0,1,,289710
S04-surge-high,errra-no-compound-awareness,100055,301372.5154,240043.1,5122.885412,18100,38106.53,0.8172463571,0.9979379869,0.9735924265,0.9694513716,0.7837401582,0.02640757349,54,8576,0,0.1388663494,3.507075966,0,0,0,1,,262525
S04-surge-high,errra-no-compound-awareness,100056,304411.4125,242313.3,5171.492471,17925,39001.62,0.8138926589,0.9974538269,0.9750382068,0.9691046658,0.7806602081,0.02496179317,67,8527,0,0.1807221183,3.44,0,0,0,1,,303725
S04-surge-high,errra-no-compound-awareness,100057,301382.8138,239929.8,5174.143765,17175,39103.87,0.8329570828,0.998247018,0.9811685176,0.9772045591,0.8037255146,0.01883148238,46,8010,0,0.1274689701,3.050762987,0,0,0,1,,221755
S04-surge-high,errra-no-compound-awareness,100058,303547.1381,242238.1,5133.698118,17225,38950.34,0.8163835944,0.9979260153,0.9744471744,0.9692307692,0.789081498,0.02555282555,55,8385,0,0.1458481032,3.13249246,0,0,0,1,,304385
S04-surge-high,errra-no-compound-awareness,100059,303834.9708,241967.7,5124.115765,18475,38268.155,0.8246919918,0.9984622309,0.9793866264,0.9755485893,0.7911842804,0.02061337355,41,8363,0,0.1031962651,3.358634008,0,0,0,1,,234485
S04-surge-high,errra-no-compound-awareness,100060,300506.5422,239528,5193.837176,18150,37634.705,0.8277483394,0.9986207953,0.9827172348,0.9784688995,0.795223837,0.01728276524,36,7985,0,0.1023753412,3.071808841,0,0,0,1,,243600
S04-surge-high,errra-no-compound-awareness,100061,303001.2365,240975.6,5127.291529,17700,39198.345,0.8210444617,0.9984718826,0.9799095932,0.975487115,0.7875301044,0.02009040683,40,8218,0,0.1112926395,3.112219881,0,0,0,1,,281700
S04-surge-high,errra-no-compound-awareness,100062,296323.4904,236025,5096.245412,17500,37702.245,0.8146412146,0.997937101,0.983,0.9793103448,0.7833941639,0.017,53,8262,1,0.1538672368,3.261626662,0,0,0,1,,274570
S04-surge-high,errra-no-compound-awareness,100063,301482.4972,239975.6,5167.497176,18025,38314.4,0.8162328097,0.9979081885,0.9730919765,0.9662990196,0.7854816194,0.02690802348,55,8576,0,0.1530791256,3.415660936,0,0,0,1,,274775
S04-surge-high,errra-no-compound-awareness,100064,304890.7575,243179.4,5217.692471,17475,39018.665,0.8202801656,0.9968624783,0.9746411483,0.968358209,0.788841003,0.02535885167,83,8538,0,0.2388612362,3.347255896,0,0,0,1,,261335
S04-surge-high,errra-no-compound-awareness,100065,301728.3901,239997,5190.595059,17650,38890.795,0.8249264788,0.9973571319,0.9792797237,0.9746444032,0.7959260997,0.02072027627,69,8143,0,0.1941488753,3.191465336,0,0,0,1,,250430
S04-surge-high,errra-no-compound-awareness,100066,299703.7745,238133.2,5081.984471,17825,38663.59,0.8182112082,0.9981233244,0.9761789013,0.9713937918,0.7865881933,0.02382109869,49,8685,0,0.1342435791,3.507143479,0,0,0,1,,244615
S04-surge-high,errra-no-compound-awareness,100067,302648.8514,239999.9,5115.546353,17400,40133.405,0.8199948327,0.9982855837,0.9812753036,0.976758794,0.7918012996,0.01872469636,45,8387,0,0.1269671903,3.235627022,0,0,0,1,,260025
S04-surge-high,errra-no-compound-awareness,100068,300921.8954,239810.7,5121.750353,18000,37989.445,0.8178778836,0.998318814,0.981018981,0.9787367104,0.784979627,0.01898101898,44,8167,0,0.106369114,3.230513008,0,0,0,1,,283485
S04-surge-high,errra-no-compound-awareness,100069,300245.7958,239349.2,5141.930824,18400,37354.665,0.8189364429,0.9987367454,0.9870194708,0.9849435383,0.7890427869,0.01298052921,33,8147,0,0.08772056572,3.217739226,0,0,0,1,,274170
S04-surge-high,errra-no-compound-awareness,100070,299430.5674,238277.6,5056.537412,17650,38446.43,0.8177279485,0.998927655,0.9860488291,0.9825436409,0.786750475,0.0139511709,28,8408,0,0.0810411159,3.345502973,0,0,0,1,,267045
S04-surge-high,errra-no-compound-awareness,100071,298253.7268,237250.1,5105.426824,17450,38448.2,0.8245958415,0.9978410055,0.976628543,0.9725,0.7926771279,0.02337145699,56,7952,0,0.1470099498,3.139358098,0,0,0,1,,244560
S04-surge-high,errra-no-compound-awareness,100072,303287.6675,241896.9,5110.287529,17625,38655.48,0.821759769,0.9982645439,0.9825174825,0.9787367104,0.7890960253,0.01748251748,46,8400,0,0.1261484717,3.199784678,0,0,0,1,,273970
S04-surge-high,errra-no-compound-awareness,100073,298824.2436,237548,5128.433647,18175,37972.81,0.8201064814,0.998332881,0.986,0.9825109307,0.7878239467,0.014,43,8199,0,0.1242855812,3.19302872,0,0,0,1,,277705
S04-surge-high,errra-no-compound-awareness,100074,300826.3605,239340.2,5198.540471,18800,37487.62,0.823670686,0.9985827013,0.9819070905,0.9785801714,0.7902561217,0.01809290954,37,8270,0,0.09702199497,3.319645101,0,0,0,1,,238005
S04-surge-high,errra-no-compound-awareness,100075,302031.0991,240218.1,5222.414118,17825,38765.585,0.8180937958,0.9975486441,0.977250726,0.9721549637,0.7873436483,0.02274927396,64,8307,0,0.1742260172,3.326969389,0,0,0,1,,263485
S04-surge-high,errra-no-compound-awareness,100076,300415.8481,238412.9,5049.038118,17450,39503.91,0.8250379325,0.9986680874,0.9853238866,0.9817953547,0.7913242335,0.01467611336,35,8099,0,0.09955403519,3.247692958,0,0,0,1,,245170
S04-surge-high,errra-no-compound-awareness,100077,300370.3699,239429.6,5123.764941,17625,38192.005,0.815905944,0.9980928405,0.977,0.9718925671,0.7865850394,0.023,50,8323,0,0.1351064466,3.317055682,0,0,0,1,,276425
S04-surge-high,errra-no-compound-awareness,100078,299682.4272,238267.4,5155.252235,17575,38684.775,0.8170815141,0.9976732654,0.9700686948,0.9645693341,0.7878826415,0.0299313052,61,8487,0,0.1559381358,3.358124666,0,0,0,1,,277100
S04-surge-high,errra-no-compound-awareness,100079,303904.4771,242152.5,5163.607059,18300,38288.37,0.827039912,0.9983516895,0.9828431373,0.9792176039,0.798152474,0.01715686275,44,8226,20,0.1191327089,3.174011368,0,0,0,1,,234950
S04-surge-high,errra-no-compound-awareness,100080,301836.0789,240467.3,5173.708941,17425,38770.07,0.8294106061,0.9981413344,0.9754877439,0.9693941287,0.8031537026,0.02451225613,49,7976,0,0.1428200541,2.975466542,0,0,0,1,,237365
S04-surge-high,errra-no-compound-awareness,100081,297226.2016,236486.7,5105.201647,17600,38034.3,0.8326175407,0.9982968841,0.9834752128,0.9794135995,0.8019333419,0.01652478718,44,7574,0,0.1285900394,2.997237292,0,0,0,1,,222320
S04-surge-high,errra-no-compound-awareness,100082,301732.9786,240151.4,5153.453647,18450,37978.125,0.8200742115,0.9982918312,0.9783027965,0.9733494852,0.7851545728,0.02169720347,45,8128,0,0.1263909606,3.314879406,0,0,0,1,,270095
S04-surge-high,errra-no-compound-awareness,100083,304648.6412,242184.1,5245.876235,17925,39293.665,0.8240856489,0.9978649586,0.9730120482,0.9661222021,0.7934338985,0.02698795181,56,8447,0,0.1661877647,3.405817192,0,0,0,1,,232690
S04-surge-high,errra-no-compound-awareness,100084,297222.5615,236218.8,5160.111529,17675,38168.65,0.8097263899,0.997776304,0.9787759131,0.9734403953,0.7749033821,0.02071044688,57,8526,0,0.16106592,3.57936719,0,0,0,1,,276785
S04-surge-high,errra-no-compound-awareness,100085,301294.2532,240149.8,5171.973176,17525,38447.48,0.8165407377,0.9981254065,0.9763855422,0.9703030303,0.785398309,0.02361445783,49,8227,0,0.144948791,3.246349301,0,0,0,1,,291835
S04-surge-high,errra-no-compound-awareness,100086,302539.4555,241146.1,5162.535529,18350,37880.82,0.813065761,0.9983195203,0.9799804688,0.974969475,0.7796169265,0.02001953125,44,8367,0,0.1259552708,3.375646805,0,0,0,1,,291295
S04-surge-high,errra-no-compound-awareness,100087,300693.4319,239135,5173.221882,17825,38560.21,0.8225474389,0.9982821149,0.9824046921,0.9787878788,0.7923960268,0.01759530792,45,8285,0,0.1237378898,3.38377775,0,0,0,1,,240440
S04-surge-high,errra-no-compound-awareness,100088,304393.3538,242903.3,5160.463765,18100,38229.59,0.8208999226,0.9989435955,0.9860418744,0.9843554443,0.7847996477,0.01395812562,28,8424,0,0.06723130501,3.295232597,0,0,0,1,,254380
S04-surge-high,errra-no-compound-awareness,100089,304349.4161,242742.3,5201.251059,17825,38580.865,0.8261764454,0.9977742568,0.9702920443,0.9630094044,0.7999929075,0.02970795569,59,8128,0,0.1695060864,3.086654497,0,0,0,1,,253510
S04-surge-high,errra-no-compound-awareness,100090,298082.3289,236676.5,5110.233882,17450,38845.595,0.8170123491,0.9977145956,0.9740648379,0.9673981191,0.7872278026,0.02593516209,59,8257,0,0.1700909666,3.350309669,0,0,0,1,,275735
S04-surge-high,errra-no-compound-awareness,100091,301661.0983,240221.3,5103.863294,17325,39010.935,0.8288714105,0.9985500611,0.980827447,0.9767295597,0.7993018888,0.01917255298,38,8342,0,0.1049571168,3.074972613,0,0,0,1,,243925
S04-surge-high,errra-no-compound-awareness,100092,297303.0594,235964.8,5097.834353,17800,38440.425,0.8165642633,0.9976871483,0.9752774975,0.9704216488,0.7866922585,0.02472250252,60,8184,0,0.1620745729,3.368012539,0,0,0,1,,275055
S04-surge-high,errra-no-compound-awareness,100093,301971.6796,240368.2,5113.654588,17550,38939.825,0.8236988173,0.9988613937,0.9848331648,0.981657179,0.7926880886,0.01516683519,30,8384,0,0.08186590011,3.331483145,0,0,0,1,,252145
S04-surge-high,errra-no-compound-awareness,100094,302661.8756,241184.2,5149.510588,17375,38953.165,0.8210170495,0.9986303455,0.9835560123,0.9801790281,0.793745439,0.01644398767,36,8245,0,0.1021346228,3.195390955,0,0,0,1,,264115
S04-surge-high,errra-no-compound-awareness,100095,294884.4344,233666,5062.849412,17225,38930.585,0.8113783021,0.9979377432,0.97960199,0.9746130031,0.7800552486,0.02039800995,53,8739,0,0.1563060899,3.542523694,0,0,0,1,,274160
S04-surge-high,errra-no-compound-awareness,100096,299714.2401,238215.4,5182.190118,17900,38416.65,0.8230047478,0.9981447841,0.9844735565,0.9805942996,0.7901972614,0.01503704706,48,8252,0,0.1378807478,3.322660253,0,0,0,1,,232275
S04-surge-high,errra-no-compound-awareness,100097,302044.2536,240368.7,5161.138588,17850,38664.415,0.8143298714,0.9982444088,0.9827671098,0.9790382244,0.7846126383,0.0172328902,46,8600,6,0.127134271,3.425506924,0,0,0,1,,288445
S04-surge-high,errra-no-compound-awareness,100098,299071.0112,238281.1,5170.221176,17975,37644.69,0.8292840704,0.998998652,0.9911023233,0.9900559354,0.797946448,0.008897676718,26,8166,0,0.06606457979,3.057299247,0,0,0,1,,235590
S04-surge-high,errra-no-compound-awareness,100099,303887.4876,242475.3,5166.922588,17925,38320.265,0.825067551,0.9988299238,0.9849148418,0.9816289039,0.7961161596,0.01508515815,31,8304,0,0.08328314707,3.208523704,0,0,0,1,,239170
S04-surge-high,errra-no-compound-awareness,100100,295754.647,235052.7,5091.432,17750,37860.515,0.8154791898,0.997859589,0.9742574257,0.9683426443,0.7866664205,0.02574257426,55,8357,0,0.159056582,3.446160435,0,0,0,1,,267460
S07-supply-high,equity-constrained-rolling-horizon,100001,254047.2995,193246.5,4159.719529,14375,42266.08,0.7939582915,0.9999052043,0.9987730061,1,0.75287047,0.001226993865,2,7035,0,0,4.027337419,0,0,0,1,,359385
S07-supply-high,equity-constrained-rolling-horizon,100002,252133.2199,191697.8,4147.264941,15050,41238.155,0.7996803911,0.9999517747,0.9993753904,0.9991673605,0.7619341423,0.000624609619,1,6626,0,0.005494505495,3.711850598,0,0,0,1,,338335
S07-supply-high,equity-constrained-rolling-horizon,100003,250121.3985,190729.6,4155.543529,14450,40786.255,0.8027139548,0.9998552752,0.9981515712,1,0.7618491818,0.001848428835,3,6623,0,0,3.617667314,0,0,0,1,,328575
S07-supply-high,equity-constrained-rolling-horizon,100004,254134.0485,193235.6,4180.508471,14575,42142.94,0.7948101874,1,1,1,0.7584401517,0,0,6935,0,0,3.74981011,0,0,0,1,,360970
S07-supply-high,equity-constrained-rolling-horizon,100005,257158.9422,196064.1,4233.712235,14775,42086.13,0.8174126679,1,1,1,0.7781818988,0,0,6321,0,0,3.224690979,0,0,0,1,,298100
S07-supply-high,equity-constrained-rolling-horizon,100006,252415.3812,191978.5,4129.996235,14850,41456.885,0.8048299425,0.9997618821,0.9969021066,0.9983443709,0.7701005025,0.003097893432,5,6833,0,0.01022930823,3.56007144,0,0,0,1,,331190
S07-supply-high,equity-constrained-rolling-horizon,100007,254248.3554,193689.4,4170.030353,15100,41288.925,0.8103653724,1,1,1,0.7783924212,0,0,6328,0,0,3.330367229,0,0,0,1,,324115
S07-supply-high,equity-constrained-rolling-horizon,100008,252605.68,192589.6,4110.9,14625,41280.18,0.8094899206,0.9999043931,0.9987195903,1,0.7708644064,0.001280409731,2,6358,0,0,3.335535374,0,0,0,1,,337990
S07-supply-high,equity-constrained-rolling-horizon,100009,253232.0733,192318.6,4112.843294,14425,42375.63,0.7964501977,0.9997609828,0.9968905473,0.9975041597,0.7567145534,0.003109452736,5,7090,0,0.01614180727,3.878166708,0,0,0,1,,362010
S07-supply-high,equity-constrained-rolling-horizon,100010,257306.345,196058.2,4173.96,14650,42424.185,0.802703612,0.9999529412,0.9993891265,1,0.7641578008,0.0006108735492,1,6761,0,0,3.595620393,0,0,0,1,,346620
S07-supply-high,equity-constrained-rolling-horizon,100011,250079.6571,190432.4,4112.647059,14750,40784.61,0.8154646281,1,1,1,0.7801160278,0,0,6431,0,0,3.306378846,0,0,0,1,,305675
S07-supply-high,equity-constrained-rolling-horizon,100012,252627.6081,192244.4,4156.783059,14750,41476.425,0.8025185944,0.9998566308,0.9981938591,1,0.7630593249,0.001806140879,3,6749,0,0,3.666759833,0,0,0,1,,342150
S07-supply-high,equity-constrained-rolling-horizon,100013,253256.1894,193011.9,4167.409412,14850,41226.88,0.8060061274,1,1,1,0.7676037241,0,0,6507,0,0,3.591685977,0,0,0,1,,316415
S07-supply-high,equity-constrained-rolling-horizon,100014,255783.0848,195146.5,4230.979765,14775,41630.605,0.8059905429,1,1,1,0.7697312903,0,0,6645,0,0,3.498387988,0,0,0,1,,329695
S07-supply-high,equity-constrained-rolling-horizon,100015,254974.4032,194046.1,4136.433176,15000,41791.87,0.8059738451,0.9999045483,0.9987080103,1,0.7704067948,0.001291989664,2,6627,0,0,3.568242668,0,0,0,1,,334900
S07-supply-high,equity-constrained-rolling-horizon,100016,250149.3154,189976.2,4180.050353,15175,40818.065,0.8049187292,1,1,1,0.7651653456,0,0,6682,0,0,3.582820638,0,0,0,1,,313405
S07-supply-high,equity-constrained-rolling-horizon,100017,255576.3091,195021.5,4221.079059,14750,41583.73,0.8063212054,0.9999529677,0.99940012,0.9991967871,0.7646954004,0.000599880024,1,6849,0,0.005780346821,3.596288129,0,0,0,1,,339400
S07-supply-high,equity-constrained-rolling-horizon,100018,253538.5394,193216.7,4142.809412,14900,41279.03,0.8107823229,1,1,1,0.7726166877,0,0,6505,0,0,3.491776851,0,0,0,1,,315435
S07-supply-high,equity-constrained-rolling-horizon,100019,252290.7745,192485.3,4159.119529,14750,40896.355,0.8190284851,0.9999519831,0.9993898719,1,0.7817667685,0.0006101281269,1,6141,0,0,3.202292514,0,0,0,1,,311550
S07-supply-high,equity-constrained-rolling-horizon,100020,254841.4368,193448.8,4145.426824,15325,41922.21,0.7940144671,1,1,1,0.7609483337,0,0,7061,0,0,3.868476607,0,0,0,1,,356405
S07-supply-high,equity-constrained-rolling-horizon,100021,252469.1561,191534.2,4172.371059,15275,41487.585,0.8033106895,1,1,1,0.7631191539,0,0,6615,0,0,3.639618958,0,0,0,1,,344025
S07-supply-high,equity-constrained-rolling-horizon,100022,255230.6272,194577.8,4183.672235,14925,41544.155,0.8182713011,0.9999049339,0.9987585351,0.9991694352,0.7844898687,0.001241464929,2,6302,0,0.005593694381,3.193663488,0,0,0,1,,303735
S07-supply-high,equity-constrained-rolling-horizon,100023,256623.9576,195789.2,4243.277647,14500,42091.48,0.8049488526,0.9999058292,0.9987789988,0.9983844911,0.7694571397,0.001221001221,2,6797,0,0.01061612976,3.479341382,0,0,0,1,,352125
S07-supply-high,equity-constrained-rolling-horizon,100024,254598.3953,193881.9,4222.895294,14375,42118.6,0.8108971392,0.9999052133,0.998788613,1,0.7717704859,0.001211387038,2,6614,0,0,3.516912014,0,0,0,1,,320000
S07-supply-high,equity-constrained-rolling-horizon,100025,252580.1661,192192.3,4142.966118,14375,41869.9,0.8069029851,1,1,1,0.7682025476,0,0,6551,0,0,3.443610075,0,0,0,1,,320005
S07-supply-high,equity-constrained-rolling-horizon,100026,249483.7828,189588.5,4104.962824,14650,41140.32,0.7988893108,1,1,1,0.7640030215,0,0,6601,0,0,3.671539776,0,0,0,1,,351045
S07-supply-high,equity-constrained-rolling-horizon,100027,255454.8132,194865.1,4162.108235,14775,41652.605,0.8072496504,0.9999053434,0.9987333756,1,0.7720568636,0.001266624446,2,6831,0,0,3.557537762,0,0,0,1,,317680
S07-supply-high,equity-constrained-rolling-horizon,100028,250740.8172,191420.6,4137.417176,14225,40957.8,0.8105379594,1,1,1,0.7763745607,0,0,6411,0,0,3.438266316,0,0,0,1,,304790
S07-supply-high,equity-constrained-rolling-horizon,100029,251780.2621,191223,4123.442118,14700,41733.82,0.8058128294,1,1,1,0.7681221526,0,0,6744,0,0,3.695746406,0,0,0,1,,325520
S07-supply-high,equity-constrained-rolling-horizon,100030,249489.2002,189907.5,4101.880235,14425,41054.82,0.8127599466,0.9999516862,0.9993674889,0.9991652755,0.7747137448,0.0006325110689,1,6668,1,0.006060606061,3.462512752,0,0,0,1,,308225
S07-supply-high,equity-constrained-rolling-horizon,100031,252337.5717,192094.4,4106.616706,14375,41761.555,0.805055214,0.9999525211,0.9993868792,1,0.7683757059,0.0006131207848,1,6828,0,0,3.774219028,0,0,0,1,,331610
S07-supply-high,equity-constrained-rolling-horizon,100032,252839.9038,192662.2,4155.578824,14525,41497.125,0.8095289592,0.9999050062,0.9987737584,1,0.7794022165,0.00122624157,2,6731,0,0,3.386580976,0,0,0,1,,315555
S07-supply-high,equity-constrained-rolling-horizon,100033,249325.8867,189816.3,4139.436706,14950,40420.15,0.8069351266,1,1,1,0.7689724956,0,0,6526,0,0,3.589501469,0,0,0,1,,300535
S07-supply-high,equity-constrained-rolling-horizon,100034,252350.9856,191412.6,4198.750588,15050,41689.635,0.8096126345,1,1,1,0.772398631,0,0,6609,0,0,3.551234222,0,0,0,1,,319075
S07-supply-high,equity-constrained-rolling-horizon,100035,250902.2515,190656.3,4045.076471,14575,41625.875,0.7997359362,0.9998063798,0.997471555,0.9991546915,0.7618500496,0.002528445006,4,6557,0,0.005230593008,3.749909621,0,0,0,1,,356765
S07-supply-high,equity-constrained-rolling-horizon,100036,249295.3292,189990.4,4170.724235,14625,40509.205,0.8098532988,0.999903232,0.9987646695,0.9991652755,0.7704019628,0.001235330451,2,6414,0,0.005390918342,3.456232839,0,0,0,1,,316970
S07-supply-high,equity-constrained-rolling-horizon,100037,254313.5812,193069.5,4101.676235,14600,42542.405,0.7971881636,0.9999048118,0.9987437186,1,0.7567928433,0.001256281407,2,6920,0,0,3.804117,0,0,0,1,,356800
S07-supply-high,equity-constrained-rolling-horizon,100038,255125.4426,194632.9,4198.457647,14675,41619.085,0.8098638249,0.9999523719,0.999378882,1,0.7701534107,0.0006211180124,1,6538,0,0,3.447635057,0,0,0,1,,322185
S07-supply-high,equity-constrained-rolling-horizon,100039,252898.5126,192376.6,4150.577647,14575,41796.335,0.8056762146,0.9999522992,0.9993849938,1,0.7674454968,0.0006150061501,1,6697,0,0,3.582986814,0,0,0,1,,334285
S07-supply-high,equity-constrained-rolling-horizon,100040,249903.9999,189075.3,4122.724941,14975,41730.975,0.80013418,1,1,1,0.7624903043,0,0,6910,0,0,3.736305057,0,0,0,1,,344225
S07-supply-high,equity-constrained-rolling-horizon,100041,249615.2355,189492.8,4069.035529,14425,41628.4,0.8017629466,0.9999514115,0.9993792675,1,0.7622695551,0.0006207324643,1,6711,0,0,3.715378561,0,0,0,1,,320990
S07-supply-high,equity-constrained-rolling-horizon,100042,255017.8009,194605.3,4221.700941,14700,41490.8,0.802983826,0.9997617232,0.9969530774,0.9991809992,0.7604133617,0.003046922608,5,6572,0,0.004677043407,3.57182252,0,0,0,1,,346860
S07-supply-high,equity-constrained-rolling-horizon,100043,253644.6462,193407.3,4133.961176,14625,41478.385,0.8105481445,0.9997613023,0.9969173859,0.9991762768,0.7757725587,0.003082614057,5,6299,0,0.004475814868,3.273282986,0,0,0,1,,325820
S07-supply-high,equity-constrained-rolling-horizon,100044,247204.7004,188288.2,4074.565412,14750,40091.935,0.8039802579,1,1,1,0.7589488834,0,0,6397,0,0,3.67701003,0,0,0,1,,323115
S07-supply-high,equity-constrained-rolling-horizon,100045,254015.8751,193987.4,4200.410118,14725,41103.065,0.8134289238,0.9998108389,0.9975550122,0.9983726607,0.7746383821,0.002444987775,4,6376,0,0.01033038804,3.403515264,0,0,0,1,,303990
S07-supply-high,equity-constrained-rolling-horizon,100046,251821.5321,191868.3,4127.462118,14675,41150.77,0.8065117146,1,1,1,0.7692722372,0,0,6693,0,0,3.549738382,0,0,0,1,,328555
S07-supply-high,equity-constrained-rolling-horizon,100047,252928.4479,193111.9,4174.797882,14775,40866.75,0.815335732,1,1,1,0.7771805688,0,0,6291,0,0,3.283849664,0,0,0,1,,295320
S07-supply-high,equity-constrained-rolling-horizon,100048,252514.3708,191667.9,4177.375765,14925,41744.095,0.7964679085,0.9998556999,0.9981412639,0.9983443709,0.753707036,0.001858736059,3,6691,0,0.01131365807,3.708540048,0,0,0,1,,357025
S07-supply-high,equity-constrained-rolling-horizon,100049,257778.0862,196986,4232.421176,14500,42059.665,0.8102345416,0.9999061738,0.9987397606,1,0.775474156,0.001260239445,2,6478,0,0,3.330383795,0,0,0,1,,338365
S07-supply-high,equity-constrained-rolling-horizon,100050,249018.4434,188837.7,4104.618353,14375,41701.125,0.802227754,0.9998063892,0.9974408189,0.9965986395,0.7621863183,0.002559181062,4,6792,0,0.02446689113,3.769599193,0,0,0,1,,324740
S07-supply-high,equity-constrained-rolling-horizon,100051,251706.4665,192052.1,4143.776471,14300,41210.59,0.8012919577,1,1,1,0.7603402231,0,0,6744,0,0,3.616508005,0,0,0,1,,344395
S07-supply-high,equity-constrained-rolling-horizon,100052,254272.1685,194100.7,4174.023529,14450,41547.445,0.814102861,0.9999055133,0.9987804878,1,0.7762984474,0.001219512195,2,6435,0,0,3.351135609,0,0,0,1,,310120
S07-supply-high,equity-constrained-rolling-horizon,100053,251302.7432,191568.8,4167.628235,14500,41066.315,0.805492993,0.9999518304,0.9993777225,0.9991776316,0.7709471558,0.0006222775358,1,6743,0,0.005714285714,3.636683559,0,0,0,1,,325495
S07-supply-high,equity-constrained-rolling-horizon,100054,256827.0776,195687,4199.602588,14625,42315.475,0.7967032967,0.9998579545,0.9981696156,0.9983686786,0.7590970876,0.001830384381,3,7043,0,0.01132818957,3.873965922,0,0,0,1,,344615
S07-supply-high,equity-constrained-rolling-horizon,100055,254608.3118,194187.3,4204.351765,14600,41616.66,0.7984953579,0.9998090874,0.9975108899,1,0.7574021656,0.002489110143,4,7120,0,0,3.933789566,0,0,0,1,,343050
S07-supply-high,equity-constrained-rolling-horizon,100056,254459.6883,193126.7,4165.943294,14950,42217.045,0.7989987794,1,1,1,0.761112859,0,0,6964,0,0,3.734027595,0,0,0,1,,347705
S07-supply-high,equity-constrained-rolling-horizon,100057,254339.1493,193616.1,4189.199294,14525,42008.85,0.81177395,0.9999049565,0.9987871437,0.9991967871,0.7772402468,0.001212856277,2,6762,0,0.005771315799,3.432148029,0,0,0,1,,305350
S07-supply-high,equity-constrained-rolling-horizon,100058,254909.2196,194117.8,4103.789647,14525,42162.63,0.8090707796,0.9999057449,0.9987722529,1,0.7732233916,0.001227747084,2,6739,0,0,3.495502787,0,0,0,1,,335545
S07-supply-high,equity-constrained-rolling-horizon,100059,256893.1295,196166.7,4202.919529,14925,41598.51,0.8024623385,0.9999059399,0.9987484355,1,0.7689136169,0.001251564456,2,7097,0,0,3.748030894,0,0,0,1,,331950
S07-supply-high,equity-constrained-rolling-horizon,100060,254686.7843,194510.8,4276.559294,15425,40474.425,0.8193295603,1,1,1,0.7799356444,0,0,6017,5,0,3.075579949,0,0,0,1,,299095
S07-supply-high,equity-constrained-rolling-horizon,100061,254930.9276,193689.2,4140.677647,14675,42426.05,0.8069311502,0.9999523878,0.9993686869,1,0.7666162133,0.0006313131313,1,7001,0,0,3.751669693,0,0,0,1,,323020
S07-supply-high,equity-constrained-rolling-horizon,100062,249128.9458,189348.5,4086.170824,14800,40894.275,0.8066266105,0.9999512955,0.999376947,1,0.7733767574,0.0006230529595,1,6378,0,0,3.441469146,0,0,0,1,,317330
S07-supply-high,equity-constrained-rolling-horizon,100063,253518.5502,193134.1,4207.365176,14800,41377.085,0.8076196961,0.9999524941,0.9993928355,0.9991902834,0.7673264005,0.0006071645416,1,6738,0,0.005617977528,3.635634923,0,0,0,1,,319330
S07-supply-high,equity-constrained-rolling-horizon,100064,257115.6588,195647.1,4254.398824,14775,42439.16,0.7967376321,1,1,1,0.7594559095,0,0,7111,0,0,3.95642518,0,0,0,1,,348060
S07-supply-high,equity-constrained-rolling-horizon,100065,252541.4455,191692.8,4165.400471,14500,42183.245,0.8024551493,0.999952224,0.9993834772,1,0.7653348975,0.0006165228113,1,6759,0,0,3.705226892,0,0,0,1,,326535
S07-supply-high,equity-constrained-rolling-horizon,100066,252757.4978,192262,4093.922824,14675,41726.575,0.8044181705,0.9999043062,0.998788613,1,0.7661546019,0.001211387038,2,6937,0,0,3.806036092,0,0,0,1,,321950
S07-supply-high,equity-constrained-rolling-horizon,100067,256566.4734,194515.5,4132.818353,14825,43093.155,0.8094395915,1,1,1,0.7739066797,0,0,6786,0,0,3.558347687,0,0,0,1,,317425
S07-supply-high,equity-constrained-rolling-horizon,100068,252373.3581,192205.7,4175.023059,14550,41442.635,0.8019388008,0.9998088502,0.997515528,1,0.7614963176,0.00248447205,4,6883,0,0,3.652548935,0,0,0,1,,352715
S07-supply-high,equity-constrained-rolling-horizon,100069,251729.1658,191866.5,4162.190824,15000,40700.475,0.8111684304,0.9999039339,0.9987523394,1,0.776977109,0.001247660636,2,6478,0,0,3.369870486,0,0,0,1,,322480
S07-supply-high,equity-constrained-rolling-horizon,100070,253125.7869,193060.4,4115.481882,14800,41149.905,0.81077316,1,1,1,0.7755120135,0,0,6333,0,0,3.349818126,0,0,0,1,,318675
S07-supply-high,equity-constrained-rolling-horizon,100071,252697.3165,192395,4169.636471,14550,41582.68,0.810111956,0.9998558732,0.998136646,1,0.7699735208,0.001863354037,3,6528,0,0,3.604999766,0,0,0,1,,314105
S07-supply-high,equity-constrained-rolling-horizon,100072,254470.2096,194039.2,4143.209647,14375,41912.8,0.8017917476,0.9999528235,0.9993781095,1,0.7625994112,0.0006218905473,1,6828,0,0,3.609759826,0,0,0,1,,350150
S07-supply-high,equity-constrained-rolling-horizon,100073,250179.2699,190212.3,4161.724941,14600,41205.245,0.8119797208,1,1,1,0.770988563,0,0,6398,0,0,3.398964136,0,0,0,1,,323790
S07-supply-high,equity-constrained-rolling-horizon,100074,251686.3608,192208.9,4173.650824,14525,40778.81,0.8104170886,0.9999041778,0.9987760098,1,0.7740866051,0.001223990208,2,6493,0,0,3.480890579,0,0,0,1,,319190
S07-supply-high,equity-constrained-rolling-horizon,100075,251676.4722,190989.3,4213.132235,14600,41874.04,0.8038019863,0.9999521485,0.9993964997,1,0.7667487629,0.0006035003018,1,6550,0,0,3.647268777,0,0,0,1,,322165
S07-supply-high,equity-constrained-rolling-horizon,100076,251176.8933,190662.5,4067.843294,14350,42096.55,0.8105932269,1,1,1,0.7737903946,0,0,6596,0,0,3.46082713,0,0,0,1,,310845
S07-supply-high,equity-constrained-rolling-horizon,100077,251312.6183,191519.2,4134.203294,14375,41284.215,0.8047321732,0.9999522946,0.999376947,1,0.7713112559,0.0006230529595,1,6620,0,0,3.489521837,0,0,0,1,,334420
S07-supply-high,equity-constrained-rolling-horizon,100078,253356.1304,192780.8,4181.130353,14850,41544.2,0.8074151322,0.9998568771,0.9981515712,1,0.7738381865,0.001848428835,3,6637,0,0,3.472535683,0,0,0,1,,323060
S07-supply-high,equity-constrained-rolling-horizon,100079,255277.9879,195094.1,4168.137882,14600,41415.75,0.812280997,0.9999061473,0.9987775061,0.9991883117,0.777145262,0.001222493888,2,6493,0,0.006119551689,3.34823191,0,0,0,1,,306885
S07-supply-high,equity-constrained-rolling-horizon,100080,255173.9789,194507.7,4202.253882,14650,41814.025,0.8166276851,1,1,1,0.7837516809,0,0,6542,0,0,3.310503478,0,0,0,1,,310480
S07-supply-high,equity-constrained-rolling-horizon,100081,250650.5915,190658.8,4172.811529,14800,41018.98,0.8157271287,1,1,1,0.7840335749,0,0,6263,0,0,3.250325557,0,0,0,1,,302895
S07-supply-high,equity-constrained-rolling-horizon,100082,251889.7509,191869.2,4176.645882,14600,41243.905,0.8034068912,0.9999524557,0.9993961353,1,0.7659726886,0.0006038647343,1,6640,0,0,3.513914053,0,0,0,1,,329600
S07-supply-high,equity-constrained-rolling-horizon,100083,252912.1894,192056.8,4145.394353,14525,42184.995,0.8039510148,1,1,1,0.7668351871,0,0,6871,0,0,3.665603567,0,0,0,1,,325025
S07-supply-high,equity-constrained-rolling-horizon,100084,249832.0788,189640.1,4191.038824,14600,41400.94,0.7942754919,1,1,1,0.7526449526,0,0,6808,0,0,3.931689015,0,0,0,1,,340455
S07-supply-high,equity-constrained-rolling-horizon,100085,251806.9615,191666.9,4154.036471,14450,41536.025,0.8000837508,1,1,1,0.7576439651,0,0,6388,0,0,3.506971478,0,0,0,1,,361540
S07-supply-high,equity-constrained-rolling-horizon,100086,252916.5906,192710.1,4197.550588,14650,41358.94,0.7972717993,1,1,1,0.7590299623,0,0,6768,0,0,3.690726592,0,0,0,1,,345945
S07-supply-high,equity-constrained-rolling-horizon,100087,252898.5772,192238.7,4140.412235,14525,41994.465,0.8004031633,0.999952306,0.9993887531,1,0.7601180154,0.0006112469438,1,7100,0,0,3.972383315,0,0,0,1,,322300
S07-supply-high,equity-constrained-rolling-horizon,100088,256052.3261,195427.9,4184.611059,14825,41614.815,0.8001534684,0.9998587038,0.9981458591,1,0.760009685,0.001854140915,3,6959,0,0,3.8077655,0,0,0,1,,329275
S07-supply-high,equity-constrained-rolling-horizon,100089,256934.4528,196167.4,4171.382824,14825,41770.67,0.8058765016,1,1,1,0.7726880244,0,0,6810,0,0,3.519152192,0,0,0,1,,328270
S07-supply-high,equity-constrained-rolling-horizon,100090,251298.0947,190753,4128.324706,14625,41791.77,0.8011788746,1,1,1,0.7666001971,0,0,6604,0,0,3.552169129,0,0,0,1,,342470
S07-supply-high,equity-constrained-rolling-horizon,100091,253594.5076,192999.5,4123.097647,14525,41946.91,0.8162822211,0.9999523764,0.9993706734,1,0.7826655149,0.0006293266205,1,6512,0,0,3.327292045,0,0,0,1,,302355
S07-supply-high,equity-constrained-rolling-horizon,100092,250910.6678,189900.1,4126.027765,15100,41784.54,0.7967021761,0.9998550304,0.9981060606,0.9991603694,0.7592177493,0.001893939394,3,6945,0,0.005268837869,3.833822307,0,0,0,1,,334640
S07-supply-high,equity-constrained-rolling-horizon,100093,254537.7632,194091.6,4111.888235,14450,41884.275,0.804772301,0.9999526403,0.9993746091,1,0.7660610065,0.0006253908693,1,6703,0,0,3.637618769,0,0,0,1,,339545
S07-supply-high,equity-constrained-rolling-horizon,100094,254429.2309,194212.2,4115.205882,14175,41926.825,0.8047889235,0.9999525031,0.9993626514,1,0.7690270018,0.0006373486297,1,6525,0,0,3.489053008,0,0,0,1,,343995
S07-supply-high,equity-constrained-rolling-horizon,100095,248701.6612,188434.5,4123.216235,14625,41518.945,0.8025538883,1,1,1,0.7634045486,0,0,6556,0,0,3.581316622,0,0,0,1,,336105
S07-supply-high,equity-constrained-rolling-horizon,100096,251341.5398,191174.1,4124.059765,14800,41243.38,0.813511777,1,1,1,0.7786995772,0,0,6449,0,0,3.352478413,0,0,0,1,,297740
S07-supply-high,equity-constrained-rolling-horizon,100097,251963.5436,191703.6,4172.158588,14550,41537.785,0.8073547848,0.9999522673,0.9993872549,1,0.7738980855,0.000612745098,1,6533,0,0,3.507018929,0,0,0,1,,349695
S07-supply-high,equity-constrained-rolling-horizon,100098,252492.6901,192705.9,4188.415059,14650,40948.375,0.8124922118,0.9999035354,0.9987730061,1,0.7790774262,0.001226993865,2,6398,0,0,3.294595016,0,0,0,1,,311025
S07-supply-high,equity-constrained-rolling-horizon,100099,253881.3555,193379.1,4176.735529,14775,41550.52,0.81123937,0.9999527968,0.9993902439,1,0.7735630906,0.0006097560976,1,6661,1,0,3.59435729,0,0,0,1,,307790
S07-supply-high,equity-constrained-rolling-horizon,100100,248541.829,189114.9,4124.724,14725,40577.205,0.8098051263,0.9999513358,0.999378882,1,0.775400083,0.0006211180124,1,6326,0,0,3.334514864,0,0,0,1,,328410
S07-supply-high,errra-no-floor,100001,254098.297,193629.6,4172.352,14100,42196.345,0.7925999105,0.9999052043,0.9987730061,1,0.7513455328,0.001226993865,2,7052,0,0,3.982202121,0,0,0,1,,364995
S07-supply-high,errra-no-floor,100002,249106.314,189735.7,4114.764,14025,41230.85,0.8001660713,0.9988425926,0.9975015615,0.9966694421,0.7632823747,0.002498438476,24,6753,0,0.1352966478,3.687582252,0,0,0,1,,340370
S07-supply-high,errra-no-floor,100003,249926.7466,190859.8,4167.401647,14150,40749.545,0.8022913667,0.9993728593,0.9981515712,0.9981273408,0.7629477057,0.001636324763,13,6686,0,0.05829399646,3.576018907,0,0,0,1,,329945
S07-supply-high,errra-no-floor,100004,253966.6246,193626.2,4194.334588,14275,41871.09,0.8021732728,1,1,1,0.7685502798,0,0,6537,0,0,3.534420486,0,0,0,1,,355990
S07-supply-high,errra-no-floor,100005,255812.5914,194932,4198.621412,14400,42281.97,0.814925144,0.9993828919,0.9991755411,0.9988972615,0.7752544854,0.0008244589488,13,6408,0,0.07624294362,3.366003839,0,0,0,1,,311690
S07-supply-high,errra-no-floor,100006,252136.2394,192174.9,4133.034353,14375,41453.305,0.8044106228,0.9985712925,0.9969021066,0.9978864179,0.7704370065,0.00268407179,30,6665,0,0.1494443938,3.563224103,0,0,0,1,,337390
S07-supply-high,errra-no-floor,100007,253326.5301,193521.7,4170.950118,14350,41283.88,0.8119438555,0.9988094671,0.9982772878,0.9976990336,0.782670041,0.001722712238,25,6574,0,0.1382802597,3.326157941,0,0,0,1,,322715
S07-supply-high,errra-no-floor,100008,251133.5301,191520.3,4109.270118,14350,41153.96,0.8105264786,0.9967493666,0.9955138381,0.9940273822,0.7733799337,0.004280738744,68,6464,0,0.3789657239,3.266751242,0,0,0,1,,339735
S07-supply-high,errra-no-floor,100009,253400.4751,192572.2,4104.830118,14375,42348.445,0.7968054869,0.9997131794,0.9968905473,0.9975041597,0.7568260908,0.003109452736,6,6979,0,0.02133783483,3.85654041,0,0,0,1,,359545
S07-supply-high,errra-no-floor,100010,256316.1693,195415,4173.239294,14250,42477.93,0.8017860966,0.9999529412,0.9993891265,1,0.763320778,0.0006108735492,1,6831,0,0,3.632519803,0,0,0,1,,349665
S07-supply-high,errra-no-floor,100011,249028.7707,189728.6,4109.760706,14400,40790.41,0.8164202018,0.999082746,0.9985714286,0.9980962741,0.7804345353,0.001428571429,19,6381,0,0.110778841,3.314775362,0,0,0,1,,302155
S07-supply-high,errra-no-floor,100012,252267.0625,192168.8,4154.667529,14450,41493.595,0.802378845,0.9997610514,0.9981938591,0.9998164969,0.7626556017,0.001806140879,5,6697,0,0.01134016552,3.682349653,0,0,0,1,,339860
S07-supply-high,errra-no-floor,100013,250741.1086,191391.2,4143.233647,14000,41206.675,0.8028957559,0.9992351816,0.9988890432,0.9985187928,0.7635587092,0.001110956812,16,6502,0,0.0962697274,3.567922738,0,0,0,1,,327405
S07-supply-high,errra-no-floor,100014,253243.4678,193143.8,4206.602824,14175,41718.065,0.8022752395,0.9984331972,0.9981370317,0.9975238445,0.7620919387,0.00186296833,33,6612,0,0.1853783461,3.543125154,0,0,0,1,,344105
S07-supply-high,errra-no-floor,100015,254666.9278,194369.2,4136.222824,14350,41811.505,0.8073821868,0.9994272896,0.9987080103,0.9990805443,0.7718372821,0.001291989664,12,6500,8,0.05730939706,3.575717713,0,0,0,1,,334610
S07-supply-high,errra-no-floor,100016,250117.7188,190653.1,4185.223765,14350,40929.395,0.805736944,0.9996615578,0.9995007845,0.9993332698,0.7669447461,0.0004992155185,7,6602,0,0.04117647059,3.668198197,0,0,0,1,,316045
S07-supply-high,errra-no-floor,100017,255369.7581,195443,4225.603059,14150,41551.155,0.8056014945,0.9999529677,0.99940012,0.9991967871,0.76442811,0.000599880024,1,6723,0,0.005780346821,3.57601372,0,0,0,1,,345770
S07-supply-high,errra-no-floor,100018,254420.515,194199.9,4147.38,14300,41773.235,0.8029854448,0.9997621652,0.9996543142,0.999538958,0.7630879438,0.0003456858407,5,6954,0,0.02564102564,3.896361974,0,0,0,1,,317440
S07-supply-high,errra-no-floor,100019,253175.9539,193571.8,4173.928941,14325,41105.225,0.813702129,0.9997599155,0.9993898719,0.9996276299,0.7787128153,0.0006101281269,5,6319,0,0.0217309864,3.372206389,0,0,0,1,,316725
S07-supply-high,errra-no-floor,100020,252398.8012,192596.5,4146.321176,14000,41655.98,0.7980503555,0.9962330727,0.9952492426,0.9936656568,0.7661596958,0.004750757367,79,6611,0,0.4496699234,3.648582782,0,0,0,1,,364710
S07-supply-high,errra-no-floor,100021,250955.9368,191081.8,4171.591765,14200,41502.545,0.8044194581,0.9993230501,0.9990152634,0.9986849521,0.7642968768,0.000984736583,14,6541,0,0.07925004986,3.658280628,0,0,0,1,,337150
S07-supply-high,errra-no-floor,100022,255477.0599,195010,4204.809882,14675,41587.25,0.8163641956,0.9992394714,0.9987585351,0.9987069364,0.7825728361,0.001241464929,16,6398,0,0.08262910171,3.221347278,0,0,0,1,,306110
S07-supply-high,errra-no-floor,100023,256470.2648,195245.3,4235.539765,14300,42689.425,0.7946272233,0.9999058292,0.9987789988,0.9983844911,0.7534054175,0.001221001221,2,7373,0,0.01061612976,3.94531994,0,0,0,1,,354395
S07-supply-high,errra-no-floor,100024,254688.6928,193972.7,4218.967765,14200,42297.025,0.8034595562,0.9999052133,0.998788613,1,0.761223294,0.001211387038,2,6767,0,0,3.650711354,0,0,0,1,,335205
S07-supply-high,errra-no-floor,100025,251370.4884,191111.9,4128.558353,14200,41930.03,0.8070118159,1,1,1,0.768359805,0,0,6446,0,0,3.479213308,0,0,0,1,,315995
S07-supply-high,errra-no-floor,100026,247706.1802,188575.8,4102.845176,14075,40952.535,0.8052496677,0.9996111786,0.9991557619,0.9988751406,0.7715338659,0.0008442380751,8,6364,0,0.05016906503,3.538209607,0,0,0,1,,334985
S07-supply-high,errra-no-floor,100027,253958.3928,194010.9,4135.682824,14300,41511.81,0.8072342845,0.9999053434,0.9987333756,1,0.7726343847,0.001266624446,2,6588,0,0,3.436408058,0,0,0,1,,328035
S07-supply-high,errra-no-floor,100028,250740.3082,191362.6,4129.288235,14275,40973.42,0.809353919,1,1,1,0.77601179,0,0,6597,0,0,3.448206023,0,0,0,1,,306810
S07-supply-high,errra-no-floor,100029,251071.6081,190919.9,4104.278118,14300,41747.43,0.8062961923,0.9996649756,0.9995160733,0.999352691,0.770084352,0.0004839267197,7,6873,0,0.04142011834,3.701110176,0,0,0,1,,324680
S07-supply-high,errra-no-floor,100030,249453.5469,190138,4094.416941,14125,41096.13,0.8130738445,0.9977292492,0.9969794886,0.9959575068,0.7748962182,0.00240588323,47,6494,1,0.2669024717,3.497590834,0,0,0,1,,318260
S07-supply-high,errra-no-floor,100031,252044.2659,192127.5,4106.145882,14025,41785.62,0.8052100918,0.9998100845,0.9993868792,0.9997251237,0.7690676547,0.0004760969426,4,6835,0,0.01699983342,3.799169855,0,0,0,1,,330600
S07-supply-high,errra-no-floor,100032,252133.2477,192223.4,4147.812706,14200,41562.035,0.8092663258,0.9998100123,0.9981606376,0.9991714996,0.7785962163,0.001839362354,4,6683,0,0.01067414303,3.418637705,0,0,0,1,,321470
S07-supply-high,errra-no-floor,100033,249303.0366,190280.6,4172.321647,14500,40350.115,0.8093075872,1,1,1,0.7720310919,0,0,6588,0,0,3.549106792,0,0,0,1,,298820
S07-supply-high,errra-no-floor,100034,252841.8491,192398.5,4196.899059,14500,41746.45,0.8085400734,0.9985149701,0.9979769794,0.9972988077,0.7697694975,0.002023020579,31,6577,0,0.1790162557,3.591944911,0,0,0,1,,323580
S07-supply-high,errra-no-floor,100035,249395.2837,189405.3,4048.788706,14325,41616.195,0.7966866286,0.9998547848,0.9981036662,1,0.7579075426,0.001896333755,3,6622,0,0,3.740793134,0,0,0,1,,359375
S07-supply-high,errra-no-floor,100036,249807.3924,190969.5,4160.917412,14125,40551.975,0.8099788185,0.999903232,0.9987646695,0.9991652755,0.7717319025,0.001235330451,2,6644,0,0.005390918342,3.490138856,0,0,0,1,,316080
S07-supply-high,errra-no-floor,100037,253050.7011,192325.7,4101.746118,14075,42548.255,0.7959016012,0.9981438294,0.9974591402,0.9966126522,0.7559917217,0.002540859772,39,6966,0,0.2091673391,3.810410305,0,0,0,1,,366065
S07-supply-high,errra-no-floor,100038,254296.17,194276.3,4193.64,14250,41576.23,0.8095553876,0.997999619,0.9972914786,0.9963818536,0.7700635655,0.002307478714,42,6498,0,0.2325889084,3.421572105,0,0,0,1,,324500
S07-supply-high,errra-no-floor,100039,251846.8849,191877.4,4122.009882,14100,41747.475,0.8054134269,0.9994275902,0.9992393334,0.9989842091,0.7667977127,0.0007606666206,12,6609,0,0.06483300292,3.542192886,0,0,0,1,,337785
S07-supply-high,errra-no-floor,100040,250593.3038,190533.3,4135.178824,14200,41724.825,0.7979498541,0.9972987314,0.9960468728,0.9947049924,0.7571976092,0.003953127206,56,6968,0,0.3342573739,3.718081538,0,0,0,1,,356415
S07-supply-high,errra-no-floor,100041,248791.3661,189146.2,4065.086118,14000,41580.08,0.8039036676,0.999902823,0.9993792675,0.9999059885,0.7649291901,0.0006207324643,2,6678,0,0.005537451509,3.673225248,0,0,0,1,,316610
S07-supply-high,errra-no-floor,100042,253459.8454,193644.6,4203.325412,14125,41486.92,0.8010008056,0.9997617232,0.9969530774,0.9991809992,0.7585097222,0.003046922608,5,6572,0,0.004677043407,3.565253765,0,0,0,1,,351420
S07-supply-high,errra-no-floor,100043,253350.441,193571.3,4141.176,14150,41487.965,0.8134111238,0.9991406884,0.9969173859,0.998369122,0.7796831105,0.002596469186,18,6257,0,0.07810599011,3.268253428,0,0,0,1,,326230
S07-supply-high,errra-no-floor,100044,246669.8159,188349.3,4089.405882,14150,40081.11,0.8038528897,1,1,1,0.7636148382,0,0,6695,0,0,3.689253304,0,0,0,1,,306955
S07-supply-high,errra-no-floor,100045,252251.0774,192717.3,4193.857412,14300,41039.92,0.8149707061,0.9998108389,0.9975550122,0.9983726607,0.7769554361,0.002444987775,4,6391,0,0.01033038804,3.357940179,0,0,0,1,,299245
S07-supply-high,errra-no-floor,100046,250785.7118,191176.9,4125.446824,14375,41108.365,0.8056732964,1,1,1,0.7700359389,0,0,6584,0,0,3.517630071,0,0,0,1,,325130
S07-supply-high,errra-no-floor,100047,250248.3359,190878.5,4133.680941,14350,40886.155,0.8144167718,1,1,1,0.7768403864,0,0,6356,0,0,3.287058237,0,0,0,1,,301375
S07-supply-high,errra-no-floor,100048,250867.9277,190884.8,4173.852706,14100,41709.275,0.7988392774,0.9975949976,0.9965456468,0.99538128,0.758809193,0.00345435319,50,6680,0,0.2887448829,3.684748354,0,0,0,1,,357845
S07-supply-high,errra-no-floor,100049,256084.488,195582.4,4217.928,14250,42034.16,0.812199208,0.9999061738,0.9987397606,1,0.7780795301,0.001260239445,2,6601,0,0,3.314285714,0,0,0,1,,333570
S07-supply-high,errra-no-floor,100050,249009.5186,188968.2,4091.213647,14250,41700.105,0.8036299471,0.9990803485,0.9974408189,0.9965986395,0.765280165,0.002559181062,19,6773,0,0.1087365541,3.789450466,0,0,0,1,,316850
S07-supply-high,errra-no-floor,100051,250873.5932,191476.4,4136.548235,14025,41235.645,0.805310008,0.9991427755,0.9987515605,0.9983334876,0.7654345923,0.001248439451,18,6674,0,0.1102424061,3.630293009,0,0,0,1,,335170
S07-supply-high,errra-no-floor,100052,253428.9764,193431.8,4168.386353,14275,41553.79,0.8107832693,0.9999055133,0.9987804878,1,0.7734614096,0.001219512195,2,6412,0,0,3.358176232,0,0,0,1,,320770
S07-supply-high,errra-no-floor,100053,248957.0827,189588.3,4152.912706,14175,41040.87,0.8050237738,1,1,1,0.7703043937,0,0,6684,0,0,3.611877503,0,0,0,1,,327295
S07-supply-high,errra-no-floor,100054,253853.6719,193229.4,4174.216941,14250,42200.055,0.7982312631,0.9994318182,0.9969493594,0.9967373573,0.759676449,0.003050640635,12,6889,0,0.06225604302,3.760433387,0,0,0,1,,352595
S07-supply-high,errra-no-floor,100055,253311.626,193265.1,4184.016,14225,41637.51,0.7993295537,0.9998090874,0.9975108899,1,0.7589747046,0.002489110143,4,7153,0,0,3.948403442,0,0,0,1,,339270
S07-supply-high,errra-no-floor,100056,253778.1133,193177.5,4181.663294,14150,42268.95,0.7972528237,0.9986661585,0.9980571746,0.9974174507,0.7585509461,0.001942825423,28,7045,0,0.1596169194,3.755612552,0,0,0,1,,349660
S07-supply-high,errra-no-floor,100057,254719.095,194003.2,4177.08,14450,42088.815,0.8100945983,0.9999524783,0.9993935719,1,0.7740002663,0.0006064281383,1,6805,0,0,3.47339229,0,0,0,1,,310590
S07-supply-high,errra-no-floor,100058,255552.3071,194910.9,4132.622118,14225,42283.785,0.8080934565,0.9999057449,0.9987722529,1,0.7712487794,0.001227747084,2,6850,0,0,3.594639994,0,0,0,1,,330565
S07-supply-high,errra-no-floor,100059,255739.1706,195618.5,4174.865647,14300,41645.805,0.8046187964,0.9994356394,0.9987484355,0.9990879241,0.7702879436,0.001251564456,12,7091,0,0.05666109986,3.775896612,0,0,0,1,,322275
S07-supply-high,errra-no-floor,100060,252132.7302,192601.2,4224.525176,14425,40882.005,0.8092543069,0.9997606396,0.9990043807,0.9986744433,0.7711266802,0.0009956192752,5,6347,0,0.02994011976,3.365912059,0,0,0,1,,319445
S07-supply-high,errra-no-floor,100061,255557.2076,194650.7,4193.302588,14400,42313.205,0.8031608753,0.9995714898,0.9993686869,0.9992606285,0.7655923073,0.0006313131313,9,6877,0,0.04854922046,3.684066357,0,0,0,1,,331515
S07-supply-high,errra-no-floor,100062,247139.5393,188083.3,4094.639294,14075,40886.6,0.8056646323,0.9999512955,0.999376947,1,0.7724822825,0.0006230529595,1,6455,0,0,3.425951333,0,0,0,1,,318300
S07-supply-high,errra-no-floor,100063,252854.2184,192568.1,4177.573412,14400,41708.545,0.7957506731,0.9998574822,0.9993928355,0.9991902834,0.7557642849,0.0006071645416,3,7093,0,0.01691741256,3.886602086,0,0,0,1,,335175
S07-supply-high,errra-no-floor,100064,255880.5136,194942.2,4213.133647,14200,42525.18,0.7962781437,0.9993856913,0.999173269,0.9988987795,0.75858768,0.000826730968,13,7183,0,0.07613325457,3.992694134,0,0,0,1,,344490
S07-supply-high,errra-no-floor,100065,251886.0901,191512.1,4136.870118,14000,42237.12,0.8025482649,0.9983756151,0.9977006689,0.9969325153,0.7646355494,0.002299331104,34,6797,0,0.1911793565,3.736762058,0,0,0,1,,326445
S07-supply-high,errra-no-floor,100066,252673.6236,192668.1,4093.133647,14250,41662.39,0.8045270691,0.9976555024,0.9973181131,0.9964128035,0.7666904836,0.00147049991,49,6912,0,0.2658685897,3.770115121,0,0,0,1,,327475
S07-supply-high,errra-no-floor,100067,254301.9081,192791,4103.683059,14300,43107.225,0.8057025098,0.9998569999,0.999794281,0.9997275699,0.7689390579,0.0002057189879,3,6753,0,0.01714285714,3.567528912,0,0,0,1,,321530
S07-supply-high,errra-no-floor,100068,253244.2511,193298.3,4223.786118,14325,41397.165,0.8016136026,0.9998088502,0.997515528,1,0.7601940004,0.00248447205,4,6753,0,0,3.621252478,0,0,0,1,,353855
S07-supply-high,errra-no-floor,100069,249443.5765,190194.1,4125.896471,14375,40748.58,0.8135997382,0.9981747442,0.9976111853,0.9968170755,0.7791139097,0.001987450087,38,6475,0,0.2001739089,3.398095476,0,0,1,1,,318180
S07-supply-high,errra-no-floor,100070,252877.5579,192962.5,4138.797882,14625,41151.26,0.8106802879,1,1,1,0.7759553152,0,0,6424,4,0,3.360513892,0,0,0,1,,315740
S07-supply-high,errra-no-floor,100071,251059.4706,191016.2,4170.005647,14475,41398.265,0.8123604453,0.9998558732,0.998136646,1,0.7741736669,0.001863354037,3,6436,0,0,3.472135909,0,0,0,1,,307325
S07-supply-high,errra-no-floor,100072,254705.0434,194191.7,4138.213412,14275,42100.13,0.7996208589,0.9979242346,0.9972225986,0.9962966308,0.7610395887,0.00236306541,44,6917,0,0.2466891787,3.753390103,0,0,0,1,,347195
S07-supply-high,errra-no-floor,100073,249712.874,190074.1,4111.824,14350,41176.95,0.810524504,0.9998061358,0.9997195541,0.999626796,0.7690635262,0.000280445909,4,6329,0,0.02355066404,3.371831383,0,0,0,1,,335845
S07-supply-high,errra-no-floor,100074,251323.5525,192120.3,4173.032471,14200,40830.22,0.8082514061,0.9998083557,0.9987760098,0.9998131016,0.7697949545,0.001223990208,4,6481,0,0.01048344982,3.509324899,0,0,0,1,,318465
S07-supply-high,errra-no-floor,100075,251568.8389,191474.8,4203.988941,14075,41815.05,0.8049348231,0.9979902383,0.9972818511,0.9963918956,0.76767517,0.002309401681,42,6550,0,0.2361392938,3.608519553,0,0,0,1,,328585
S07-supply-high,errra-no-floor,100076,251230.8641,190816.5,4089.259059,14175,42150.105,0.8097695165,0.9997623348,0.9996600721,0.9995458674,0.7725183003,0.0003399279353,5,6596,0,0.02808988764,3.498966477,0,0,0,1,,311215
S07-supply-high,errra-no-floor,100077,253541.7565,193756.9,4155.596471,14475,41154.26,0.8087967113,0.9995706517,0.999376947,0.9992623329,0.7732527002,0.0006230529595,9,6463,0,0.04572125702,3.393456557,0,0,0,1,,322150
S07-supply-high,errra-no-floor,100078,252544.7175,192759,4177.827529,14175,41432.89,0.812286955,0.9995706312,0.9981515712,0.9994439296,0.7793803661,0.001848428835,9,6499,0,0.03534383224,3.387924728,0,0,0,1,,306085
S07-supply-high,errra-no-floor,100079,253922.2642,194308.7,4161.129176,14000,41452.435,0.8144079078,0.999859221,0.9981662592,0.9983766234,0.7806450184,0.001833740831,3,6506,0,0.01248897844,3.365843955,0,0,0,1,,301470
S07-supply-high,errra-no-floor,100080,253864.7525,193534.5,4207.707529,14325,41797.545,0.818781929,1,1,1,0.7865979381,0,0,6357,0,0,3.299209085,0,0,0,1,,304420
S07-supply-high,errra-no-floor,100081,250191.2829,190855.7,4151.637882,14225,40958.945,0.8132952602,0.9990808379,0.9986580973,0.9982068705,0.7802495184,0.001341902677,19,6304,0,0.1097886729,3.202880587,0,0,0,1,,309930
S07-supply-high,errra-no-floor,100082,253231.0451,193150.3,4154.930118,14350,41575.815,0.7988075881,0.9992392906,0.9989670844,0.9986248625,0.7565480188,0.001032915576,16,6875,0,0.08351652053,3.773550136,0,0,0,1,,343615
S07-supply-high,errra-no-floor,100083,252284.9612,191531.7,4135.156235,14175,42443.105,0.7986561595,0.9999047392,0.9998615438,0.9998151059,0.7600044939,0.0001384562132,2,6964,0,0.01142857143,3.83513183,0,0,0,1,,343735
S07-supply-high,errra-no-floor,100084,249652.5238,189802.7,4192.063765,14225,41432.76,0.7947029303,0.9987336223,0.99814828,0.9975296912,0.7549087549,0.001851719963,26,6808,0,0.1523748181,3.956053002,0,0,0,1,,343395
S07-supply-high,errra-no-floor,100085,252017.2145,192093.4,4156.719529,14125,41642.095,0.7987499418,0.9989487768,0.9987618655,0.9983461963,0.7600508112,0.001238134544,22,6474,0,0.1278455087,3.582859004,0,0,0,1,,366350
S07-supply-high,errra-no-floor,100086,252284.6392,192599.4,4163.884235,14225,41296.355,0.7975347211,1,1,1,0.758382973,0,0,6709,0,0,3.638915525,0,0,0,1,,344755
S07-supply-high,errra-no-floor,100087,252301.5998,191997.6,4123.934824,14250,41930.065,0.8017832222,0.999952306,0.9993887531,1,0.7613116822,0.0006112469438,1,7171,0,0,3.927477128,0,0,0,1,,318600
S07-supply-high,errra-no-floor,100088,254394.8198,194242.7,4179.614824,14425,41547.505,0.798480663,0.996985682,0.9965435446,0.9954190245,0.7578965904,0.001602314524,64,6998,0,0.3441206923,3.75296194,0,0,0,1,,332215
S07-supply-high,errra-no-floor,100089,256777.3452,196604.1,4169.085176,14275,41729.16,0.8065039406,0.9970358521,0.9966657594,0.995553539,0.7737728873,0.00333424061,63,6713,0,0.3498823812,3.496809243,0,0,0,1,,331320
S07-supply-high,errra-no-floor,100090,249505.9589,189521.4,4119.213882,13950,41915.345,0.801681861,0.9999515269,0.9997933884,0.9997252747,0.7646748722,0.0002066115702,1,6588,0,0.005617977528,3.635099025,0,0,0,1,,341850
S07-supply-high,errra-no-floor,100091,255280.9174,194671.4,4131.702353,14575,41902.815,0.8176834714,0.9999523764,0.9993706734,1,0.7840609564,0.0006293266205,1,6512,0,0,3.289473684,0,0,0,1,,296975
S07-supply-high,errra-no-floor,100092,250183.9491,190177.7,4137.379059,14050,41818.87,0.7952587898,0.9998067073,0.9981060606,0.9991603694,0.7590805124,0.001893939394,4,6846,0,0.01004833421,3.872213245,0,0,0,1,,347705
S07-supply-high,errra-no-floor,100093,254619.5106,194473.2,4113.070588,14225,41808.24,0.8093232065,0.9992896045,0.9990482665,0.9987300435,0.7744741769,0.0009517335146,15,6835,0,0.08356062932,3.606085299,0,0,0,1,,317470
S07-supply-high,errra-no-floor,100094,253200.4838,193116.1,4092.338824,14200,41792.045,0.8072866878,0.9999525031,0.9993626514,1,0.7726999533,0.0006373486297,1,6525,0,0,3.392334022,0,0,0,1,,329795
S07-supply-high,errra-no-floor,100095,247613.6325,188026.7,4142.672471,13975,41469.26,0.8011840469,0.9963054786,0.9958028029,0.9943852303,0.7623478061,0.004197197126,76,6751,0,0.4377468238,3.558485932,0,0,0,1,,347340
S07-supply-high,errra-no-floor,100096,249746.4584,189923.5,4147.458353,14400,41275.5,0.8129162684,1,1,1,0.7743115073,0,0,6361,0,0,3.367663882,0,0,0,1,,308760
S07-supply-high,errra-no-floor,100097,251938.4546,191924.1,4172.069647,14325,41517.285,0.8066273545,0.9992840095,0.9991032627,0.9988006274,0.7714183589,0.0006893114107,15,6662,0,0.07862258469,3.493352525,0,0,0,1,,356360
S07-supply-high,errra-no-floor,100098,250229.6137,190719.3,4146.888706,14450,40913.425,0.8171028037,0.9997588386,0.9987730061,0.9997190222,0.7867087601,0.001226993865,5,6392,0,0.01748098007,3.238489097,0,0,0,1,,303745
S07-supply-high,errra-no-floor,100099,256135.0888,195991,4198.663765,14425,41520.425,0.810226261,0.999763984,0.9993902439,0.9996369248,0.7721178432,0.0006097560976,5,6637,0,0.02068514056,3.583489393,0,0,0,1,,312070
S07-supply-high,errra-no-floor,100100,249354.1831,190095.6,4142.738118,14525,40590.845,0.8091434693,0.9986860674,0.9982212736,0.9976310054,0.7764838814,0.001573976227,27,6359,0,0.1512067856,3.371158057,0,0,0,1,,334255
S07-supply-high,errra-no-vulnerability,100001,254047.2995,193246.5,4159.719529,14375,42266.08,0.7939582915,0.9999052043,0.9987730061,1,0.75287047,0.001226993865,2,7035,0,0,4.027337419,0,0,0,1,,359385
S07-supply-high,errra-no-vulnerability,100002,252133.2199,191697.8,4147.264941,15050,41238.155,0.7996803911,0.9999517747,0.9993753904,0.9991673605,0.7619341423,0.000624609619,1,6626,0,0.005494505495,3.711850598,0,0,0,1,,338335
S07-supply-high,errra-no-vulnerability,100003,250121.3985,190729.6,4155.543529,14450,40786.255,0.8027139548,0.9998552752,0.9981515712,1,0.7618491818,0.001848428835,3,6623,0,0,3.617667314,0,0,0,1,,328575
S07-supply-high,errra-no-vulnerability,100004,254134.0485,193235.6,4180.508471,14575,42142.94,0.7948101874,1,1,1,0.7584401517,0,0,6935,0,0,3.74981011,0,0,0,1,,360970
S07-supply-high,errra-no-vulnerability,100005,257158.9422,196064.1,4233.712235,14775,42086.13,0.8174126679,1,1,1,0.7781818988,0,0,6321,0,0,3.224690979,0,0,0,1,,298100
S07-supply-high,errra-no-vulnerability,100006,252415.3812,191978.5,4129.996235,14850,41456.885,0.8048299425,0.9997618821,0.9969021066,0.9983443709,0.7701005025,0.003097893432,5,6833,0,0.01022930823,3.56007144,0,0,0,1,,331190
S07-supply-high,errra-no-vulnerability,100007,254248.3554,193689.4,4170.030353,15100,41288.925,0.8103653724,1,1,1,0.7783924212,0,0,6328,0,0,3.330367229,0,0,0,1,,324115
S07-supply-high,errra-no-vulnerability,100008,252605.68,192589.6,4110.9,14625,41280.18,0.8094899206,0.9999043931,0.9987195903,1,0.7708644064,0.001280409731,2,6358,0,0,3.335535374,0,0,0,1,,337990
S07-supply-high,errra-no-vulnerability,100009,253232.0733,192318.6,4112.843294,14425,42375.63,0.7964501977,0.9997609828,0.9968905473,0.9975041597,0.7567145534,0.003109452736,5,7090,0,0.01614180727,3.878166708,0,0,0,1,,362010
S07-supply-high,errra-no-vulnerability,100010,257306.345,196058.2,4173.96,14650,42424.185,0.802703612,0.9999529412,0.9993891265,1,0.7641578008,0.0006108735492,1,6761,0,0,3.595620393,0,0,0,1,,346620
S07-supply-high,errra-no-vulnerability,100011,250079.6571,190432.4,4112.647059,14750,40784.61,0.8154646281,1,1,1,0.7801160278,0,0,6431,0,0,3.306378846,0,0,0,1,,305675
S07-supply-high,errra-no-vulnerability,100012,252627.6081,192244.4,4156.783059,14750,41476.425,0.8025185944,0.9998566308,0.9981938591,1,0.7630593249,0.001806140879,3,6749,0,0,3.666759833,0,0,0,1,,342150
S07-supply-high,errra-no-vulnerability,100013,253256.1894,193011.9,4167.409412,14850,41226.88,0.8060061274,1,1,1,0.7676037241,0,0,6507,0,0,3.591685977,0,0,0,1,,316415
S07-supply-high,errra-no-vulnerability,100014,255783.0848,195146.5,4230.979765,14775,41630.605,0.8059905429,1,1,1,0.7697312903,0,0,6645,0,0,3.498387988,0,0,0,1,,329695
S07-supply-high,errra-no-vulnerability,100015,254974.4032,194046.1,4136.433176,15000,41791.87,0.8059738451,0.9999045483,0.9987080103,1,0.7704067948,0.001291989664,2,6627,0,0,3.568242668,0,0,0,1,,334900
S07-supply-high,errra-no-vulnerability,100016,250149.3154,189976.2,4180.050353,15175,40818.065,0.8049187292,1,1,1,0.7651653456,0,0,6682,0,0,3.582820638,0,0,0,1,,313405
S07-supply-high,errra-no-vulnerability,100017,255576.3091,195021.5,4221.079059,14750,41583.73,0.8063212054,0.9999529677,0.99940012,0.9991967871,0.7646954004,0.000599880024,1,6849,0,0.005780346821,3.596288129,0,0,0,1,,339400
S07-supply-high,errra-no-vulnerability,100018,253538.5394,193216.7,4142.809412,14900,41279.03,0.8107823229,1,1,1,0.7726166877,0,0,6505,0,0,3.491776851,0,0,0,1,,315435
S07-supply-high,errra-no-vulnerability,100019,252290.7745,192485.3,4159.119529,14750,40896.355,0.8190284851,0.9999519831,0.9993898719,1,0.7817667685,0.0006101281269,1,6141,0,0,3.202292514,0,0,0,1,,311550
S07-supply-high,errra-no-vulnerability,100020,254841.4368,193448.8,4145.426824,15325,41922.21,0.7940144671,1,1,1,0.7609483337,0,0,7061,0,0,3.868476607,0,0,0,1,,356405
S07-supply-high,errra-no-vulnerability,100021,252469.1561,191534.2,4172.371059,15275,41487.585,0.8033106895,1,1,1,0.7631191539,0,0,6615,0,0,3.639618958,0,0,0,1,,344025
S07-supply-high,errra-no-vulnerability,100022,255230.6272,194577.8,4183.672235,14925,41544.155,0.8182713011,0.9999049339,0.9987585351,0.9991694352,0.7844898687,0.001241464929,2,6302,0,0.005593694381,3.193663488,0,0,0,1,,303735
S07-supply-high,errra-no-vulnerability,100023,256623.9576,195789.2,4243.277647,14500,42091.48,0.8049488526,0.9999058292,0.9987789988,0.9983844911,0.7694571397,0.001221001221,2,6797,0,0.01061612976,3.479341382,0,0,0,1,,352125
S07-supply-high,errra-no-vulnerability,100024,254598.3953,193881.9,4222.895294,14375,42118.6,0.8108971392,0.9999052133,0.998788613,1,0.7717704859,0.001211387038,2,6614,0,0,3.516912014,0,0,0,1,,320000
S07-supply-high,errra-no-vulnerability,100025,252580.1661,192192.3,4142.966118,14375,41869.9,0.8069029851,1,1,1,0.7682025476,0,0,6551,0,0,3.443610075,0,0,0,1,,320005
S07-supply-high,errra-no-vulnerability,100026,249483.7828,189588.5,4104.962824,14650,41140.32,0.7988893108,1,1,1,0.7640030215,0,0,6601,0,0,3.671539776,0,0,0,1,,351045
S07-supply-high,errra-no-vulnerability,100027,255454.8132,194865.1,4162.108235,14775,41652.605,0.8072496504,0.9999053434,0.9987333756,1,0.7720568636,0.001266624446,2,6831,0,0,3.557537762,0,0,0,1,,317680
S07-supply-high,errra-no-vulnerability,100028,250740.8172,191420.6,4137.417176,14225,40957.8,0.8105379594,1,1,1,0.7763745607,0,0,6411,0,0,3.438266316,0,0,0,1,,304790
S07-supply-high,errra-no-vulnerability,100029,251780.2621,191223,4123.442118,14700,41733.82,0.8058128294,1,1,1,0.7681221526,0,0,6744,0,0,3.695746406,0,0,0,1,,325520
S07-supply-high,errra-no-vulnerability,100030,249489.2002,189907.5,4101.880235,14425,41054.82,0.8127599466,0.9999516862,0.9993674889,0.9991652755,0.7747137448,0.0006325110689,1,6668,1,0.006060606061,3.462512752,0,0,0,1,,308225
S07-supply-high,errra-no-vulnerability,100031,252337.5717,192094.4,4106.616706,14375,41761.555,0.805055214,0.9999525211,0.9993868792,1,0.7683757059,0.0006131207848,1,6828,0,0,3.774219028,0,0,0,1,,331610
S07-supply-high,errra-no-vulnerability,100032,252839.9038,192662.2,4155.578824,14525,41497.125,0.8095289592,0.9999050062,0.9987737584,1,0.7794022165,0.00122624157,2,6731,0,0,3.386580976,0,0,0,1,,315555
S07-supply-high,errra-no-vulnerability,100033,249325.8867,189816.3,4139.436706,14950,40420.15,0.8069351266,1,1,1,0.7689724956,0,0,6526,0,0,3.589501469,0,0,0,1,,300535
S07-supply-high,errra-no-vulnerability,100034,252350.9856,191412.6,4198.750588,15050,41689.635,0.8096126345,1,1,1,0.772398631,0,0,6609,0,0,3.551234222,0,0,0,1,,319075
S07-supply-high,errra-no-vulnerability,100035,250902.2515,190656.3,4045.076471,14575,41625.875,0.7997359362,0.9998063798,0.997471555,0.9991546915,0.7618500496,0.002528445006,4,6557,0,0.005230593008,3.749909621,0,0,0,1,,356765
S07-supply-high,errra-no-vulnerability,100036,249295.3292,189990.4,4170.724235,14625,40509.205,0.8098532988,0.999903232,0.9987646695,0.9991652755,0.7704019628,0.001235330451,2,6414,0,0.005390918342,3.456232839,0,0,0,1,,316970
S07-supply-high,errra-no-vulnerability,100037,254313.5812,193069.5,4101.676235,14600,42542.405,0.7971881636,0.9999048118,0.9987437186,1,0.7567928433,0.001256281407,2,6920,0,0,3.804117,0,0,0,1,,356800
S07-supply-high,errra-no-vulnerability,100038,255125.4426,194632.9,4198.457647,14675,41619.085,0.8098638249,0.9999523719,0.999378882,1,0.7701534107,0.0006211180124,1,6538,0,0,3.447635057,0,0,0,1,,322185
S07-supply-high,errra-no-vulnerability,100039,252898.5126,192376.6,4150.577647,14575,41796.335,0.8056762146,0.9999522992,0.9993849938,1,0.7674454968,0.0006150061501,1,6697,0,0,3.582986814,0,0,0,1,,334285
S07-supply-high,errra-no-vulnerability,100040,249903.9999,189075.3,4122.724941,14975,41730.975,0.80013418,1,1,1,0.7624903043,0,0,6910,0,0,3.736305057,0,0,0,1,,344225
S07-supply-high,errra-no-vulnerability,100041,249615.2355,189492.8,4069.035529,14425,41628.4,0.8017629466,0.9999514115,0.9993792675,1,0.7622695551,0.0006207324643,1,6711,0,0,3.715378561,0,0,0,1,,320990
S07-supply-high,errra-no-vulnerability,100042,255017.8009,194605.3,4221.700941,14700,41490.8,0.802983826,0.9997617232,0.9969530774,0.9991809992,0.7604133617,0.003046922608,5,6572,0,0.004677043407,3.57182252,0,0,0,1,,346860
S07-supply-high,errra-no-vulnerability,100043,253644.6462,193407.3,4133.961176,14625,41478.385,0.8105481445,0.9997613023,0.9969173859,0.9991762768,0.7757725587,0.003082614057,5,6299,0,0.004475814868,3.273282986,0,0,0,1,,325820
S07-supply-high,errra-no-vulnerability,100044,247204.7004,188288.2,4074.565412,14750,40091.935,0.8039802579,1,1,1,0.7589488834,0,0,6397,0,0,3.67701003,0,0,0,1,,323115
S07-supply-high,errra-no-vulnerability,100045,254015.8751,193987.4,4200.410118,14725,41103.065,0.8134289238,0.9998108389,0.9975550122,0.9983726607,0.7746383821,0.002444987775,4,6376,0,0.01033038804,3.403515264,0,0,0,1,,303990
S07-supply-high,errra-no-vulnerability,100046,251821.5321,191868.3,4127.462118,14675,41150.77,0.8065117146,1,1,1,0.7692722372,0,0,6693,0,0,3.549738382,0,0,0,1,,328555
S07-supply-high,errra-no-vulnerability,100047,252928.4479,193111.9,4174.797882,14775,40866.75,0.815335732,1,1,1,0.7771805688,0,0,6291,0,0,3.283849664,0,0,0,1,,295320
S07-supply-high,errra-no-vulnerability,100048,252514.3708,191667.9,4177.375765,14925,41744.095,0.7964679085,0.9998556999,0.9981412639,0.9983443709,0.753707036,0.001858736059,3,6691,0,0.01131365807,3.708540048,0,0,0,1,,357025
S07-supply-high,errra-no-vulnerability,100049,257778.0862,196986,4232.421176,14500,42059.665,0.8102345416,0.9999061738,0.9987397606,1,0.775474156,0.001260239445,2,6478,0,0,3.330383795,0,0,0,1,,338365
S07-supply-high,errra-no-vulnerability,100050,249018.4434,188837.7,4104.618353,14375,41701.125,0.802227754,0.9998063892,0.9974408189,0.9965986395,0.7621863183,0.002559181062,4,6792,0,0.02446689113,3.769599193,0,0,0,1,,324740
S07-supply-high,errra-no-vulnerability,100051,251706.4665,192052.1,4143.776471,14300,41210.59,0.8012919577,1,1,1,0.7603402231,0,0,6744,0,0,3.616508005,0,0,0,1,,344395
S07-supply-high,errra-no-vulnerability,100052,254272.1685,194100.7,4174.023529,14450,41547.445,0.814102861,0.9999055133,0.9987804878,1,0.7762984474,0.001219512195,2,6435,0,0,3.351135609,0,0,0,1,,310120
S07-supply-high,errra-no-vulnerability,100053,251302.7432,191568.8,4167.628235,14500,41066.315,0.805492993,0.9999518304,0.9993777225,0.9991776316,0.7709471558,0.0006222775358,1,6743,0,0.005714285714,3.636683559,0,0,0,1,,325495
S07-supply-high,errra-no-vulnerability,100054,256827.0776,195687,4199.602588,14625,42315.475,0.7967032967,0.9998579545,0.9981696156,0.9983686786,0.7590970876,0.001830384381,3,7043,0,0.01132818957,3.873965922,0,0,0,1,,344615
S07-supply-high,errra-no-vulnerability,100055,254608.3118,194187.3,4204.351765,14600,41616.66,0.7984953579,0.9998090874,0.9975108899,1,0.7574021656,0.002489110143,4,7120,0,0,3.933789566,0,0,0,1,,343050
S07-supply-high,errra-no-vulnerability,100056,254459.6883,193126.7,4165.943294,14950,42217.045,0.7989987794,1,1,1,0.761112859,0,0,6964,0,0,3.734027595,0,0,0,1,,347705
S07-supply-high,errra-no-vulnerability,100057,254339.1493,193616.1,4189.199294,14525,42008.85,0.81177395,0.9999049565,0.9987871437,0.9991967871,0.7772402468,0.001212856277,2,6762,0,0.005771315799,3.432148029,0,0,0,1,,305350
S07-supply-high,errra-no-vulnerability,100058,254909.2196,194117.8,4103.789647,14525,42162.63,0.8090707796,0.9999057449,0.9987722529,1,0.7732233916,0.001227747084,2,6739,0,0,3.495502787,0,0,0,1,,335545
S07-supply-high,errra-no-vulnerability,100059,256893.1295,196166.7,4202.919529,14925,41598.51,0.8024623385,0.9999059399,0.9987484355,1,0.7689136169,0.001251564456,2,7097,0,0,3.748030894,0,0,0,1,,331950
S07-supply-high,errra-no-vulnerability,100060,254686.7843,194510.8,4276.559294,15425,40474.425,0.8193295603,1,1,1,0.7799356444,0,0,6017,5,0,3.075579949,0,0,0,1,,299095
S07-supply-high,errra-no-vulnerability,100061,254930.9276,193689.2,4140.677647,14675,42426.05,0.8069311502,0.9999523878,0.9993686869,1,0.7666162133,0.0006313131313,1,7001,0,0,3.751669693,0,0,0,1,,323020
S07-supply-high,errra-no-vulnerability,100062,249128.9458,189348.5,4086.170824,14800,40894.275,0.8066266105,0.9999512955,0.999376947,1,0.7733767574,0.0006230529595,1,6378,0,0,3.441469146,0,0,0,1,,317330
S07-supply-high,errra-no-vulnerability,100063,253518.5502,193134.1,4207.365176,14800,41377.085,0.8076196961,0.9999524941,0.9993928355,0.9991902834,0.7673264005,0.0006071645416,1,6738,0,0.005617977528,3.635634923,0,0,0,1,,319330
S07-supply-high,errra-no-vulnerability,100064,257115.6588,195647.1,4254.398824,14775,42439.16,0.7967376321,1,1,1,0.7594559095,0,0,7111,0,0,3.95642518,0,0,0,1,,348060
S07-supply-high,errra-no-vulnerability,100065,252541.4455,191692.8,4165.400471,14500,42183.245,0.8024551493,0.999952224,0.9993834772,1,0.7653348975,0.0006165228113,1,6759,0,0,3.705226892,0,0,0,1,,326535
S07-supply-high,errra-no-vulnerability,100066,252757.4978,192262,4093.922824,14675,41726.575,0.8044181705,0.9999043062,0.998788613,1,0.7661546019,0.001211387038,2,6937,0,0,3.806036092,0,0,0,1,,321950
S07-supply-high,errra-no-vulnerability,100067,256566.4734,194515.5,4132.818353,14825,43093.155,0.8094395915,1,1,1,0.7739066797,0,0,6786,0,0,3.558347687,0,0,0,1,,317425
S07-supply-high,errra-no-vulnerability,100068,252373.3581,192205.7,4175.023059,14550,41442.635,0.8019388008,0.9998088502,0.997515528,1,0.7614963176,0.00248447205,4,6883,0,0,3.652548935,0,0,0,1,,352715
S07-supply-high,errra-no-vulnerability,100069,251729.1658,191866.5,4162.190824,15000,40700.475,0.8111684304,0.9999039339,0.9987523394,1,0.776977109,0.001247660636,2,6478,0,0,3.369870486,0,0,0,1,,322480
S07-supply-high,errra-no-vulnerability,100070,253125.7869,193060.4,4115.481882,14800,41149.905,0.81077316,1,1,1,0.7755120135,0,0,6333,0,0,3.349818126,0,0,0,1,,318675
S07-supply-high,errra-no-vulnerability,100071,252697.3165,192395,4169.636471,14550,41582.68,0.810111956,0.9998558732,0.998136646,1,0.7699735208,0.001863354037,3,6528,0,0,3.604999766,0,0,0,1,,314105
S07-supply-high,errra-no-vulnerability,100072,254470.2096,194039.2,4143.209647,14375,41912.8,0.8017917476,0.9999528235,0.9993781095,1,0.7625994112,0.0006218905473,1,6828,0,0,3.609759826,0,0,0,1,,350150
S07-supply-high,errra-no-vulnerability,100073,250179.2699,190212.3,4161.724941,14600,41205.245,0.8119797208,1,1,1,0.770988563,0,0,6398,0,0,3.398964136,0,0,0,1,,323790
S07-supply-high,errra-no-vulnerability,100074,251686.3608,192208.9,4173.650824,14525,40778.81,0.8104170886,0.9999041778,0.9987760098,1,0.7740866051,0.001223990208,2,6493,0,0,3.480890579,0,0,0,1,,319190
S07-supply-high,errra-no-vulnerability,100075,251676.4722,190989.3,4213.132235,14600,41874.04,0.8038019863,0.9999521485,0.9993964997,1,0.7667487629,0.0006035003018,1,6550,0,0,3.647268777,0,0,0,1,,322165
S07-supply-high,errra-no-vulnerability,100076,251176.8933,190662.5,4067.843294,14350,42096.55,0.8105932269,1,1,1,0.7737903946,0,0,6596,0,0,3.46082713,0,0,0,1,,310845
S07-supply-high,errra-no-vulnerability,100077,251312.6183,191519.2,4134.203294,14375,41284.215,0.8047321732,0.9999522946,0.999376947,1,0.7713112559,0.0006230529595,1,6620,0,0,3.489521837,0,0,0,1,,334420
S07-supply-high,errra-no-vulnerability,100078,253356.1304,192780.8,4181.130353,14850,41544.2,0.8074151322,0.9998568771,0.9981515712,1,0.7738381865,0.001848428835,3,6637,0,0,3.472535683,0,0,0,1,,323060
S07-supply-high,errra-no-vulnerability,100079,255277.9879,195094.1,4168.137882,14600,41415.75,0.812280997,0.9999061473,0.9987775061,0.9991883117,0.777145262,0.001222493888,2,6493,0,0.006119551689,3.34823191,0,0,0,1,,306885
S07-supply-high,errra-no-vulnerability,100080,255173.9789,194507.7,4202.253882,14650,41814.025,0.8166276851,1,1,1,0.7837516809,0,0,6542,0,0,3.310503478,0,0,0,1,,310480
S07-supply-high,errra-no-vulnerability,100081,250650.5915,190658.8,4172.811529,14800,41018.98,0.8157271287,1,1,1,0.7840335749,0,0,6263,0,0,3.250325557,0,0,0,1,,302895
S07-supply-high,errra-no-vulnerability,100082,251889.7509,191869.2,4176.645882,14600,41243.905,0.8034068912,0.9999524557,0.9993961353,1,0.7659726886,0.0006038647343,1,6640,0,0,3.513914053,0,0,0,1,,329600
S07-supply-high,errra-no-vulnerability,100083,252912.1894,192056.8,4145.394353,14525,42184.995,0.8039510148,1,1,1,0.7668351871,0,0,6871,0,0,3.665603567,0,0,0,1,,325025
S07-supply-high,errra-no-vulnerability,100084,249832.0788,189640.1,4191.038824,14600,41400.94,0.7942754919,1,1,1,0.7526449526,0,0,6808,0,0,3.931689015,0,0,0,1,,340455
S07-supply-high,errra-no-vulnerability,100085,251806.9615,191666.9,4154.036471,14450,41536.025,0.8000837508,1,1,1,0.7576439651,0,0,6388,0,0,3.506971478,0,0,0,1,,361540
S07-supply-high,errra-no-vulnerability,100086,252916.5906,192710.1,4197.550588,14650,41358.94,0.7972717993,1,1,1,0.7590299623,0,0,6768,0,0,3.690726592,0,0,0,1,,345945
S07-supply-high,errra-no-vulnerability,100087,252898.5772,192238.7,4140.412235,14525,41994.465,0.8004031633,0.999952306,0.9993887531,1,0.7601180154,0.0006112469438,1,7100,0,0,3.972383315,0,0,0,1,,322300
S07-supply-high,errra-no-vulnerability,100088,256052.3261,195427.9,4184.611059,14825,41614.815,0.8001534684,0.9998587038,0.9981458591,1,0.760009685,0.001854140915,3,6959,0,0,3.8077655,0,0,0,1,,329275
S07-supply-high,errra-no-vulnerability,100089,256934.4528,196167.4,4171.382824,14825,41770.67,0.8058765016,1,1,1,0.7726880244,0,0,6810,0,0,3.519152192,0,0,0,1,,328270
S07-supply-high,errra-no-vulnerability,100090,251298.0947,190753,4128.324706,14625,41791.77,0.8011788746,1,1,1,0.7666001971,0,0,6604,0,0,3.552169129,0,0,0,1,,342470
S07-supply-high,errra-no-vulnerability,100091,253594.5076,192999.5,4123.097647,14525,41946.91,0.8162822211,0.9999523764,0.9993706734,1,0.7826655149,0.0006293266205,1,6512,0,0,3.327292045,0,0,0,1,,302355
S07-supply-high,errra-no-vulnerability,100092,250910.6678,189900.1,4126.027765,15100,41784.54,0.7967021761,0.9998550304,0.9981060606,0.9991603694,0.7592177493,0.001893939394,3,6945,0,0.005268837869,3.833822307,0,0,0,1,,334640
S07-supply-high,errra-no-vulnerability,100093,254537.7632,194091.6,4111.888235,14450,41884.275,0.804772301,0.9999526403,0.9993746091,1,0.7660610065,0.0006253908693,1,6703,0,0,3.637618769,0,0,0,1,,339545
S07-supply-high,errra-no-vulnerability,100094,254429.2309,194212.2,4115.205882,14175,41926.825,0.8047889235,0.9999525031,0.9993626514,1,0.7690270018,0.0006373486297,1,6525,0,0,3.489053008,0,0,0,1,,343995
S07-supply-high,errra-no-vulnerability,100095,248701.6612,188434.5,4123.216235,14625,41518.945,0.8025538883,1,1,1,0.7634045486,0,0,6556,0,0,3.581316622,0,0,0,1,,336105
S07-supply-high,errra-no-vulnerability,100096,251341.5398,191174.1,4124.059765,14800,41243.38,0.813511777,1,1,1,0.7786995772,0,0,6449,0,0,3.352478413,0,0,0,1,,297740
S07-supply-high,errra-no-vulnerability,100097,251963.5436,191703.6,4172.158588,14550,41537.785,0.8073547848,0.9999522673,0.9993872549,1,0.7738980855,0.000612745098,1,6533,0,0,3.507018929,0,0,0,1,,349695
S07-supply-high,errra-no-vulnerability,100098,252492.6901,192705.9,4188.415059,14650,40948.375,0.8124922118,0.9999035354,0.9987730061,1,0.7790774262,0.001226993865,2,6398,0,0,3.294595016,0,0,0,1,,311025
S07-supply-high,errra-no-vulnerability,100099,253881.3555,193379.1,4176.735529,14775,41550.52,0.81123937,0.9999527968,0.9993902439,1,0.7735630906,0.0006097560976,1,6661,1,0,3.59435729,0,0,0,1,,307790
S07-supply-high,errra-no-vulnerability,100100,248541.829,189114.9,4124.724,14725,40577.205,0.8098051263,0.9999513358,0.999378882,1,0.775400083,0.0006211180124,1,6326,0,0,3.334514864,0,0,0,1,,328410
S07-supply-high,errra-no-rolling,100001,254787.9479,193697.6,4146.777882,14975,41968.57,0.7959341185,0.9999052043,0.9987730061,1,0.7578937926,0.001226993865,2,6939,0,0,3.765895374,0,0,0,1,,369675
S07-supply-high,errra-no-rolling,100002,250141.8184,189643.6,4075.753412,14625,41797.465,0.7836842765,1,1,1,0.7469436256,0,0,7308,0,0,4.078178856,0,0,0,1,,388605
S07-supply-high,errra-no-rolling,100003,250224.8843,190373.5,4136.339294,14825,40890.045,0.797971577,0.9998552752,0.9981515712,1,0.7601785101,0.001848428835,3,6668,0,0,3.634727352,0,0,0,1,,343735
S07-supply-high,errra-no-rolling,100004,254023.6954,192546.6,4121.125412,14900,42455.97,0.7903613337,1,1,1,0.7530014443,0,0,7074,0,0,3.947016788,0,0,0,1,,371380
S07-supply-high,errra-no-rolling,100005,254399.4099,192633.7,4132.084941,14425,43208.625,0.7928752399,1,1,1,0.7512363886,0,0,7198,0,0,3.990295585,0,0,0,1,,358700
S07-supply-high,errra-no-rolling,100006,252126.1682,191431.1,4071.033176,14850,41774.035,0.7945954341,0.9998571293,0.9981412639,1,0.7543296841,0.001858736059,3,6890,0,0,3.759729772,0,0,0,1,,352025
S07-supply-high,errra-no-rolling,100007,253640.6316,192953.1,4109.861647,14825,41752.67,0.8035717049,1,1,1,0.7735772995,0,0,6723,0,0,3.622835389,0,0,0,1,,343185
S07-supply-high,errra-no-rolling,100008,254096.4758,193045.2,4059.590824,14800,42191.685,0.7877531445,0.9999043931,0.9987195903,1,0.7507401883,0.001280409731,2,7145,0,0,4.020669276,0,0,0,1,,371110
S07-supply-high,errra-no-rolling,100009,253869.5114,193187.2,4124.941412,14525,42032.37,0.8037259021,0.9999043931,0.9987562189,1,0.7703221201,0.001243781095,2,6844,0,0,3.614928324,0,0,0,1,,329625
S07-supply-high,errra-no-rolling,100010,255356.902,193663.5,4113.132,14850,42730.27,0.7954552405,0.9999529412,0.9993891265,1,0.7609859248,0.0006108735492,1,7002,0,0,3.806679512,0,0,0,1,,358955
S07-supply-high,errra-no-rolling,100011,250634.7516,190570.5,4066.481647,14650,41347.77,0.7988752428,1,1,1,0.7615743374,0,0,6749,0,0,3.680070806,0,0,0,1,,346640
S07-supply-high,errra-no-rolling,100012,253009.4463,191918.4,4115.951294,14975,42000.095,0.7887610441,0.9998566308,0.9981938591,1,0.7474262644,0.001806140879,3,7123,0,0,4.030869086,0,0,0,1,,372160
S07-supply-high,errra-no-rolling,100013,252189.1028,192145,4113.127765,14650,41280.975,0.8039688341,1,1,1,0.768665823,0,0,6628,0,0,3.585542993,0,0,0,1,,324760
S07-supply-high,errra-no-rolling,100014,255700.004,194525.9,4179.624,14900,42094.48,0.7950595677,1,1,1,0.7558960693,0,0,7168,0,0,3.803703021,0,0,0,1,,349945
S07-supply-high,errra-no-rolling,100015,253045.1555,192354.7,4060.280471,14600,42030.175,0.7961464056,0.9999045483,0.9987080103,1,0.7582029504,0.001291989664,2,6934,0,0,3.724274549,0,0,0,1,,341015
S07-supply-high,errra-no-rolling,100016,249391.9894,188962.4,4084.194353,15175,41170.395,0.7978852297,1,1,1,0.7610519261,0,0,6816,0,0,3.801173823,0,0,0,1,,338535
S07-supply-high,errra-no-rolling,100017,256118.1199,195154.1,4193.469882,14600,42170.55,0.7903956879,1,1,1,0.7489029959,0,0,7221,0,0,3.995069215,0,0,0,1,,373070
S07-supply-high,errra-no-rolling,100018,253809.9662,193212.6,4135.156235,14875,41587.21,0.7982112132,1,1,1,0.7583123085,0,0,6727,0,0,3.689395936,0,0,0,1,,348225
S07-supply-high,errra-no-rolling,100019,253788.8827,192775.8,4144.452706,15150,41718.63,0.794779548,0.9999519831,0.9993898719,1,0.7563397806,0.0006101281269,1,6880,0,0,3.813546388,0,0,0,1,,340845
S07-supply-high,errra-no-rolling,100020,253819.1741,192727.7,4071.139059,15000,42020.335,0.787634659,1,1,1,0.7513531648,0,0,6945,0,0,3.879544255,0,0,0,1,,383250
S07-supply-high,errra-no-rolling,100021,250475.6116,189538.2,4089.766588,14775,42072.645,0.7886156008,1,1,1,0.7479899441,0,0,6917,0,0,4.038041696,0,0,0,1,,370295
S07-supply-high,errra-no-rolling,100022,255660.4417,194018.2,4164.396706,14850,42627.845,0.7905413719,0.999952467,0.9993792675,1,0.7537504737,0.0006207324643,1,7107,0,0,3.923777299,0,0,0,1,,375360
S07-supply-high,errra-no-rolling,100023,255123.4886,193911.6,4126.313647,14725,42360.575,0.7974533837,1,1,1,0.7586891094,0,0,6894,0,0,3.671796762,0,0,0,1,,351310
S07-supply-high,errra-no-rolling,100024,254194.8003,192869.9,4146.455294,14400,42778.445,0.7913773416,0.9999052133,0.998788613,1,0.7494816551,0.001211387038,2,7101,0,0,3.953538253,0,0,0,1,,365430
S07-supply-high,errra-no-rolling,100025,253043.2917,191748.7,4059.576706,15125,42110.015,0.8012437811,1,1,1,0.771010716,0,0,6716,0,0,3.577487562,0,0,0,1,,341195
S07-supply-high,errra-no-rolling,100026,249222.6306,189040.5,4055.045647,14500,41627.085,0.7877665971,1,1,1,0.7493762446,0,0,6951,2,0,4.039791785,0,0,0,1,,370665
S07-supply-high,errra-no-rolling,100027,256585.4859,195631.7,4138.840941,15050,41764.945,0.800964981,0.9999053434,0.9987333756,1,0.7617281208,0.001266624446,2,6726,0,0,3.585872555,0,0,0,1,,347630
S07-supply-high,errra-no-rolling,100028,251485.4775,190931.2,4071.032471,14900,41583.245,0.7958620905,1,1,1,0.756920984,0,0,6936,0,0,3.833486532,0,0,0,1,,341305
S07-supply-high,errra-no-rolling,100029,252890.4074,191918.4,4066.422353,15025,41880.585,0.7968004491,1,1,1,0.754003338,0,0,6845,0,0,3.741416409,0,0,0,1,,352340
S07-supply-high,errra-no-rolling,100030,250769.4564,190206.9,4057.146353,14850,41655.41,0.7966099035,1,1,1,0.7564207837,0,0,6914,0,0,3.855952288,0,0,0,1,,354215
S07-supply-high,errra-no-rolling,100031,253725.1505,193108,4082.595529,14525,42009.555,0.7908838881,0.9999525211,0.9993868792,1,0.7493136314,0.0006131207848,1,6988,0,0,3.930227516,0,0,0,1,,354685
S07-supply-high,errra-no-rolling,100032,253262.0719,192711,4083.856941,14675,41792.215,0.8005530751,0.9999050062,0.9987737584,1,0.7647151013,0.00122624157,2,6682,0,0,3.549599098,0,0,0,1,,341705
S07-supply-high,errra-no-rolling,100033,248558.6824,188887.4,4042.002353,14775,40854.28,0.7910977737,1,1,1,0.7521617147,0,0,6820,0,0,3.846559932,0,0,0,1,,357125
S07-supply-high,errra-no-rolling,100034,251998.9922,191357.4,4122.952235,14475,42043.64,0.799975129,1,1,1,0.7630606741,0,0,6934,0,0,3.760958776,0,0,0,1,,334480
S07-supply-high,errra-no-rolling,100035,248655.8525,188258.3,3990.452471,14500,41907.1,0.7980226655,0.9998547848,0.9981036662,1,0.7584257006,0.001896333755,3,6926,0,0,3.939469672,0,0,0,1,,340885
S07-supply-high,errra-no-rolling,100036,248765.8098,189127.4,4097.114824,14450,41091.295,0.7993880913,0.999951616,0.9993823348,1,0.760840155,0.0006176652254,1,7017,0,0,3.890311446,0,0,0,1,,320405
S07-supply-high,errra-no-rolling,100037,254335.9073,192325.8,4069.907294,15125,42815.2,0.7870196705,0.9999048118,0.9987437186,1,0.7510514721,0.001256281407,2,7288,0,0,3.97402074,0,0,0,1,,385560
S07-supply-high,errra-no-rolling,100038,253340.3127,192151.2,4095.132706,14925,42168.98,0.7952438968,0.9999523719,0.999378882,1,0.7581141484,0.0006211180124,1,7028,0,0,3.806224265,0,0,0,1,,360990
S07-supply-high,errra-no-rolling,100039,255317.8249,194057.4,4108.749882,15025,42126.675,0.7887032199,0.9999522992,0.9993849938,1,0.7554949964,0.0006150061501,1,7089,0,0,3.802816466,0,0,0,1,,388045
S07-supply-high,errra-no-rolling,100040,251665.0016,190956.5,4123.241647,14875,41710.26,0.7944861373,1,1,1,0.7587489164,0,0,6991,0,0,3.679543788,0,0,0,1,,366265
S07-supply-high,errra-no-rolling,100041,249993.1862,189397.7,4020.921176,15075,41499.565,0.8028175665,0.9999514115,0.9993792675,1,0.7673160419,0.0006207324643,1,6805,0,0,3.569416024,0,0,0,1,,323230
S07-supply-high,errra-no-rolling,100042,252422.8235,191819,4175.103529,14950,41478.72,0.8001487265,0.9998093786,0.9975624619,1,0.7651951231,0.002437538087,4,6566,0,0,3.544974283,0,0,0,1,,353320
S07-supply-high,errra-no-rolling,100043,254254.4508,193165.9,4148.810824,15075,41864.74,0.8029032158,0.9998090419,0.9975339088,1,0.7655466906,0.002466091245,4,6574,4,0,3.514577981,0,0,0,1,,337220
S07-supply-high,errra-no-rolling,100044,246923.5698,187120.6,4045.639765,15125,40632.33,0.7832351536,1,1,1,0.7497330424,0,0,7039,0,0,4.04613915,0,0,0,1,,382920
S07-supply-high,errra-no-rolling,100045,254425.4645,193812.6,4118.624471,14875,41619.24,0.7967930928,0.9999054195,0.9987775061,1,0.7575416732,0.001222493888,2,6943,0,0,3.753376503,0,0,0,1,,337505
S07-supply-high,errra-no-rolling,100046,251557.5472,191421.7,4074.952235,14650,41410.895,0.7939975469,1,1,1,0.7553459119,0,0,6891,0,0,3.693247628,0,0,0,1,,369520
S07-supply-high,errra-no-rolling,100047,251988.1956,191406.2,4120.625647,14675,41786.37,0.7906795633,1,1,1,0.7518710029,0,0,7065,0,0,3.89445976,0,0,0,1,,358940
S07-supply-high,errra-no-rolling,100048,252926.0358,191863.6,4133.155765,15225,41704.28,0.7967331274,0.9999519,0.9993804213,1,0.7634102453,0.0006195786865,1,6658,0,0,3.672813504,0,0,0,1,,355125
S07-supply-high,errra-no-rolling,100049,257675.4141,195782.3,4134.854118,14975,42783.26,0.7943344502,0.9999061738,0.9987397606,1,0.7581197147,0.001260239445,2,7308,0,0,3.826698142,0,0,0,1,,367885
S07-supply-high,errra-no-rolling,100050,248493.3129,188518.8,4035.357882,14475,41464.155,0.8057568692,1,1,1,0.7699323937,0,0,6639,0,0,3.555536299,0,0,0,1,,324030
S07-supply-high,errra-no-rolling,100051,253624.2338,192926,4084.663765,14850,41763.57,0.7922822526,1,1,1,0.7511613815,0,0,7135,0,0,3.998825493,0,0,0,1,,363315
S07-supply-high,errra-no-rolling,100052,254443.1715,193151.1,4116.531529,14950,42225.54,0.7993576976,0.9999055133,0.9987804878,1,0.761755836,0.001219512195,2,6996,0,0,3.809717912,0,0,0,1,,341165
S07-supply-high,errra-no-rolling,100053,249578.8471,189810.5,4096.627059,14675,40996.72,0.8020833333,1,1,1,0.7660805289,0,0,6608,0,0,3.539398774,0,0,0,1,,338530
S07-supply-high,errra-no-rolling,100054,252336.2859,191770.6,4074.765882,14400,42090.92,0.7991727374,0.9999526515,0.9993898719,1,0.7663168215,0.0006101281269,1,6874,0,0,3.669990122,0,0,0,1,,337545
S07-supply-high,errra-no-rolling,100055,254048.3544,193257.6,4114.794353,14925,41750.96,0.7948650611,0.9998090874,0.9975108899,1,0.7562789235,0.002489110143,4,7283,0,0,4.005932059,0,0,0,1,,341680
S07-supply-high,errra-no-rolling,100056,252975.6854,191389,4082.370353,15150,42354.315,0.795491417,1,1,1,0.7628432739,0,0,7231,0,0,3.778588094,0,0,0,1,,361285
S07-supply-high,errra-no-rolling,100057,256032.0456,194948.1,4180.745647,14675,42228.2,0.8004190676,0.9999524783,0.9993935719,1,0.7654786738,0.0006064281383,1,6798,0,0,3.544834068,0,0,0,1,,350975
S07-supply-high,errra-no-rolling,100058,254904.2775,194231,4048.352471,14400,42224.925,0.8055127128,0.9998586173,0.9981583794,0.9991796555,0.77415645,0.001841620626,3,6696,0,0.00582647507,3.501504161,0,0,0,1,,343905
S07-supply-high,errra-no-rolling,100059,255193.1683,194461.5,4133.663294,14950,41648.005,0.7978435421,0.9999059399,0.9987484355,1,0.7700441115,0.001251564456,2,7179,5,0,3.699242946,0,0,0,1,,368985
S07-supply-high,errra-no-rolling,100060,253881.1033,193025.9,4157.003294,15375,41323.2,0.8007649729,1,1,1,0.7658093521,0,0,6725,0,0,3.68471298,0,0,0,1,,335375
S07-supply-high,errra-no-rolling,100061,254713.2107,193377.3,4068.240706,14650,42617.67,0.7931888831,0.9999523878,0.9993686869,1,0.7549971064,0.0006313131313,1,6979,0,0,3.834431073,0,0,0,1,,357425
S07-supply-high,errra-no-rolling,100062,248013.9213,188340.8,4033.871294,14675,40964.25,0.8033148823,0.9999512955,0.999376947,1,0.7697759226,0.0006230529595,1,6559,0,0,3.468278374,0,0,0,1,,325925
S07-supply-high,errra-no-rolling,100063,253823.4249,192984.2,4093.809882,15350,41395.415,0.8058401164,1,1,1,0.7715755339,0,0,6801,0,0,3.608090124,0,0,0,1,,320150
S07-supply-high,errra-no-rolling,100064,256807.8533,195445.7,4206.563294,14725,42430.59,0.7919283198,1,1,1,0.7539125982,0,0,7111,0,0,3.887119008,0,0,0,1,,360855
S07-supply-high,errra-no-rolling,100065,252213.9138,191072.3,4099.783765,14675,42366.83,0.7931901422,0.999952224,0.9993834772,1,0.7544160444,0.0006165228113,1,6877,0,0,3.776615557,0,0,0,1,,367665
S07-supply-high,errra-no-rolling,100066,252200.2252,191649.1,4098.825176,14800,41652.3,0.8001244555,0.9999043062,0.998788613,1,0.7627606841,0.001211387038,2,6933,0,0,3.714063472,0,0,0,1,,340665
S07-supply-high,errra-no-rolling,100067,254347.7721,192305.4,4070.642118,14450,43521.73,0.7918460876,1,1,1,0.7554111594,0,0,7123,0,0,3.832231176,0,0,0,1,,361260
S07-supply-high,errra-no-rolling,100068,251950.2914,191713.8,4095.781412,14550,41590.71,0.8020781715,0.9998088502,0.997515528,1,0.7625965511,0.00248447205,4,6960,0,0,3.733043236,0,0,0,1,,322330
S07-supply-high,errra-no-rolling,100069,250152.1718,189994,4083.811765,14725,41349.36,0.7952402475,0.9999039339,0.9987523394,1,0.7608601759,0.001247660636,2,6864,0,0,3.778096411,0,0,0,1,,370755
S07-supply-high,errra-no-rolling,100070,252684.5432,192088.9,4081.708235,14625,41888.935,0.7894435415,1,1,1,0.751551556,0,0,6978,0,0,3.862905348,0,0,0,1,,377130
S07-supply-high,errra-no-rolling,100071,251589.2874,190918.2,4105.357412,14425,42140.73,0.7894383461,0.9998558732,0.998136646,1,0.7439965303,0.001863354037,3,7037,0,0,3.95421826,0,0,0,1,,372905
S07-supply-high,errra-no-rolling,100072,255634.0821,194744.7,4112.222118,14800,41977.16,0.7985659904,0.9999528235,0.9993781095,1,0.764181203,0.0006218905473,1,6965,0,0,3.663435814,0,0,0,1,,344625
S07-supply-high,errra-no-rolling,100073,250975.2669,190583,4090.101882,14700,41602.165,0.8010108281,1,1,1,0.7658249349,0,0,6646,0,0,3.676300307,0,0,0,1,,337550
S07-supply-high,errra-no-rolling,100074,250867.8789,190107,4099.293882,15150,41511.585,0.7902871477,0.9999041778,0.9987760098,1,0.7528327165,0.001223990208,2,7306,0,0,3.999594908,0,0,0,1,,358370
S07-supply-high,errra-no-rolling,100075,253439.2659,192154.5,4146.825882,14900,42237.94,0.7946151459,0.9999521485,0.9993964997,1,0.7573039293,0.0006035003018,1,7201,0,0,3.879546865,0,0,0,1,,366355
S07-supply-high,errra-no-rolling,100076,252391.6315,191506.5,4039.131529,14525,42321,0.7962948572,1,1,1,0.7627432601,0,0,6553,0,0,3.569743406,0,0,0,1,,363695
S07-supply-high,errra-no-rolling,100077,252135.6423,191367.5,4093.547294,14525,42149.595,0.7832813031,0.9999522946,0.999376947,1,0.7506471481,0.0006230529595,1,7235,0,0,4.080997125,0,0,0,1,,393685
S07-supply-high,errra-no-rolling,100078,252962.3979,191814.4,4123.432941,15125,41899.565,0.7988388563,0.9998568771,0.9981515712,1,0.7619588425,0.001848428835,3,6770,0,0,3.706461002,0,0,0,1,,345130
S07-supply-high,errra-no-rolling,100079,256542.3462,195228.9,4143.561176,15025,42144.885,0.7954799321,0.9999530737,0.9993887531,1,0.7582067071,0.0006112469438,1,7183,0,0,3.856456475,0,0,0,1,,339940
S07-supply-high,errra-no-rolling,100080,254917.9332,193636.3,4099.228235,14950,42232.405,0.8041022958,1,1,1,0.7700582698,0,0,6909,0,0,3.606481197,0,0,0,1,,320655
S07-supply-high,errra-no-rolling,100081,250629.9732,189898.5,4095.573176,14750,41885.9,0.7920830915,1,1,1,0.7573387763,0,0,6957,0,0,3.856613898,0,0,0,1,,358555
S07-supply-high,errra-no-rolling,100082,252887.7224,192229.1,4108.417412,15150,41400.205,0.7982036392,0.9999524557,0.9993961353,1,0.7629952989,0.0006038647343,1,6763,0,0,3.604878049,0,0,0,1,,354605
S07-supply-high,errra-no-rolling,100083,253952.7624,193017.3,4155.942353,14900,41879.52,0.8040593891,1,1,1,0.7678912482,0,0,6510,0,0,3.399498382,0,0,0,1,,337845
S07-supply-high,errra-no-rolling,100084,249598.5615,189332.5,4067.991529,14925,41273.07,0.7900011082,1,1,1,0.7513744514,0,0,6826,0,0,3.79153672,0,0,0,1,,364085
S07-supply-high,errra-no-rolling,100085,252895.7994,192362.5,4123.669412,14450,41959.63,0.7936783659,1,1,1,0.756440542,0,0,6871,0,0,3.824061293,0,0,0,1,,353875
S07-supply-high,errra-no-rolling,100086,252425.1337,191744.7,4104.168706,14675,41901.265,0.7867239939,1,1,1,0.7507975816,0,0,7241,0,0,4.058461443,0,0,0,1,,373225
S07-supply-high,errra-no-rolling,100087,253205.0287,192123.4,4154.388706,15100,41827.24,0.7948364087,0.999952306,0.9993887531,1,0.7574829396,0.0006112469438,1,6880,0,0,3.788664909,0,0,0,1,,364810
S07-supply-high,errra-no-rolling,100088,254790.3302,193935,4083.165176,14725,42047.165,0.7882750153,0.9998587038,0.9981458591,1,0.7459664106,0.001854140915,3,7236,0,0,4.057949662,0,0,0,1,,363820
S07-supply-high,errra-no-rolling,100089,256273.3212,195381.8,4113.496235,15175,41603.025,0.8083556508,1,1,1,0.7798614032,0,0,6738,0,0,3.369362614,0,0,0,1,,329140
S07-supply-high,errra-no-rolling,100090,249872.7601,189041.7,4044.530118,14400,42386.53,0.7909933983,1,1,1,0.7542001879,0,0,7055,0,0,3.94981138,0,0,0,1,,362365
S07-supply-high,errra-no-rolling,100091,255878.2831,194512.2,4076.558118,14600,42689.525,0.7954328478,0.9999523764,0.9993706734,1,0.7610693955,0.0006293266205,1,7051,0,0,3.817991439,0,0,0,1,,353850
S07-supply-high,errra-no-rolling,100092,250205.4396,188732.2,4049.729647,14925,42498.51,0.7828488053,0.9999033536,0.9987373737,1,0.7413540714,0.001262626263,2,7398,0,0,4.301683428,0,0,0,1,,370960
S07-supply-high,errra-no-rolling,100093,254420.3999,193976,4076.229882,14625,41743.17,0.8049875465,0.9999526403,0.9993746091,1,0.7718092721,0.0006253908693,1,6688,0,0,3.510316411,0,0,0,1,,337850
S07-supply-high,errra-no-rolling,100094,254657.5152,193028.5,4064.805176,15050,42514.21,0.7930710167,0.9999525031,0.9993626514,1,0.7578968457,0.0006373486297,1,7071,0,0,3.923664004,0,0,0,1,,356715
S07-supply-high,errra-no-rolling,100095,250156.7641,189426.5,4067.954118,14725,41937.31,0.7889027098,1,1,1,0.7558005973,0,0,6766,0,0,3.854025287,0,0,0,1,,372485
S07-supply-high,errra-no-rolling,100096,249910.2564,189284.2,4095.126353,14725,41805.93,0.7977778126,1,1,1,0.758244772,0,0,6822,0,0,3.727241385,0,0,0,1,,348605
S07-supply-high,errra-no-rolling,100097,253514.1769,192259,4130.841882,14900,42224.335,0.7872188946,0.9999522673,0.9993872549,1,0.7509773697,0.000612745098,1,7082,0,0,3.991007723,0,0,0,1,,380210
S07-supply-high,errra-no-rolling,100098,250722.1569,190027.3,4106.061882,14975,41613.795,0.7982242991,0.9999035354,0.9987730061,1,0.7626110064,0.001226993865,2,6871,0,0,3.747461059,0,0,0,1,,338735
S07-supply-high,errra-no-rolling,100099,254532.6868,193966.4,4143.091765,14700,41723.195,0.8001719215,0.9999527968,0.9993902439,1,0.764913841,0.0006097560976,1,6996,0,0,3.687225616,0,0,0,1,,331255
S07-supply-high,errra-no-rolling,100100,248958.436,188328.4,4110.636,15050,41469.4,0.7882540133,0.9999513358,0.999378882,1,0.753055389,0.0006211180124,1,7282,0,0,3.99169778,0,0,0,1,,379950
S07-supply-high,errra-no-essential-priority,100001,328001.3837,194431.5,4220.928706,89975,39373.955,0.714215149,0.7217271779,0.7134969325,0.6172839506,0.6979335494,0.01401575784,5871,5158,0,33.05743392,1.60420172,28,33,37,1,0.0523207868,1343480
S07-supply-high,errra-no-essential-priority,100002,327964.6622,192905,4195.372235,91875,38989.29,0.7082314971,0.7131558642,0.7115697222,0.6146419952,0.6946730757,0.01984814159,5948,5286,0,34.48688226,1.703171022,28,32,37,1,0.05213784209,1359580
S07-supply-high,errra-no-essential-priority,100003,320934.1567,189856.2,4173.996706,88600,38303.96,0.7346303137,0.738530561,0.725916969,0.6361690744,0.7327518363,0.09232086221,5420,4828,0,31.16937715,1.447880799,26,30,34,1,0.05789413416,1234680
S07-supply-high,errra-no-essential-priority,100004,322350.696,193559.7,4240.776,85350,39200.22,0.7491435569,0.752474774,0.7355653569,0.6505034446,0.7334028955,0.1175771447,5176,4634,0,29.51166452,1.288601944,25,29,33,1,0.06160742016,1181525
S07-supply-high,errra-no-essential-priority,100005,321449.6724,195907.3,4273.422353,81625,39643.95,0.7604145873,0.7587581886,0.7492795389,0.6647398844,0.7376296887,0.07588682528,5082,4590,10,29.08599311,1.175078695,25,29,32,1,0.05833668433,1146715
S07-supply-high,errra-no-essential-priority,100006,327047.8572,192982.3,4194.837176,90675,39195.72,0.7180307501,0.728402705,0.7198817951,0.6254365006,0.7066969961,0.06822229415,5703,5179,0,32.79810271,1.589221929,27,31,36,1,0.06158817558,1312130
S07-supply-high,errra-no-essential-priority,100007,324863.5714,195064.7,4259.041412,86475,39064.83,0.7378015754,0.7373684461,0.733924155,0.6423822715,0.7335493015,0.01469969822,5515,4803,8,31.60708795,1.398891967,27,31,34,1,0.04907440968,1244410
S07-supply-high,errra-no-essential-priority,100008,318963.7804,193839.5,4149.265412,82225,38750.015,0.7579250275,0.7545293752,0.7483566146,0.6657571623,0.7525878765,0.04933864786,5135,4549,0,29.21205789,1.234695298,24,29,33,1,0.04625713991,1159920
S07-supply-high,errra-no-essential-priority,100009,322127.3424,194491.9,4196.982353,84300,39138.46,0.755391127,0.7584970601,0.7454507858,0.6591915836,0.7400493366,0.09783279632,5052,4644,0,28.73399973,1.267687222,25,29,33,1,0.05719307824,1155220
S07-supply-high,errra-no-essential-priority,100010,328000.7302,197413.1,4264.840235,86700,39622.79,0.7447931003,0.7481882353,0.7326589595,0.6428571429,0.7237051793,0.1072921706,5351,4839,0,30.10822233,1.32574854,26,30,34,1,0.0613430325,1214445
S07-supply-high,errra-no-essential-priority,100011,321272.7432,191236.9,4170.153176,87325,38540.69,0.7417288051,0.7497344791,0.7412931823,0.6562266268,0.7356551908,0.1019298033,5184,4756,0,29.95292335,1.362146751,26,29,34,1,0.06531267818,1192555
S07-supply-high,errra-no-essential-priority,100012,323518.0926,193169.5,4229.722588,87100,39018.87,0.7247868822,0.7283154122,0.7169772257,0.6206992231,0.7040974231,0.1108373439,5685,5171,0,32.44639094,1.549758544,27,31,36,1,0.05815781833,1294970
S07-supply-high,errra-no-essential-priority,100013,321363.4703,191969.7,4214.435294,86450,38729.335,0.733721093,0.7336520076,0.7199671997,0.628703452,0.7265230114,0.09649621496,5572,4872,0,32.11431331,1.438531283,27,30,34,1,0.06180183429,1250335
S07-supply-high,errra-no-essential-priority,100014,324521.3302,195036.7,4264.540235,86025,39195.09,0.7331583149,0.7380590637,0.7292486028,0.6401320616,0.7156954261,0.1031997748,5517,5018,0,31.50868983,1.449244657,27,30,34,1,0.06071518174,1261590
S07-supply-high,errra-no-essential-priority,100015,324794.8125,193139.8,4151.312471,88075,39428.7,0.7205292889,0.7200400897,0.711112644,0.6149319603,0.7120473849,0.09056694257,5866,4982,1,33.36070236,1.522370966,27,30,34,1,0.06198397352,1318640
S07-supply-high,errra-no-essential-priority,100016,320049.3115,190154.4,4200.471529,87375,38319.44,0.7384073136,0.7459749553,0.7326086957,0.6436660521,0.7193153716,0.09937131684,5254,4779,0,30.70375848,1.404764527,26,29,33,1,0.065729186,1198520
S07-supply-high,errra-no-essential-priority,100017,326777.8958,195167.6,4291.735765,88150,39168.56,0.7280105353,0.7264603518,0.7226890756,0.6292134831,0.720849899,0.004994695008,5816,5066,0,32.94056243,1.507120544,27,31,35,1,0.05884287542,1317900
S07-supply-high,errra-no-essential-priority,100018,325302.4652,193317.3,4189.120235,88875,38921.045,0.7341156046,0.7405222851,0.7259469313,0.6346205779,0.7224958949,0.06073617594,5455,4877,0,31.43671366,1.463953002,26,28,35,1,0.07070967484,1239460
S07-supply-high,errra-no-essential-priority,100019,325391.6468,192394.6,4157.191765,89650,39189.855,0.7141366475,0.7191971574,0.7169463774,0.6231607629,0.6955225858,0.02191878428,5848,5268,0,33.62983865,1.641701319,29,31,35,1,0.06281312793,1336340
S07-supply-high,errra-no-essential-priority,100020,325146.5458,193191.7,4192.370824,88600,39162.475,0.7295489119,0.7354091169,0.7289314239,0.6385752318,0.7252279635,0.06419319248,5549,4983,1,31.86438019,1.508428798,27,31,35,1,0.05767420179,1270170
S07-supply-high,errra-no-essential-priority,100021,320816.1875,191421.7,4191.927529,86300,38902.56,0.7333177169,0.7318311494,0.7212233933,0.6283746556,0.7168913029,0.01416381923,5546,4833,0,32.0457181,1.436526899,27,31,35,1,0.05911920226,1251540
S07-supply-high,errra-no-essential-priority,100022,324484.3749,195627.2,4287.189882,85375,39194.985,0.7547216241,0.7608612986,0.7450900992,0.659453611,0.7369663584,0.09600238993,5031,4540,0,28.99157209,1.217256229,25,29,33,1,0.06163068659,1152705
S07-supply-high,errra-no-essential-priority,100023,329028.2119,195146.4,4239.436941,89800,39842.375,0.7228058858,0.7293530464,0.7191345772,0.6243695248,0.7031035609,0.072074214,5748,5179,3,32.5955074,1.548613031,28,30,35,1,0.05788876694,1314150
S07-supply-high,errra-no-essential-priority,100024,324119.8008,194272.8,4245.890824,86025,39576.11,0.7431564979,0.7444075829,0.7409333611,0.6545538604,0.730155642,0.04404543966,5393,4836,0,30.51744706,1.371447088,26,30,33,1,0.05841957039,1218575
S07-supply-high,errra-no-essential-priority,100025,322676.4341,192359.8,4115.359059,86725,39476.275,0.7410136816,0.7406368821,0.7374819699,0.6498075866,0.7382113091,0.03414217445,5457,4754,0,31.3226516,1.37465796,26,30,34,1,0.05870581379,1212725
S07-supply-high,errra-no-essential-priority,100026,317457.768,189060.1,4159.608,85775,38463.06,0.7412030884,0.7495990279,0.735964542,0.648200225,0.7229369098,0.1311123811,5152,4745,0,30.1588041,1.396430606,26,29,34,1,0.05628584211,1182325
S07-supply-high,errra-no-essential-priority,100027,324296.1506,195269.5,4176.850588,86000,38849.8,0.7514405569,0.7561171849,0.7346115035,0.6457435345,0.7413679926,0.1292263685,5153,4559,0,29.2256331,1.238586948,25,28,32,1,0.0652511758,1172595
S07-supply-high,errra-no-essential-priority,100028,319520.5757,193396.8,4180.740706,83600,38343.035,0.7581130135,0.7682733433,0.7433090024,0.6581150419,0.7370565046,0.1934869926,4822,4580,0,27.85918641,1.221805038,25,26,31,1,0.0365721543,1110240
S07-supply-high,errra-no-essential-priority,100029,318086.6379,191984.4,4162.137882,83075,38865.1,0.7547790564,0.7592131712,0.745661157,0.6596627039,0.7376797058,0.08190334895,5031,4670,0,29.1584195,1.280256962,25,28,32,1,0.06125684288,1143120
S07-supply-high,errra-no-essential-priority,100030,321288.6729,191835.9,4209.357882,86725,38518.415,0.7489131288,0.7474152092,0.7330803289,0.6477462437,0.7309749074,0.01881627126,5228,4506,0,30.5483748,1.299584085,26,30,34,1,0.05934598122,1169105
S07-supply-high,errra-no-essential-priority,100031,320439.3028,192735.7,4169.822824,84625,38908.78,0.740656992,0.7458455987,0.7382159496,0.6505076374,0.7227071304,0.09440207618,5353,4854,0,30.6219069,1.398764075,26,29,35,1,0.0606684275,1216655
S07-supply-high,errra-no-essential-priority,100032,326181.9368,194859.9,4233.631765,87975,39113.405,0.7420630629,0.7501187423,0.7324866858,0.6439476554,0.7264618434,0.1025838231,5261,4807,0,30.30040536,1.350878277,25,28,34,1,0.07117993294,1207460
S07-supply-high,errra-no-essential-priority,100033,322263.821,189948.1,4182.756,90000,38132.965,0.7217622197,0.7277299545,0.7217975938,0.6277687736,0.7061589707,0.07593397523,5630,5039,0,32.4161082,1.555752824,28,31,35,1,0.04839237056,1286000
S07-supply-high,errra-no-essential-priority,100034,320746.6402,192480.2,4236.045176,84950,39080.395,0.7439221538,0.7483113772,0.7397279386,0.6523511824,0.7244884575,0.1098404954,5254,4788,0,30.18466294,1.34806939,26,29,33,1,0.0659585934,1193340
S07-supply-high,errra-no-essential-priority,100035,319348.7097,191045.2,4127.424706,85350,38826.085,0.7442825482,0.7480516966,0.7415417559,0.6561253561,0.732820726,0.07072120239,5205,4798,0,30.28424517,1.387340658,26,29,34,1,0.06521845195,1190580
S07-supply-high,errra-no-essential-priority,100036,319662.7651,189678.8,4188.715059,87475,38320.25,0.7238565937,0.7321946971,0.7226950355,0.6302250804,0.7127119203,0.1037410362,5535,4964,0,31.90779527,1.524703852,27,29,34,1,0.07091067376,1274125
S07-supply-high,errra-no-essential-priority,100037,322401.6976,194130.1,4193.657647,84625,39452.94,0.7532590331,0.7590785779,0.7461395923,0.6591097595,0.7354716213,0.0999659353,5062,4620,0,29.13460442,1.267883992,25,29,33,1,0.05654003284,1160785
S07-supply-high,errra-no-essential-priority,100038,324433.1516,194076.4,4182.641647,87025,39149.11,0.7424240088,0.745618213,0.7347102466,0.6477635783,0.7301844063,0.08143882168,5341,4768,0,30.64895576,1.362999861,26,29,33,1,0.06656959826,1200255
S07-supply-high,errra-no-essential-priority,100039,323403.1528,194427.7,4236.727765,85625,39113.725,0.7446167164,0.7476626598,0.7438999385,0.6582325238,0.7264069264,0.04699797049,5290,4799,0,30.19853784,1.360312872,26,29,34,1,0.06227956615,1200940
S07-supply-high,errra-no-essential-priority,100040,322468.573,191281.8,4207.668,87975,39004.105,0.7368511382,0.7378322319,0.7200884778,0.6289978678,0.7295209659,0.05692157247,5435,4865,0,31.3488171,1.428393116,27,30,34,1,0.05818547222,1218540
S07-supply-high,errra-no-essential-priority,100041,321777.3665,189964.2,4100.631529,88700,39012.535,0.730662679,0.7364559545,0.7305473477,0.6399360722,0.7246514791,0.05840361445,5424,4814,5,31.77287775,1.45872816,27,30,34,1,0.06692450354,1234095
S07-supply-high,errra-no-essential-priority,100042,323998.3321,193214.3,4211.287059,87725,38847.745,0.7411693623,0.7461875715,0.7327380952,0.6431788079,0.7237250841,0.1466037695,5326,4784,5,30.62545896,1.379794881,26,29,33,1,0.06018583736,1219315
S07-supply-high,errra-no-essential-priority,100043,323812.148,194593.6,4246.968,85600,39371.58,0.7347952583,0.7366209958,0.7222898904,0.628159826,0.7147919674,0.08412194686,5517,4947,0,31.72561638,1.4156427,26,29,33,1,0.06661192743,1248140
S07-supply-high,errra-no-essential-priority,100044,318840.4226,189474.1,4174.817647,87775,37416.505,0.7424613915,0.7451622361,0.7368094351,0.6471567268,0.7250675676,0.03499019381,5215,4611,11,30.46417762,1.36806241,26,30,35,1,0.0578480205,1183330
S07-supply-high,errra-no-essential-priority,100045,324821.1149,194089,4207.809882,87725,38799.305,0.7332099907,0.7397616571,0.7300637959,0.6407535155,0.7161131929,0.03521737774,5503,4874,0,31.15072923,1.4046716,27,31,35,1,0.05862258626,1251945
S07-supply-high,errra-no-essential-priority,100046,326121.3059,192100.7,4157.260941,91200,38663.345,0.7336469638,0.7362364513,0.7277369281,0.6357923497,0.7299645746,0.0709042084,5524,4821,0,31.62016897,1.428975111,27,29,36,1,0.06649744993,1249520
S07-supply-high,errra-no-essential-priority,100047,321246.2332,193607.2,4250.793176,84850,38538.24,0.7492484775,0.7567981616,0.7393865529,0.6507893304,0.7381940328,0.165993781,5080,4624,0,29.05661153,1.29472143,26,29,32,1,0.06005678965,1158560
S07-supply-high,errra-no-essential-priority,100048,323324.0805,191709.1,4208.660471,88300,39106.32,0.7261537021,0.7306878307,0.7244977088,0.6316335187,0.722729654,0.07847626885,5599,4933,8,32.42350854,1.481543886,27,31,35,1,0.06181291044,1278045
S07-supply-high,errra-no-essential-priority,100049,328421.7358,197153.6,4267.850824,87050,39950.285,0.7265306122,0.7246669169,0.6754883428,0.5710702341,0.714256241,0.06231165721,5869,5130,0,33.23167957,1.522784039,27,31,35,1,0.03947237902,1315645
S07-supply-high,errra-no-essential-priority,100050,318446.4856,190942.3,4177.025647,84600,38727.16,0.7504253844,0.7529525653,0.7469135802,0.6627364957,0.7478655283,0.05794886377,5104,4554,0,29.66978206,1.2867091,26,29,33,1,0.06203831123,1160020
S07-supply-high,errra-no-essential-priority,100051,322722.1033,193572.6,4223.303294,86400,38526.2,0.7425666069,0.7456900657,0.7368736275,0.6465540359,0.724315515,0.06516329169,5340,4819,0,30.46884033,1.343666935,26,30,34,1,0.06171419174,1219700
S07-supply-high,errra-no-essential-priority,100052,320784.874,194712.2,4266.264,82925,38881.41,0.7654669816,0.7750271649,0.7549575071,0.6721710883,0.7482916473,0.1688229807,4762,4474,0,27.11067493,1.171476215,24,27,32,1,0.03034883774,1091215
S07-supply-high,errra-no-essential-priority,100053,320118.6304,191224.7,4196.905412,86250,38447.025,0.7395520521,0.7398843931,0.7343968096,0.6452729694,0.72484825,0.02540406162,5400,4753,0,30.9933218,1.379832958,27,31,35,1,0.05553114311,1222760
S07-supply-high,errra-no-essential-priority,100054,325761.1764,192907.5,4233.906353,89025,39594.77,0.7226818126,0.7272253788,0.7234610123,0.6290144981,0.7140563324,0.0477409401,5761,5070,0,32.74628162,1.543060872,27,30,35,1,0.04204303365,1311145
S07-supply-high,errra-no-essential-priority,100055,327277.9961,193630.5,4187.006118,90575,38885.49,0.714689571,0.7201699122,0.7161016949,0.6218799295,0.7009071331,0.04681056395,5863,5187,0,33.18620236,1.58542011,28,31,36,1,0.05491160321,1336390
S07-supply-high,errra-no-essential-priority,100056,325243.3324,192816.1,4164.637412,88675,39587.595,0.7248960925,0.7275152439,0.7163106408,0.6231768762,0.7079307438,0.03289368761,5720,5014,0,32.58459594,1.483289813,27,31,35,1,0.06301451134,1302340
S07-supply-high,errra-no-essential-priority,100057,326938.0272,194720.8,4243.492235,88175,39798.735,0.7282377592,0.7352563798,0.7288727572,0.6382823207,0.7173531398,0.05220668493,5571,5009,0,31.73509306,1.492250331,27,31,35,1,0.05836874736,1276710
S07-supply-high,errra-no-essential-priority,100058,328693.3498,196258.8,4168.699765,88225,40040.85,0.7148965412,0.7275554927,0.7188129448,0.6254025045,0.6988757845,0.09825273966,5781,5294,0,32.68242679,1.642284493,28,29,37,1,0.07091998919,1335045
S07-supply-high,errra-no-essential-priority,100059,327675.1721,196511,4218.482118,88000,38945.69,0.7306721725,0.7344212952,0.7247247247,0.6331376734,0.7144900215,0.0393553754,5647,5103,0,32.0338717,1.487435956,27,30,34,1,0.06691704105,1275810
S07-supply-high,errra-no-essential-priority,100060,323849.6964,190294.2,4148.281412,90425,38982.215,0.7127619877,0.7095600555,0.6901492537,0.5893987342,0.7036590269,0.02311239501,6067,5150,0,34.85140031,1.618990609,28,33,36,1,0.05652210622,1355865
S07-supply-high,errra-no-essential-priority,100061,328597.3474,194090.3,4218.337412,90275,40013.71,0.7126896679,0.7164214636,0.7107992678,0.6139017106,0.7041198502,0.06319063114,5956,5250,0,34.18642654,1.625019236,28,30,37,1,0.06581302778,1356745
S07-supply-high,errra-no-essential-priority,100062,323027.6969,188926.1,4100.536941,91050,38951.06,0.7112330668,0.7182933957,0.7125782584,0.6164071401,0.6998324958,0.05876130547,5784,5235,0,33.60035493,1.658560818,28,32,36,1,0.06235612933,1326105
S07-supply-high,errra-no-essential-priority,100063,323116.9176,192762.6,4213.042588,87425,38716.275,0.7424561295,0.7512114014,0.7384520632,0.6517222526,0.7289463114,0.09639918146,5237,4757,9,30.10572857,1.379684937,25,28,34,1,0.0606602728,1203865
S07-supply-high,errra-no-essential-priority,100064,326867.7585,195579,4266.063529,87700,39322.695,0.7401286568,0.7327757301,0.7219658977,0.6293126504,0.7363009241,0.01416913503,5655,4807,10,31.83397993,1.372109052,26,30,35,1,0.05896284771,1257345
S07-supply-high,errra-no-essential-priority,100065,323588.3088,193461.9,4294.003765,86450,39382.405,0.742830095,0.746404854,0.7370401338,0.6491912995,0.7191663369,0.1125283003,5308,4796,0,30.10749635,1.354987895,25,28,34,1,0.07009652491,1207255
S07-supply-high,errra-no-essential-priority,100066,321074.1701,192736.2,4164.715059,85225,38948.255,0.7342719353,0.7437799043,0.7348370238,0.6453274467,0.7164445666,0.1082883548,5355,5011,0,30.77030624,1.45970753,27,29,33,1,0.06586782275,1227520
S07-supply-high,errra-no-essential-priority,100067,326772.588,195216.6,4193.268,86775,40587.72,0.7388502707,0.7381190715,0.7321984638,0.6423620737,0.7328527291,0.0100434615,5494,4899,0,31.33314762,1.424274114,26,30,34,1,0.04084558759,1239010
S07-supply-high,errra-no-essential-priority,100068,325812.1411,192679.5,4213.946118,90025,38893.695,0.7291718285,0.7313390041,0.7298136646,0.6404046028,0.7216017974,0.002431233363,5622,4964,0,32.61305483,1.490058226,27,31,36,1,0.05874337913,1280245
S07-supply-high,errra-no-essential-priority,100069,318773.9183,191723.2,4163.363294,84575,38312.355,0.74828172,0.7547912964,0.7357013847,0.6509408958,0.7397439247,0.1414040426,5105,4576,0,29.22127246,1.30235494,26,28,34,1,0.05976339665,1174320
S07-supply-high,errra-no-essential-priority,100070,324433.0162,193628.1,4180.036235,87700,38924.88,0.7357944432,0.7444274371,0.7315166878,0.6417700113,0.7194554659,0.09241387638,5343,4915,0,30.97093913,1.436792818,26,29,35,1,0.0656595295,1237655
S07-supply-high,errra-no-essential-priority,100071,316862.3099,191453.7,4189.864941,82650,38568.745,0.7702168855,0.7752582272,0.7477893891,0.664258962,0.7536326318,0.1329559525,4678,4306,0,27.13916444,1.108036788,24,27,31,1,0.06086360905,1063140
S07-supply-high,errra-no-essential-priority,100072,326596.3304,195416,4208.670353,87800,39171.66,0.7393863417,0.7479360287,0.7379324632,0.6508418438,0.7259032129,0.1022416661,5343,4841,0,30.11802311,1.370289401,26,30,35,1,0.06130421338,1230340
S07-supply-high,errra-no-essential-priority,100073,318820.5367,191634.1,4178.076706,84400,38608.36,0.7566814796,0.7578636165,0.7482180294,0.6647124511,0.740720745,0.07803197065,4996,4517,0,28.85228432,1.230941353,25,28,33,1,0.06089919271,1135245
S07-supply-high,errra-no-essential-priority,100074,321033.3046,191145.7,4226.854588,87150,38510.75,0.7245532306,0.7271464163,0.7214435879,0.6285393888,0.7197484048,0.06741810116,5695,4976,0,32.61006678,1.494990885,27,32,35,1,0.05513406292,1287175
S07-supply-high,errra-no-essential-priority,100075,323038.1015,193206.9,4267.076471,86550,39014.125,0.7506672874,0.7553832903,0.7443286327,0.6582900847,0.7341487603,0.08367378126,5112,4644,0,29.37663192,1.281052142,26,30,34,1,0.05090904182,1166250
S07-supply-high,errra-no-essential-priority,100076,323300.6034,192345.1,4112.238353,87125,39718.265,0.7380911676,0.7408974237,0.7341612292,0.6439244432,0.7308631922,0.05924814975,5451,4818,0,31.01420568,1.399452932,26,29,34,1,0.04844290252,1229950
S07-supply-high,errra-no-essential-priority,100077,324942.374,195612.4,4295.304,86250,38784.67,0.7390195654,0.7432019845,0.7276630546,0.6369582993,0.7249367594,0.08604411052,5383,4848,0,31.0872113,1.394785646,26,29,34,1,0.06636383642,1216565
S07-supply-high,errra-no-essential-priority,100078,322780.2959,192888.6,4215.280941,86525,39151.415,0.7399722944,0.7453842851,0.7297133629,0.6393751683,0.7253926702,0.05771732098,5337,4810,0,30.67509347,1.406026741,26,28,34,1,0.06137611439,1218640
S07-supply-high,errra-no-essential-priority,100079,326543.5556,195794.1,4272.185647,87175,39302.27,0.7270821538,0.7235570155,0.7225363489,0.6307444235,0.7230215827,0.007292501906,5891,5106,0,32.88894916,1.511284868,27,30,35,1,0.04890137425,1309940
S07-supply-high,errra-no-essential-priority,100080,322554.9994,194818.2,4201.314353,84175,39360.485,0.7522773435,0.7549279757,0.7414448669,0.655742073,0.7308064204,0.09550491609,5172,4664,1,29.28329286,1.26657229,25,30,34,1,0.05831119229,1172795
S07-supply-high,errra-no-essential-priority,100081,316674.0057,192100.5,4289.640706,81825,38458.865,0.7650971963,0.7661458081,0.74617737,0.660021846,0.7428270598,0.123766625,4834,4322,0,27.8260675,1.127806455,24,28,31,1,0.06069922754,1092770
S07-supply-high,errra-no-essential-priority,100082,324457.9094,194172.7,4245.049412,87225,38815.16,0.7340611692,0.7338468122,0.7274974253,0.6360385144,0.7283264103,0.05390354085,5598,4938,0,31.58577988,1.440154859,26,30,34,1,0.0621944241,1259010
S07-supply-high,errra-no-essential-priority,100083,323165.7832,192908.8,4186.108235,86625,39445.875,0.7424099333,0.7453203144,0.71799591,0.6237380628,0.7301292675,0.13200409,5347,4744,0,30.32905093,1.348469601,26,29,33,1,0.05736733448,1212975
S07-supply-high,errra-no-essential-priority,100084,318645.9527,190151.8,4189.692706,86075,38229.46,0.7513100195,0.7592421217,0.7471690051,0.6627078385,0.7468464842,0.1395425687,4943,4486,1,29.0095901,1.271391708,26,28,33,1,0.06475814588,1142905
S07-supply-high,errra-no-essential-priority,100085,322953.7198,193213,4225.459765,86425,39090.26,0.7344944709,0.7429759174,0.7338698583,0.644524072,0.7255373206,0.08475166528,5379,4865,0,30.89007381,1.435550661,27,31,35,1,0.05785060736,1238150
S07-supply-high,errra-no-essential-priority,100086,323259.8166,192426.4,4202.926588,87850,38780.49,0.7238083454,0.7305632591,0.7202606137,0.6282122905,0.7177728465,0.06129278436,5635,5003,0,32.33169929,1.502629218,28,30,34,1,0.06649927118,1283850
S07-supply-high,errra-no-essential-priority,100087,324436.8552,193571.3,4214.325176,87575,39076.23,0.7266242828,0.7321982162,0.7249132547,0.632826973,0.7241515912,0.07826522942,5615,4981,3,31.90734776,1.501659172,26,29,35,1,0.06600614828,1275805
S07-supply-high,errra-no-essential-priority,100088,324606.2006,193913.5,4199.950588,87625,38867.75,0.7287753223,0.7319140919,0.7194896069,0.6248279659,0.7251485683,0.1321791199,5692,4982,0,31.66842933,1.460174954,27,31,35,1,0.06088593401,1293390
S07-supply-high,errra-no-essential-priority,100089,328944.7602,196812.3,4252.185176,88400,39480.275,0.7251052108,0.7277218406,0.7219089811,0.6274615592,0.7131549683,0.04316639581,5787,5120,0,32.59695636,1.541755299,27,31,35,1,0.05499515985,1308310
S07-supply-high,errra-no-essential-priority,100090,320528.6765,190753.2,4179.356471,86325,39271.12,0.7419050613,0.7524478914,0.7407024793,0.6552197802,0.7292909211,0.1155552654,5107,4748,3,29.66992863,1.378685948,26,30,34,1,0.05776979278,1185060
S07-supply-high,errra-no-essential-priority,100091,324177.1541,194462,4180.574118,85725,39809.58,0.7363031628,0.7481188685,0.7387486279,0.6519195612,0.723139667,0.08000530541,5289,5009,0,30.36713879,1.452881032,26,29,35,1,0.06118471731,1223560
S07-supply-high,errra-no-essential-priority,100092,324092.9584,190229.5,4147.573412,90450,39265.885,0.7163275232,0.7189040302,0.7130117552,0.6200697612,0.7113735321,0.01994279029,5817,5153,0,33.47325256,1.610144496,28,31,36,1,0.06659401867,1319905
S07-supply-high,errra-no-essential-priority,100093,325418.5851,194721.6,4192.735059,87300,39204.25,0.7366163402,0.7436419607,0.7320016646,0.6435095489,0.7218435792,0.1291615624,5413,4892,0,30.57185261,1.40094093,26,28,33,1,0.07552739747,1245835
S07-supply-high,errra-no-essential-priority,100094,326463.2926,194164.1,4178.062588,88575,39546.13,0.7318757902,0.7391469554,0.7329179789,0.6429944175,0.7164149444,0.06249311095,5492,5061,1,31.45919311,1.480326251,26,30,34,1,0.06632410752,1259890
S07-supply-high,errra-no-essential-priority,100095,320525.5302,191014.8,4226.920235,86575,38708.81,0.7508148195,0.7566963201,0.7313341493,0.6413398693,0.732336597,0.1545219301,5005,4535,0,29.39870824,1.247768103,25,28,32,1,0.06099237204,1148135
S07-supply-high,errra-no-essential-priority,100096,317907.9384,191094.7,4250.653412,83725,38837.585,0.755261632,0.756612989,0.7334558824,0.6428571429,0.7400451287,0.1235138146,5033,4612,0,29.25502707,1.288414223,25,28,33,1,0.06421422425,1142950
S07-supply-high,errra-no-essential-priority,100097,326493.0199,192891,4210.809882,90000,39391.21,0.7154973611,0.7190453461,0.7160791888,0.6202601716,0.7066810055,0.01157067638,5886,5259,0,33.58527894,1.639318382,28,32,37,1,0.05516374731,1344460
S07-supply-high,errra-no-essential-priority,100098,320096.5299,192796.2,4283.409882,84325,38691.92,0.7454517134,0.7484686249,0.7338924115,0.6439518336,0.7245834973,0.1366597357,5215,4797,0,29.860183,1.351697819,26,29,33,1,0.06562108438,1187085
S07-supply-high,errra-no-essential-priority,100099,326536.688,196350.5,4251.588,86900,39034.6,0.7350719921,0.7394382818,0.7320954907,0.6430125068,0.7236081933,0.07217280197,5520,4952,0,31.31976858,1.443281245,27,31,35,1,0.05804740752,1259340
S07-supply-high,errra-no-essential-priority,100100,317798.9692,188802.9,4153.864235,86475,38367.205,0.739401673,0.7441238016,0.7235872236,0.6305418719,0.7229217483,0.1298289255,5258,4767,0,30.74124868,1.409975267,27,29,35,1,0.0538205353,1198255
S07-supply-high,errra-no-compound-awareness,100001,254964.9619,194270.8,4191.141882,14375,42128.02,0.7983112854,0.9996208171,0.9987730061,0.998373543,0.7607642626,0.001226993865,8,7175,9,0.03210556947,3.927403794,0,0,0,1,,340290
S07-supply-high,errra-no-compound-awareness,100002,249389.3431,189923.6,4120.478118,14175,41170.265,0.8020774582,0.9994212963,0.9979943843,0.9973183159,0.7630995635,0.002005615724,12,6666,0,0.06832013869,3.643683023,0,0,0,1,,338625
S07-supply-high,errra-no-compound-awareness,100003,250460.1192,191244,4163.884235,14300,40752.235,0.7995993239,0.9965266052,0.9963724305,0.9951763927,0.7633596521,0.001779140693,72,6627,0,0.3961966333,3.5715113,0,0,4,1,,342965
S07-supply-high,errra-no-compound-awareness,100004,253673.3392,193008.8,4162.684235,14450,42051.855,0.8036458898,0.9986609918,0.9983235541,0.9977639057,0.7700171511,0.001676445935,28,6948,0,0.158274452,3.671590891,0,0,0,1,,342615
S07-supply-high,errra-no-compound-awareness,100005,256203.4579,195134.9,4182.292941,14525,42361.265,0.8156314779,0.9979587962,0.9973240016,0.9964216901,0.7776718192,0.002071037676,43,6686,0,0.2477002574,3.418472169,0,0,0,1,,305590
S07-supply-high,errra-no-compound-awareness,100006,251705.3524,191951.1,4077.762353,14300,41376.49,0.8080136667,0.9980474331,0.9975216853,0.9970593641,0.7751929289,0.001443760639,41,6496,0,0.2086918466,3.488864731,0,0,0,1,,322965
S07-supply-high,errra-no-compound-awareness,100007,253211.5218,193403.6,4131.571765,14125,41551.35,0.8054287439,0.9986666032,0.9985529217,0.9980609418,0.7716960426,0.00144707828,28,6726,0,0.1625378519,3.526919327,0,0,0,1,,324980
S07-supply-high,errra-no-compound-awareness,100008,253376.8248,193389,4094.599765,14500,41393.225,0.8072311524,0.99679717,0.9956861134,0.9942701228,0.766946417,0.001484153706,67,6474,0,0.3698569912,3.443724183,0,0,2,1,,349945
S07-supply-high,errra-no-compound-awareness,100009,254296.554,193811.5,4145.664,14500,41839.39,0.8032470341,0.9978010421,0.997311828,0.9964008859,0.768113679,0.0006847178116,46,6630,6,0.244670552,3.501004078,0,0,0,1,,342465
S07-supply-high,errra-no-compound-awareness,100010,255597.4434,194506.5,4128.798353,14550,42412.145,0.8012967551,0.9965176471,0.9961405647,0.9948606979,0.7631445627,0.003248561755,74,6812,0,0.4125490783,3.590635226,0,0,0,1,0.01049233253,344710
S07-supply-high,errra-no-compound-awareness,100011,248291.4458,189104.5,4061.270824,14325,40800.675,0.8152923115,0.9971999614,0.9969042426,0.9958863126,0.7758389262,0.003095757405,58,6393,0,0.3307727333,3.302055267,0,0,0,1,,312625
S07-supply-high,errra-no-compound-awareness,100012,252147.0609,192318.8,4128.040941,14525,41175.22,0.8110122514,0.998614098,0.9975918122,0.9975027747,0.7747448694,0.001299694005,29,6502,0,0.1413952719,3.44722908,0,0,0,1,,320680
S07-supply-high,errra-no-compound-awareness,100013,250540.2441,191013.4,4127.954118,14425,40973.89,0.81096717,0.9994741874,0.9989749897,0.998640935,0.7694567477,0.00102501025,11,6306,0,0.06619553556,3.381735898,0,0,0,1,,312785
S07-supply-high,errra-no-compound-awareness,100014,252441.5439,192582.2,4190.013882,14125,41544.33,0.8092606239,0.9986705916,0.9948707427,0.9931356398,0.7728403287,0.005129257284,28,6509,0,0.158464672,3.423897691,0,0,0,1,,320820
S07-supply-high,errra-no-compound-awareness,100015,253058.434,192975.1,4086.744,14300,41696.59,0.8053702701,0.9980909655,0.9976546872,0.9968738507,0.7693562807,0.001530316898,40,6549,0,0.214863031,3.488338621,0,0,0,1,,338305
S07-supply-high,errra-no-compound-awareness,100016,248772.4486,189408.2,4098.713647,14325,40940.535,0.8016458704,0.9977759513,0.9970355731,0.9960495128,0.7590876528,0.002964426877,46,6859,17,0.2747209076,3.666530298,0,0,0,1,,327575
S07-supply-high,errra-no-compound-awareness,100017,256228.366,196017.7,4244.016,14525,41441.65,0.8062599534,0.9995767096,0.999383435,0.999180701,0.7654304488,0.0006165650476,9,6639,0,0.04891304348,3.48569766,0,0,0,1,,342740
S07-supply-high,errra-no-compound-awareness,100018,251946.9056,192381.6,4130.345647,14200,41234.96,0.8086897215,0.998097322,0.9973036504,0.9964038728,0.768561903,0.002696349558,40,6525,0,0.2281439474,3.448266241,0,0,0,1,,327810
S07-supply-high,errra-no-compound-awareness,100019,250874.6925,191343,4138.712471,14550,40842.98,0.8190440592,0.9982713915,0.9981580025,0.9975476839,0.7797986653,0.0006217412902,36,6183,0,0.1986917622,3.154028251,0,0,0,1,,315215
S07-supply-high,errra-no-compound-awareness,100020,252815.1095,192897.9,4121.259529,14175,41620.95,0.7963583869,0.9973774557,0.9954347375,0.9938973648,0.762021919,0.002775122045,55,6746,0,0.3148938772,3.604389805,0,0,0,1,,369320
S07-supply-high,errra-no-compound-awareness,100021,250171.3974,190262,4127.682353,14225,41556.715,0.8008589053,0.998791161,0.9983118801,0.9977456322,0.7597898218,0.001688119857,25,6715,0,0.1430244055,3.70537987,0,0,0,1,,340680
S07-supply-high,errra-no-compound-awareness,100022,254677.3312,193938.6,4200.801176,14575,41962.93,0.8116579514,0.9991444054,0.9977728285,0.9970246146,0.7739016072,0.001951080935,18,6610,0,0.09643344987,3.487373116,0,0,0,1,,317350
S07-supply-high,errra-no-compound-awareness,100023,254103.8455,193723.8,4154.595529,14225,42000.45,0.8065308881,0.9990582917,0.9987789988,0.9983844911,0.7711291941,0.0003969385922,20,6630,0,0.1159497569,3.40836482,0,0,0,1,,344155
S07-supply-high,errra-no-compound-awareness,100024,254480.8662,193784.7,4208.061176,14400,42088.105,0.8095701015,0.9977251185,0.9956245028,0.9941798942,0.7696971063,0.002780600884,48,6576,0,0.2585873126,3.487300559,0,0,0,1,,328655
S07-supply-high,errra-no-compound-awareness,100025,252229.6967,191553.1,4101.396706,14475,42100.2,0.8051616915,0.9980038023,0.9963069348,0.9950725431,0.7667423,0.003693065244,42,6819,0,0.2431611794,3.613261816,0,0,0,1,,318885
S07-supply-high,errra-no-compound-awareness,100026,247737.1948,188560.8,4079.114824,14375,40722.28,0.8105183216,0.9967436209,0.9951456311,0.9935320585,0.7770503811,0.003623599701,67,6437,0,0.3933525899,3.346940067,0,0,0,1,0.001819836215,335425
S07-supply-high,errra-no-compound-awareness,100027,254264.5664,193946.5,4119.066353,14475,41724,0.8070345273,0.998201524,0.9963673058,0.9951508621,0.769413594,0.002399395173,38,6937,0,0.2022791954,3.59160405,0,0,0,1,,326050
S07-supply-high,errra-no-compound-awareness,100028,252074.3208,192506.7,4114.490824,14325,41128.13,0.8077336532,0.9987505406,0.9983892429,0.9978450295,0.7678947965,0.001205242052,26,6563,0,0.1470945201,3.523517223,0,0,0,1,,323760
S07-supply-high,errra-no-compound-awareness,100029,251191.6602,190603.1,4074.465176,14600,41914.095,0.8008856457,0.9970805016,0.9958677686,0.9944705557,0.75670982,0.004132231405,61,6850,0,0.3665872077,3.805251505,0,0,0,1,0.0005878894768,341520
S07-supply-high,errra-no-compound-awareness,100030,249636.5697,190201.9,4073.844706,14225,41135.825,0.8099505611,0.9988404677,0.9973366114,0.9964568002,0.7702203367,0.002101433044,24,6638,0,0.1476048368,3.520128698,0,0,0,1,,318305
S07-supply-high,errra-no-compound-awareness,100031,252206.3811,192531.1,4114.886118,14325,41235.395,0.8119937429,0.9987180705,0.996483971,0.9953271028,0.7769023013,0.002902908171,27,6490,0,0.1439780698,3.386033113,0,0,0,1,,315530
S07-supply-high,errra-no-compound-awareness,100032,252607.7939,192582.6,4147.053882,14500,41378.14,0.8148125261,0.9976251544,0.9954936501,0.994002181,0.7787753274,0.003280108287,50,6364,0,0.2654676467,3.299649307,0,0,0,1,,308985
S07-supply-high,errra-no-compound-awareness,100033,248374.8005,188831.4,4083.140471,14650,40810.26,0.7989064685,0.9979204952,0.9975811328,0.9967585089,0.75643915,0.002418867164,43,7056,0,0.2571941683,3.854447185,0,0,0,1,,327535
S07-supply-high,errra-no-compound-awareness,100034,251454.2132,191590,4141.108235,14250,41473.105,0.8084934403,0.9982754491,0.9944512947,0.9926590538,0.7703587861,0.004432556017,36,6429,0,0.204996379,3.353028042,0,0,0,1,,331230
S07-supply-high,errra-no-compound-awareness,100035,248952.3619,189045.7,4045.996941,14250,41610.665,0.7995944735,0.9987414686,0.9981036662,0.998005698,0.7644858971,0.0007857625047,26,6822,0,0.1341228959,3.750726961,0,0,0,1,,335725
S07-supply-high,errra-no-compound-awareness,100036,251324.8186,191964.1,4190.513647,14600,40570.205,0.8135247509,0.9991774724,0.9981814508,0.9975858369,0.7736121621,0.001322095301,17,6632,0,0.08956156407,3.493370989,0,0,0,1,,315870
S07-supply-high,errra-no-compound-awareness,100037,252859.7182,192705.8,4073.068235,14250,41830.85,0.8116658658,0.9996668412,0.9987437186,0.9986176389,0.7799586087,0.001256281407,7,6414,0,0.02961492075,3.265217863,0,0,0,1,,321355
S07-supply-high,errra-no-compound-awareness,100038,253791.6397,193955.2,4145.424706,14375,41316.015,0.8130715729,0.9998571156,0.999378882,0.9997337593,0.774151524,0.0005516687451,3,6250,0,0.01115039775,3.186727943,0,0,0,1,,327310
S07-supply-high,errra-no-compound-awareness,100039,253338.7063,192909.8,4121.771294,14300,42007.135,0.7999876335,0.9987597787,0.997539471,0.9967239967,0.7640502144,0.001845522864,26,6773,0,0.1445432292,3.732451191,0,0,0,1,,354015
S07-supply-high,errra-no-compound-awareness,100040,249936.4665,190163.1,4084.616471,14300,41388.75,0.8044248202,0.9976363899,0.995576111,0.9941364606,0.768353333,0.004423889001,49,6713,0,0.2774881054,3.474014323,0,0,0,1,,340830
S07-supply-high,errra-no-compound-awareness,100041,248202.3185,188454.3,4033.383529,14150,41564.635,0.8065480875,0.9979592828,0.9960050463,0.9947001395,0.7693164511,0.003374221278,42,6623,0,0.2290260314,3.655375413,0,0,0,1,,315915
S07-supply-high,errra-no-compound-awareness,100042,253012.3569,192890.7,4172.601882,14500,41449.055,0.8048738923,0.9986179947,0.9963436929,0.9973509934,0.7623623261,0.002747406899,29,6517,0,0.133444877,3.55109376,0,0,0,1,,336775
S07-supply-high,errra-no-compound-awareness,100043,252747.8621,192731.6,4143.967059,14225,41647.295,0.8105326689,0.9998090419,0.9975339088,1,0.7742218227,0.002466091245,4,6422,0,0,3.392166269,0,0,0,1,,321905
S07-supply-high,errra-no-compound-awareness,100044,246424.3935,188128.2,4054.268471,14325,39916.925,0.8026110492,0.9975078186,0.9971457114,0.996194825,0.7636380519,0.002854288569,51,6428,0,0.2985016548,3.532797325,0,0,0,1,,331510
S07-supply-high,errra-no-compound-awareness,100045,252224.1912,191929.2,4139.241176,14450,41705.75,0.800262103,0.998061099,0.9975852077,0.9967700258,0.7576091602,0.001617344162,41,6925,0,0.22158708,3.833348751,0,0,0,1,,336810
S07-supply-high,errra-no-compound-awareness,100046,251610.0068,192008.1,4107.511765,14400,41094.395,0.8069619762,0.9976603161,0.996119281,0.9948087432,0.7680592992,0.003880718954,49,6588,0,0.2830894457,3.479419939,0,0,0,1,,335010
S07-supply-high,errra-no-compound-awareness,100047,250224.7783,190981.2,4154.363294,14225,40864.215,0.8150086445,0.9967924167,0.9959374365,0.9945563419,0.7754796571,0.004062563478,67,6173,0,0.3816307455,3.25486348,0,0,0,1,0.004842615012,311775
S07-supply-high,errra-no-compound-awareness,100048,251564.4061,191758.6,4141.706118,14350,41314.1,0.8091204094,0.9988936989,0.9969945903,0.9959839357,0.7722934651,0.00251193071,23,6411,0,0.1276949634,3.400152891,0,0,0,1,,322535
S07-supply-high,errra-no-compound-awareness,100049,257567.5751,197087,4214.575059,14500,41766,0.816098081,0.9984987803,0.9962192817,0.9966555184,0.7836656289,0.002780718336,32,6215,0,0.159499793,3.107005787,0,0,0,1,,339445
S07-supply-high,errra-no-compound-awareness,100050,249492.2639,189753.8,4076.968941,14375,41286.495,0.8100894883,0.9991287512,0.9968010237,0.9957482993,0.7705969978,0.002918018261,18,6393,0,0.1055909367,3.461290018,0,0,0,1,,326460
S07-supply-high,errra-no-compound-awareness,100051,252709.8308,193163.5,4121.515765,14425,40999.815,0.8113216295,0.9997142585,0.9994010781,0.9991954948,0.7693619695,0.0005989219405,6,6589,0,0.03502562984,3.45267973,0,0,0,1,,334590
S07-supply-high,errra-no-compound-awareness,100052,253393.9932,193336.5,4138.533176,14200,41718.96,0.8079423163,0.9991496197,0.9985835694,0.9981050352,0.7741092371,0.0007993582603,18,6681,0,0.08747322506,3.474856022,0,0,0,1,,324315
S07-supply-high,errra-no-compound-awareness,100053,249345.2405,189939.1,4138.820471,14250,41017.32,0.8031938188,0.999566474,0.9984047856,0.9978695073,0.7644277122,0.001595214357,9,6692,1,0.05312603291,3.588275776,0,0,0,1,,332905
S07-supply-high,errra-no-compound-awareness,100054,252898.7375,192694.9,4135.592471,14125,41943.245,0.8046518089,0.9994318182,0.9981696156,0.9983686786,0.769325044,0.001830384381,12,6684,0,0.06054623495,3.555809359,0,0,0,1,,346575
S07-supply-high,errra-no-compound-awareness,100055,253097.8494,193148.3,4148.509412,14425,41376.04,0.802434616,0.9987590683,0.9969733656,0.9959753153,0.7614458373,0.002540151653,26,6872,0,0.1191004712,3.732902847,0,0,0,1,,337080
S07-supply-high,errra-no-compound-awareness,100056,254000.3485,193478.1,4128.668471,14325,42068.58,0.8017799478,0.996570122,0.9959755759,0.9946504335,0.7637421907,0.004024424091,72,6898,0,0.4094068414,3.590550208,0,0,0,1,0.006649969903,358465
S07-supply-high,errra-no-compound-awareness,100057,254672.1184,194312.9,4158.373412,14475,41725.845,0.8170585154,0.9987644347,0.9962437396,0.994972067,0.7832763748,0.003276874049,26,6366,9,0.142658526,3.221165994,0,0,0,1,,297450
S07-supply-high,errra-no-compound-awareness,100058,254613.1304,194269.6,4131.265412,14200,42012.265,0.809330381,0.9956642632,0.9950315563,0.9933810376,0.7771509168,0.003740696584,92,6538,0,0.5019516885,3.355684508,0,0,0,1,0.005847334748,351730
S07-supply-high,errra-no-compound-awareness,100059,254592.5866,194457.8,4144.666588,14425,41565.12,0.8049093829,0.9976014673,0.9967961827,0.9957132433,0.7647463037,0.002803416914,51,7190,0,0.276304133,3.669847824,0,0,0,1,,345955
S07-supply-high,errra-no-compound-awareness,100060,251376.9215,192053.6,4191.831529,14475,40656.49,0.8129858822,0.9978457561,0.9966148945,0.9954931071,0.7776535293,0.003385105536,45,6314,0,0.2631351589,3.173160644,0,0,0,1,,322950
S07-supply-high,errra-no-compound-awareness,100061,255011.9918,194597.2,4138.111765,14475,41801.68,0.8119017574,0.9987144694,0.9974747475,0.9967417866,0.7774562614,0.001766736459,27,6395,0,0.1490771929,3.269967068,0,0,0,1,,324270
S07-supply-high,errra-no-compound-awareness,100062,249612.1598,190296.2,4113.919765,14250,40952.04,0.8048130451,0.9983927528,0.9980791121,0.9974363844,0.766564987,0.001297834918,33,6508,0,0.183370456,3.490971598,0,0,0,1,,323045
S07-supply-high,errra-no-compound-awareness,100063,252138.2899,192304.5,4123.264941,14250,41460.525,0.806010337,0.9976247031,0.9939283546,0.991902834,0.7645532819,0.006071645416,50,6938,0,0.2839745036,3.684952493,0,0,0,1,,333115
S07-supply-high,errra-no-compound-awareness,100064,255310.4279,194793.8,4184.212941,14300,42032.415,0.8039362843,0.9982043285,0.9975927783,0.9967905857,0.7623500078,0.002407221665,38,6892,0,0.2078476858,3.614734263,0,0,0,1,,343995
S07-supply-high,errra-no-compound-awareness,100065,252000.8313,191882.6,4120.691294,14175,41822.54,0.8137531815,0.9993311356,0.997377446,0.9964940669,0.7775170889,0.002622553964,14,6545,23,0.06859256991,3.421705258,0,0,0,1,,309395
S07-supply-high,errra-no-compound-awareness,100066,251285.5947,191138.6,4094.004706,14225,41827.99,0.8011667704,0.9989952153,0.9986934397,0.9982523915,0.7627160273,0.001306560308,21,6965,0,0.1095423284,3.892485999,0,0,0,1,,333205
S07-supply-high,errra-no-compound-awareness,100067,255297.8241,193704.5,4130.354118,14400,43062.97,0.8074095719,0.9998569999,0.9993772057,0.9991682839,0.7703362015,0.0006227942703,3,6634,0,0.01666666667,3.536678765,0,0,0,1,,325530
S07-supply-high,errra-no-compound-awareness,100068,252994.5032,193173.2,4157.853176,14400,41263.45,0.8030382805,0.9979929275,0.997515528,0.9969376392,0.7594979343,0.001464063886,42,6550,3,0.2184659045,3.508904237,0,0,0,1,,356395
S07-supply-high,errra-no-compound-awareness,100069,250247.0667,191074,4102.056706,14300,40771.01,0.8092046818,0.9969739181,0.9933774834,0.9912536443,0.7729762906,0.00537485592,63,6460,0,0.3442269106,3.391627574,0,0,0,1,,339920
S07-supply-high,errra-no-compound-awareness,100070,251698.5687,191803.3,4053.228706,14325,41517.04,0.803560096,0.9996173347,0.9989438107,0.9985907554,0.767355262,0.001056189269,8,6763,0,0.04536511125,3.609813482,0,0,0,1,,334390
S07-supply-high,errra-no-compound-awareness,100071,251621.8205,191510.7,4148.895529,14525,41437.225,0.8101900286,0.9992313236,0.997515528,0.9978598181,0.770315924,0.002203356019,16,6614,0,0.07413496031,3.489155723,0,0,0,1,,317050
S07-supply-high,errra-no-compound-awareness,100072,255002.6084,194623.3,4121.358353,14400,41857.95,0.8076776077,0.9997169411,0.9993781095,0.9995483696,0.7670152467,0.0006218905473,6,6689,0,0.02723107727,3.549785204,0,0,0,1,,339770
S07-supply-high,errra-no-compound-awareness,100073,250017.2012,190380.5,4085.956235,14250,41300.745,0.8085685673,0.9984006204,0.9980368786,0.9973875723,0.7715094553,0.001338121363,33,6494,0,0.2004321157,3.472413469,0,0,0,1,,334595
S07-supply-high,errra-no-compound-awareness,100074,249541.4812,190146.2,4116.136235,14350,40929.145,0.8105261518,0.9989938674,0.9979871176,0.9972994869,0.766615954,0.001382188685,21,6707,0,0.1063524542,3.564573174,0,0,0,1,,310705
S07-supply-high,errra-no-compound-awareness,100075,254622.5217,193991,4224.396706,14650,41757.125,0.8061607697,0.9996650397,0.9969824985,0.9967819791,0.7668617394,0.003017501509,7,6630,0,0.03230831917,3.57509311,0,0,0,1,,322620
S07-supply-high,errra-no-compound-awareness,100076,252081.3006,191597.6,4046.585647,14325,42112.115,0.8110594781,0.9972430839,0.9960008419,0.9946433606,0.7729869666,0.003365444511,58,6381,0,0.3329972593,3.445596258,0,0,0,1,,324495
S07-supply-high,errra-no-compound-awareness,100077,253857.3535,193729.5,4147.083529,14550,41430.77,0.8051648997,0.9995706517,0.999376947,0.9994467497,0.7672052129,0.0002141386271,9,6736,11,0.04910970317,3.584628937,0,0,0,1,,340635
S07-supply-high,errra-no-compound-awareness,100078,252682.4806,192396.1,4154.465647,14475,41656.915,0.8092984886,0.9978054482,0.9963665725,0.9951521681,0.77208922,0.001895385264,46,6545,0,0.2448245358,3.547792115,0,0,0,1,,326665
S07-supply-high,errra-no-compound-awareness,100079,254388.9505,194400.8,4160.540471,14300,41527.61,0.8140253699,0.9982167996,0.9971728595,0.9962375705,0.7801798609,0.002215893606,38,6665,3,0.2035058847,3.417211146,0,0,0,1,,311300
S07-supply-high,errra-no-compound-awareness,100080,254717.0159,194324.4,4176.520941,14625,41591.095,0.8187203791,1,1,1,0.7874271627,0,0,6422,0,0,3.139456515,0,0,0,1,,312785
S07-supply-high,errra-no-compound-awareness,100081,250022.9652,190858.2,4139.685176,14175,40850.08,0.8166057392,0.9988389531,0.9961264016,0.9948115784,0.7830474268,0.003873598369,24,6148,0,0.1368562334,3.116745376,0,0,0,1,,301005
S07-supply-high,errra-no-compound-awareness,100082,252445.0814,192371.1,4148.221412,14625,41300.76,0.8050483933,0.9978129606,0.9954685891,0.9939477304,0.7621222297,0.003927546182,46,6731,0,0.2581400379,3.551869919,0,0,0,1,,340025
S07-supply-high,errra-no-compound-awareness,100083,251747.4525,191262,4144.712471,14250,42090.74,0.8086730349,0.9992855442,0.9991820041,0.9989085948,0.7693517582,0.00081799591,15,6717,0,0.08224881257,3.591955536,0,0,0,1,,314995
S07-supply-high,errra-no-compound-awareness,100084,246847.2536,187148.4,4119.178588,14125,41454.675,0.7941488435,0.9979056062,0.9975293391,0.996698762,0.7518133518,0.002470660902,43,6913,1,0.2600653305,3.963256131,0,0,0,1,,340605
S07-supply-high,errra-no-compound-awareness,100085,251250.3849,191545.7,4112.229882,14050,41542.455,0.8027823875,0.9989487768,0.9968327703,0.9957710741,0.7650205028,0.00316722973,22,6578,0,0.123836434,3.514571087,0,0,0,1,,350350
S07-supply-high,errra-no-compound-awareness,100086,252341.1816,192271,4147.721647,14625,41297.46,0.8028704878,0.9985177393,0.9972677596,0.9963687151,0.7635142672,0.002732240437,31,6636,0,0.1792761795,3.639596028,0,0,0,1,,343765
S07-supply-high,errra-no-compound-awareness,100087,251933.3711,191930.3,4136.911059,14225,41641.16,0.8031477748,0.9989984261,0.9969437653,0.9967741935,0.762505349,0.003056234719,21,6729,0,0.1122669247,3.695348116,0,0,0,1,,325975
S07-supply-high,errra-no-compound-awareness,100088,255176.8823,195016.9,4147.907294,14475,41537.075,0.8001227747,0.9985399397,0.9948549084,0.9931186347,0.7605599701,0.004941770674,31,7082,0,0.1537570427,3.707366483,0,0,0,1,,345900
S07-supply-high,errra-no-compound-awareness,100089,255824.4965,195396.2,4174.191529,14675,41579.105,0.8085545948,0.9983532512,0.9980947197,0.9974591652,0.7730201253,0.0008984337918,35,6585,0,0.2008937454,3.370724616,0,0,0,1,,342855
S07-supply-high,errra-no-compound-awareness,100090,250153.4358,190076.1,4105.255765,14200,41772.08,0.8013203395,0.9954920019,0.9948347107,0.9931318681,0.7647436338,0.005165289256,93,6425,0,0.5379174408,3.524756366,0,0,0,1,0.01180748091,349610
S07-supply-high,errra-no-compound-awareness,100091,251830.0208,191499.6,4087.855765,14425,41817.565,0.8180222352,0.9984284218,0.9952410511,0.9936358605,0.7846368529,0.004210101473,33,6335,0,0.1852910596,3.181207847,0,0,0,1,,308060
S07-supply-high,errra-no-compound-awareness,100092,249467.053,189571.9,4094.148,14150,41651.005,0.7996517046,0.9996617377,0.9987373737,0.9995289241,0.7621225984,0.001262626263,7,6824,0,0.02839022515,3.706694488,0,0,0,1,,343635
S07-supply-high,errra-no-compound-awareness,100093,253780.274,193633.7,4072.164,14150,41924.41,0.8075551182,0.9992422448,0.9991162475,0.9988207547,0.7722277282,0.0004676060657,16,6920,0,0.08351507226,3.676178469,0,0,0,1,,322080
S07-supply-high,errra-no-compound-awareness,100094,252878.1638,192746.1,4078.723765,14250,41803.34,0.8096919424,0.9989550679,0.9980879541,0.9980779791,0.7776640028,0.001090465717,22,6585,0,0.115344987,3.413580437,0,0,0,1,,323635
S07-supply-high,errra-no-compound-awareness,100095,248946.8762,188952.8,4081.581176,13975,41937.495,0.7923509313,0.9981041272,0.9975520196,0.9967320261,0.7502641856,0.002447980416,39,6835,0,0.2273625982,3.903119145,0,0,0,1,,348560
S07-supply-high,errra-no-compound-awareness,100096,249975.1905,190009.2,4093.575529,14250,41622.415,0.8084186112,0.9965665651,0.9950980392,0.9934318555,0.765261113,0.004901960784,71,6701,0,0.3995396975,3.615614863,0,0,0,1,0.01138147567,323805
S07-supply-high,errra-no-compound-awareness,100097,253623.4393,193350.1,4174.619294,14325,41773.72,0.8031140208,0.9972315036,0.9960589089,0.9947672817,0.7656546702,0.003328345962,58,6979,0,0.3266412512,3.702929842,0,0,0,1,,341260
S07-supply-high,errra-no-compound-awareness,100098,251265.6576,191692.9,4152.797647,14450,40969.96,0.8151246106,0.999324748,0.9987730061,0.9988760888,0.7798950692,0.001226993865,14,6304,0,0.06711961428,3.282928349,0,0,0,1,,311650
S07-supply-high,errra-no-compound-awareness,100099,255587.142,195430.1,4195.512,14575,41386.53,0.8101648605,0.9981118716,0.9971434401,0.9961935835,0.7708504725,0.002246803788,40,6665,0,0.2147486739,3.459936143,0,0,0,1,,319770
S07-supply-high,errra-no-compound-awareness,100100,248217.9291,189040.9,4120.399059,14150,40906.63,0.8034406163,0.9952795756,0.9924242424,0.9898741106,0.7722178665,0.006954639563,97,6767,4,0.5648961642,3.633835878,0,0,0,1,0.01294872308,330160
S08-rural-road,equity-constrained-rolling-horizon,100001,276168.0484,193374,4216.453412,14850,63727.595,0.9885309418,0.9997630107,0.9969325153,0.9975308642,0.9827795786,0.003067484663,5,311,0,0.01589724944,0.02718305728,0,0,0,1,,13195
S08-rural-road,equity-constrained-rolling-horizon,100002,273568.3246,191966.6,4169.674588,14775,62657.05,0.9845052328,1,1,1,0.9819016933,0,0,546,0,0,0.0445415805,0,0,0,1,,15990
S08-rural-road,equity-constrained-rolling-horizon,100003,272978.2654,191415,4224.685412,14975,62363.58,0.9812809115,0.9993728593,0.9919901417,0.9917763158,0.9768852271,0.008009858287,13,677,0,0.05447053918,0.05499906092,0,0,0,1,,24370
S08-rural-road,equity-constrained-rolling-horizon,100004,278000.853,194620.2,4238.628,15075,64067.025,0.9853358342,0.9999521783,0.9993777225,0.9991673605,0.9815851237,0.0006222775358,1,460,0,0.00641025641,0.0372804638,0,0,0,1,,14380
S08-rural-road,equity-constrained-rolling-horizon,100005,279037.9389,194599.5,4205.668941,15075,65157.77,0.9862111324,0.9999525301,0.9993950393,0.9991974318,0.982479874,0.0006049606776,1,471,0,0.005208333333,0.03539347409,0,0,0,1,,17125
S08-rural-road,equity-constrained-rolling-horizon,100006,274627.5076,192205.8,4169.537647,14775,63477.17,0.9843143345,0.9996190113,0.9950433705,0.9958609272,0.9815595836,0.004956629492,8,606,0,0.026267395,0.04676191955,0,0,0,1,,17660
S08-rural-road,equity-constrained-rolling-horizon,100007,277067.1838,194319.2,4232.983765,14800,63715,0.9867221715,0.9995714082,0.9944954128,0.9926710098,0.9842780677,0.005504587156,9,478,0,0.05066489362,0.03344217645,0,0,0,1,,15515
S08-rural-road,equity-constrained-rolling-horizon,100008,275252.0817,192784.9,4134.876706,14775,63557.305,0.9865711589,0.9998087863,0.9974391805,0.9982817869,0.9837047261,0.002560819462,4,445,0,0.01045637196,0.03303061714,0,0,0,1,,15925
S08-rural-road,equity-constrained-rolling-horizon,100009,275855.6551,192542.5,4189.070118,14925,64199.085,0.9858656698,0.9991395382,0.9888059701,0.9866888519,0.9833586152,0.01119402985,18,426,0,0.09285511052,0.03673381117,0,0,0,1,,18410
S08-rural-road,equity-constrained-rolling-horizon,100010,280076.6985,195984,4195.688471,14900,64997.01,0.9848609964,0.9995294118,0.9938912645,0.9927184466,0.9815854975,0.006108735492,10,535,0,0.05028378653,0.04359727192,0,0,0,1,,19500
S08-rural-road,equity-constrained-rolling-horizon,100011,273201.6505,191569.6,4170.795529,14750,62711.255,0.98619901,0.9993241286,0.9912554653,0.9883333333,0.9838243658,0.008744534666,14,423,0,0.08128607934,0.03300645404,0,0,0,1,,17470
S08-rural-road,equity-constrained-rolling-horizon,100012,274933.3542,192743.7,4153.024235,14800,63236.63,0.9879970808,0.9994265233,0.9927754365,0.9927710843,0.9850173825,0.007224563516,12,463,1,0.04530120036,0.03117964007,0,0,0,1,,14370
S08-rural-road,equity-constrained-rolling-horizon,100013,274428.5578,192470.5,4175.582824,14675,63107.475,0.9856922909,1,1,1,0.9840007231,0,0,540,0,0,0.04040372623,0,0,0,1,,14625
S08-rural-road,equity-constrained-rolling-horizon,100014,275703.5924,192757.3,4228.962353,14725,63992.33,0.9850466716,0.9998100845,0.997640118,0.9968528718,0.981479014,0.002359882006,4,559,0,0.02272727273,0.04378531073,0,0,0,1,,17955
S08-rural-road,equity-constrained-rolling-horizon,100015,276491.2544,193379.3,4115.874353,15050,63946.08,0.9871082566,0.9998090965,0.9974160207,0.9982638889,0.9841303428,0.002583979328,4,361,0,0.0110666225,0.03208233382,0,0,0,1,,15675
S08-rural-road,equity-constrained-rolling-horizon,100016,271227.5042,189894.2,4167.484235,14825,62340.82,0.9842336318,1,1,1,0.9804728121,0,0,526,0,0,0.04399477601,0,0,0,1,,18275
S08-rural-road,equity-constrained-rolling-horizon,100017,279119.3115,196087.2,4285.731529,15000,63746.38,0.9844879334,0.9998118709,0.9976004799,0.9967871486,0.9812451275,0.002399520096,4,521,0,0.02287581699,0.04117665074,0,0,0,1,,17660
S08-rural-road,equity-constrained-rolling-horizon,100018,275075.4971,192827.1,4172.347059,14750,63326.05,0.9868708632,0.9995243305,0.9938347719,0.9918300654,0.9839610741,0.006165228113,10,434,0,0.05516086826,0.03258258026,0,0,0,1,,15980
S08-rural-road,equity-constrained-rolling-horizon,100019,272939.0336,190767.4,4164.478588,14700,63307.155,0.9861078665,0.9996638817,0.9963392312,0.99594485,0.9824228029,0.003660768761,7,495,4,0.03221682357,0.03588282017,0,0,0,1,,15480
S08-rural-road,equity-constrained-rolling-horizon,100020,274351.5624,191874.9,4134.702353,14800,63541.96,0.9839340598,0.9999046348,0.9987722529,0.9983673469,0.9807872959,0.001227747084,2,500,0,0.01111111111,0.04295116575,0,0,0,1,,18655
S08-rural-road,equity-constrained-rolling-horizon,100021,273878.2041,191796.1,4185.319059,14725,63171.785,0.9857890216,0.9993230501,0.9913846154,0.9885433715,0.9824247503,0.008615384615,14,472,0,0.0806654708,0.03769813383,0,0,0,1,,16805
S08-rural-road,equity-constrained-rolling-horizon,100022,277632.8241,193871.9,4194.074118,15125,64441.85,0.9870501384,0.9997623348,0.9968963377,0.9966777409,0.983749805,0.003103662322,5,412,0,0.02184412968,0.03302060904,0,0,0,1,,14295
S08-rural-road,equity-constrained-rolling-horizon,100023,277392.0129,194004.3,4208.577882,14775,64404.135,0.9874512334,0.9999058292,0.9987789988,0.9983844911,0.9841712184,0.001221001221,2,450,0,0.01168478261,0.03290019353,0,0,0,1,,14890
S08-rural-road,equity-constrained-rolling-horizon,100024,277806.3368,194178.5,4258.046824,14750,64619.79,0.9851094035,0.9996682464,0.9957601454,0.9959709911,0.9822410529,0.004239854634,7,521,0,0.0281376169,0.04053637009,0,0,0,1,,19710
S08-rural-road,equity-constrained-rolling-horizon,100025,275721.3793,192439.8,4128.059294,14875,64278.52,0.9822916667,0.9993821293,0.991910392,0.9893004115,0.9779839597,0.008089607965,13,579,0,0.07209851647,0.05289179104,0,0,0,1,,21810
S08-rural-road,equity-constrained-rolling-horizon,100026,268757.7888,187748.8,4090.478824,14550,62368.51,0.9867729891,0.999854192,0.9981538462,0.9975490196,0.9840684872,0.001846153846,3,445,0,0.01764705882,0.03343142839,0,0,0,1,,16025
S08-rural-road,equity-constrained-rolling-horizon,100027,276023.7918,193070.8,4155.091765,14850,63947.9,0.9856789441,0.9997633584,0.9968334389,0.9974489796,0.9835406486,0.003166561115,5,458,0,0.01707319718,0.03647874122,0,0,0,1,,16250
S08-rural-road,equity-constrained-rolling-horizon,100028,273925.6313,191793,4187.711294,14875,63069.92,0.984280306,0.9999519439,0.9993742178,0.9991659716,0.9809998866,0.0006257822278,1,538,0,0.005714285714,0.04451057068,0,0,0,1,,18130
S08-rural-road,equity-constrained-rolling-horizon,100029,273208.5623,190671.1,4116.827294,14925,63495.635,0.9867932766,0.9997606969,0.9968533669,0.9958263773,0.9842121882,0.003146633103,5,359,0,0.02883949656,0.03528549599,0,0,0,1,,14535
S08-rural-road,equity-constrained-rolling-horizon,100030,273112.1864,191261.8,4158.606353,14850,62841.78,0.9860158518,0.9998550585,0.9981024668,0.9974958264,0.9821176041,0.001897533207,3,397,0,0.01760052736,0.03242564545,0,0,0,1,,14925
S08-rural-road,equity-constrained-rolling-horizon,100031,274477.6283,191971.4,4127.543294,14725,63653.685,0.9873309895,0.9994777324,0.9932556714,0.9918032787,0.9854913953,0.006744328633,11,467,0,0.05424916031,0.03205972091,0,0,0,1,,15020
S08-rural-road,equity-constrained-rolling-horizon,100032,276461.5099,193415.4,4210.329882,14900,63935.78,0.9843964838,0.9997150185,0.9963212753,0.9966859983,0.9807455502,0.003678724709,6,529,0,0.02118700131,0.04342721191,0,0,0,1,,18875
S08-rural-road,equity-constrained-rolling-horizon,100033,272176.4469,191108.1,4192.161882,14950,61926.185,0.9840840888,0.9998549183,0.9981096408,0.9974747475,0.9808895226,0.001890359168,3,528,0,0.01891169301,0.04410262856,0,0,0,1,,18240
S08-rural-road,equity-constrained-rolling-horizon,100034,274316.2925,191596.6,4157.192471,14750,63812.5,0.9878909407,0.9999041916,0.9987669544,0.9983686786,0.9857664151,0.001233045623,2,434,0,0.01111111111,0.03046695268,0,0,0,1,,13330
S08-rural-road,equity-constrained-rolling-horizon,100035,271817.3518,189986.9,4088.731765,14675,63066.72,0.9835117335,0.9997579747,0.9968394437,0.9983093829,0.9806929801,0.003160556258,5,521,0,0.01067114048,0.04509517298,0,0,0,1,,20370
S08-rural-road,equity-constrained-rolling-horizon,100036,270451.0074,189407,4146.462353,14750,62147.545,0.9857692006,0.9997580801,0.9969116739,0.9966611018,0.982733714,0.003088326127,5,541,0,0.02413144473,0.04134306111,0,0,0,1,,15985
S08-rural-road,equity-constrained-rolling-horizon,100037,276195.2245,192917.7,4113.399529,14650,64514.125,0.9838947189,0.9999048118,0.9987437186,1,0.9805060418,0.001256281407,2,555,0,0,0.04326259824,0,0,0,1,,17560
S08-rural-road,equity-constrained-rolling-horizon,100038,276481.9345,193362.1,4194.759529,14875,64050.075,0.9856268217,0.9999523719,0.999378882,1,0.9822331035,0.0006211180124,1,470,0,0,0.03971130268,0,0,0,1,,16755
S08-rural-road,equity-constrained-rolling-horizon,100039,275024.3298,192223.5,4158.854824,14750,63891.975,0.9830270053,0.9995706926,0.9944649446,0.9934587081,0.9799186919,0.005535055351,9,591,0,0.04554428316,0.05042432487,0,0,0,1,,19500
S08-rural-road,equity-constrained-rolling-horizon,100040,274142.5916,191712.1,4190.381647,14875,63365.11,0.9845380931,0.9996141045,0.9949748744,0.9933166249,0.9803348998,0.005025125628,8,501,0,0.04793170336,0.04479428331,0,0,0,1,,18090
S08-rural-road,equity-constrained-rolling-horizon,100041,271168.3321,189206.7,4097.947059,14750,63113.685,0.9835038564,0.999708469,0.9962756052,0.9958779885,0.9797458571,0.003724394786,6,475,2,0.02874575131,0.04138202424,0,0,0,1,,19610
S08-rural-road,equity-constrained-rolling-horizon,100042,275381.2068,192709.4,4208.186824,15000,63463.62,0.9837950053,0.9993804804,0.9920780012,0.9926289926,0.980646331,0.007921998781,13,589,0,0.04530934743,0.04703476483,0,0,0,1,,19920
S08-rural-road,equity-constrained-rolling-horizon,100043,277586.7775,194434.3,4186.827529,14925,64040.65,0.9876659754,0.9998090419,0.9975339088,1,0.9844926396,0.002466091245,4,409,0,0,0.03229750224,0,0,0,1,,13925
S08-rural-road,equity-constrained-rolling-horizon,100044,268733.8078,188597.2,4141.502824,14950,61045.105,0.983935679,0.9997068022,0.9962894249,0.9950535862,0.9797112215,0.003710575139,6,492,0,0.03512871601,0.04507244069,0,0,0,1,,19740
S08-rural-road,equity-constrained-rolling-horizon,100045,276256.1036,193747.3,4231.793647,14850,63427.01,0.9842429849,0.9997162584,0.9963325183,0.9967453214,0.9804962545,0.003667481663,6,528,0,0.02231379522,0.04067221708,0,0,0,1,,19825
S08-rural-road,equity-constrained-rolling-horizon,100046,273940.8289,191892.9,4163.733882,14825,63059.195,0.9818808515,0.9999522513,0.9993823348,0.9991816694,0.9781446541,0.0006176652254,1,597,0,0.005952380952,0.05140745571,0,0,0,1,,20665
S08-rural-road,equity-constrained-rolling-horizon,100047,272987.1902,190983.6,4141.065176,14650,63212.525,0.9842530723,0.9999042512,0.9987631416,0.9983511954,0.9811538985,0.00123685838,2,584,0,0.01086956522,0.04635297416,0,0,0,1,,18295
S08-rural-road,equity-constrained-rolling-horizon,100048,273128.7436,190763.3,4215.118588,14750,63400.325,0.9857561858,0.9995189995,0.9938042131,0.9925496689,0.9833496572,0.006195786865,10,475,0,0.05291566547,0.04011045586,0,0,0,1,,15265
S08-rural-road,equity-constrained-rolling-horizon,100049,281332.4385,197188.6,4263.788471,14925,64955.05,0.9856381359,0.9998592606,0.9981096408,0.9991638796,0.9830429887,0.001890359168,3,466,0,0.005356673433,0.03419128846,0,0,0,1,,18620
S08-rural-road,equity-constrained-rolling-horizon,100050,272517.2476,190372.5,4194.082588,14900,63050.665,0.9856629695,0.9997095837,0.9961612284,0.9948979592,0.9823306978,0.003838771593,6,471,0,0.0358305275,0.03631522561,0,0,0,1,,15780
S08-rural-road,equity-constrained-rolling-horizon,100051,274369.7133,192376.7,4177.823294,14700,63115.19,0.9852568461,0.9999047528,0.9987269255,0.9983065199,0.9816872012,0.001273074475,2,477,0,0.01226993865,0.03546702108,0,0,0,1,,17440
S08-rural-road,equity-constrained-rolling-horizon,100052,277455.9939,194228.9,4212.568941,14875,64139.525,0.9845600383,0.9996692965,0.9957317073,0.99594485,0.9809225958,0.004268292683,7,524,0,0.02726253808,0.04134821746,0,0,0,1,,19575
S08-rural-road,equity-constrained-rolling-horizon,100053,274424.157,192686,4214.532,14975,62548.625,0.9875031281,0.9994219653,0.9925326696,0.9901315789,0.9832242226,0.007467330429,12,300,0,0.07106743401,0.02698010511,0,0,0,1,,14925
S08-rural-road,equity-constrained-rolling-horizon,100054,275918.3829,192950.9,4183.072941,14700,64084.41,0.9831615014,0.9996685606,0.9957291031,0.9951060359,0.9791207077,0.004270896888,7,541,0,0.03056542004,0.04605506853,0,0,0,1,,19950
S08-rural-road,equity-constrained-rolling-horizon,100055,275959.2665,193758.2,4200.831529,14925,63075.235,0.9875797507,0.9991886216,0.9894212819,0.9892026578,0.9844771242,0.01057871811,17,381,0,0.0713143388,0.02799190521,0,0,0,1,,16940
S08-rural-road,equity-constrained-rolling-horizon,100056,277085.0035,193857.8,4188.363529,14800,64238.84,0.9861250599,0.9992378049,0.9898154042,0.986599665,0.9833700391,0.0101845958,16,501,0,0.09099848988,0.03757667527,0,0,0,1,,17280
S08-rural-road,equity-constrained-rolling-horizon,100057,277582.6053,193908.5,4206.575294,14875,64592.53,0.9846239177,0.9999524783,0.9993935719,1,0.9816253162,0.0006064281383,1,535,0,0,0.03998089545,0,0,0,1,,16150
S08-rural-road,equity-constrained-rolling-horizon,100058,279920.2299,196049,4180.209882,15000,64691.02,0.9875696724,0.9997172346,0.9963167587,0.9967186218,0.9848974721,0.003683241252,6,407,0,0.0216290017,0.02988470642,0,0,0,1,,16045
S08-rural-road,equity-constrained-rolling-horizon,100059,278568.9518,195716.9,4197.151765,14900,63754.9,0.9867706661,0.9997648497,0.9968710889,0.9975083056,0.9839514109,0.003128911139,5,441,0,0.01539101695,0.03141393286,0,0,0,1,,15520
S08-rural-road,equity-constrained-rolling-horizon,100060,274865.4876,192722.5,4247.122588,14900,62995.865,0.9836121649,0.9996170233,0.9952238806,0.9936708861,0.9804879162,0.004776119403,8,598,0,0.04511881824,0.0481528702,0,0,0,1,,19915
S08-rural-road,equity-constrained-rolling-horizon,100061,279608.1654,195844.6,4179.865412,15000,64583.7,0.9853344003,0.9998571633,0.9981060606,0.9983108108,0.9818813159,0.001893939394,3,414,5,0.01141537311,0.03551752793,0,0,0,1,,16790
S08-rural-road,equity-constrained-rolling-horizon,100062,271289.1516,189810.9,4151.266588,14775,62551.985,0.982999795,0.9995616598,0.9943925234,0.9933333333,0.9803444875,0.005607476636,9,581,0,0.04253906161,0.04876125593,0,0,0,1,,20190
S08-rural-road,equity-constrained-rolling-horizon,100063,275753.6213,193379.1,4228.931294,14900,63245.59,0.9852217511,0.9997624703,0.9969641773,0.995951417,0.9822430952,0.003035822708,5,484,0,0.02819278822,0.03763424221,0,0,0,1,,18080
S08-rural-road,equity-constrained-rolling-horizon,100064,278804.0724,195209.9,4270.357412,14900,64423.815,0.9827079185,0.9993856913,0.9921780987,0.98957498,0.9786059351,0.007821901324,13,549,0,0.07523305031,0.04525961097,0,0,0,1,,20560
S08-rural-road,equity-constrained-rolling-horizon,100065,274917.5106,191865.8,4154.825647,14675,64221.885,0.9853498045,0.9997611199,0.9969173859,0.99669967,0.9825162993,0.003082614057,5,479,0,0.02237589828,0.04030355702,0,0,0,1,,16870
S08-rural-road,equity-constrained-rolling-horizon,100066,273026.8712,190781.9,4117.516235,14675,63452.455,0.987118855,0.9998564593,0.9981829194,0.9991915926,0.98416916,0.001817080557,3,405,0,0.005075132784,0.0314405725,0,0,0,1,,13540
S08-rural-road,equity-constrained-rolling-horizon,100067,278285.6564,193693,4154.521412,14900,65538.135,0.9864050197,0.9998569999,0.9981000633,0.9974895397,0.9836999911,0.001899936669,3,404,0,0.01679116189,0.03315698819,0,0,0,1,,14490
S08-rural-road,equity-constrained-rolling-horizon,100068,275945.8158,193630.3,4209.415765,14825,63281.1,0.9830896928,0.9997610628,0.9968944099,0.9991714996,0.9798365367,0.003105590062,5,619,0,0.004646513174,0.04973984143,0,0,0,1,,19310
S08-rural-road,equity-constrained-rolling-horizon,100069,274087.5578,192440.6,4149.487765,14750,62747.47,0.9876876081,0.9999039339,0.9987523394,1,0.9844968289,0.001247660636,2,434,0,0,0.03241743684,0,0,0,1,,13990
S08-rural-road,equity-constrained-rolling-horizon,100070,276082.7648,193491.6,4131.734824,15050,63409.43,0.9852178624,0.9998565005,0.9981401116,0.9975206612,0.981336998,0.001859888407,3,524,3,0.01751307459,0.03956350128,0,0,0,1,,16160
S08-rural-road,equity-constrained-rolling-horizon,100071,275481.589,192830.2,4223.664,14975,63452.725,0.9842137314,0.9995676195,0.9944099379,0.9949958299,0.9801177867,0.005590062112,9,425,0,0.03173185541,0.03928610465,0,0,0,1,,18470
S08-rural-road,equity-constrained-rolling-horizon,100072,278565.4882,195247.7,4180.893176,14950,64186.895,0.9841463974,0.9999528235,0.9993781095,1,0.9811503142,0.0006218905473,1,551,0,0,0.04410573145,0,0,0,1,,17890
S08-rural-road,equity-constrained-rolling-horizon,100073,271799.6521,189743,4107.602118,14775,63174.05,0.9840082619,1,1,1,0.9801381497,0,0,470,2,0,0.03925956062,0,0,0,1,,18905
S08-rural-road,equity-constrained-rolling-horizon,100074,273024.3409,191334,4209.700941,14800,62680.64,0.986694296,0.9996646225,0.9957160343,0.9959116926,0.9844001907,0.004283965728,7,438,0,0.02847605432,0.03430815013,0,0,0,1,,15405
S08-rural-road,equity-constrained-rolling-horizon,100075,276184.0606,193374.3,4266.850588,14775,63767.91,0.986654252,0.999282228,0.9909474955,0.9887369268,0.9839121495,0.009052504526,15,489,4,0.07814068153,0.03350403476,0,0,0,1,,15365
S08-rural-road,equity-constrained-rolling-horizon,100076,276030.1002,192585.7,4128.340235,14775,64541.06,0.9838521673,0.999952467,0.9993662864,0.9991631799,0.9803829673,0.0006337135615,1,561,0,0.005524861878,0.04570815784,0,0,0,1,,18030
S08-rural-road,equity-constrained-rolling-horizon,100077,276310.6445,193863.9,4164.884471,14900,63381.86,0.98398912,0.999618357,0.9950155763,0.9941956882,0.9806525038,0.004984423676,8,530,4,0.04139312388,0.04433901029,0,0,0,1,,20415
S08-rural-road,equity-constrained-rolling-horizon,100078,274619.1166,192006.8,4191.041647,14775,63646.275,0.9856335704,0.9998091694,0.9975354282,0.9991816694,0.9825103348,0.002464571781,4,480,0,0.004848971437,0.03852319953,0,0,0,1,,16035
S08-rural-road,equity-constrained-rolling-horizon,100079,277116.4406,193873,4192.930588,14900,64150.51,0.9849280064,0.999859221,0.9981662592,0.9983766234,0.9812164976,0.001833740831,3,519,0,0.01026071385,0.03889645464,0,0,0,1,,16940
S08-rural-road,equity-constrained-rolling-horizon,100080,277461.2255,193765.8,4199.420471,14925,64571.005,0.9889518065,0.9998578469,0.9981401116,0.9975308642,0.985880771,0.001859888407,3,376,0,0.01685814186,0.0266664615,0,0,0,1,,11615
S08-rural-road,equity-constrained-rolling-horizon,100081,273465.2007,191063.8,4207.620706,15000,63193.78,0.9866639472,0.9998064922,0.9975108899,0.9967023908,0.9841298963,0.002489110143,4,486,0,0.02228567881,0.036713369,0,0,0,1,,14060
S08-rural-road,equity-constrained-rolling-horizon,100082,273945.2639,191648.9,4176.448941,14775,63344.915,0.9840495548,0.999572101,0.9945652174,0.9935117599,0.981240206,0.005434782609,9,559,0,0.04460707803,0.04611691831,0,0,0,1,,19195
S08-rural-road,equity-constrained-rolling-horizon,100083,274733.2364,191301.3,4197.781412,14850,64384.155,0.9838832035,0.9995236961,0.9939759036,0.9919224556,0.9803392877,0.006024096386,10,504,0,0.05691573927,0.04268396526,0,0,0,1,,19935
S08-rural-road,equity-constrained-rolling-horizon,100084,269174.9723,188055.7,4177.727294,14600,62341.545,0.9807336109,0.9999025863,0.9987752603,0.9983686786,0.9774312774,0.001224739743,2,599,0,0.01162790698,0.05509205756,0,0,0,1,,20670
S08-rural-road,equity-constrained-rolling-horizon,100085,275207.2004,192696.6,4192.230353,14775,63543.37,0.9845681406,0.9994743884,0.9933494559,0.9910496338,0.9813915136,0.006650544135,11,549,0,0.06431964645,0.04365897917,0,0,0,1,,19820
S08-rural-road,equity-constrained-rolling-horizon,100086,274638.1536,192508,4174.193647,14825,63130.96,0.9855702311,0.9993305919,0.9915048544,0.9886914378,0.9829997992,0.008495145631,14,465,0,0.07710708272,0.03668532896,0,0,0,1,,16820
S08-rural-road,equity-constrained-rolling-horizon,100087,275110.6118,192726.3,4190.906824,14725,63468.405,0.9860133354,0.999809224,0.9975550122,0.9975806452,0.98234274,0.002444987775,4,436,0,0.01661238669,0.03225306249,0,0,0,1,,17590
S08-rural-road,equity-constrained-rolling-horizon,100088,277875.6325,195387,4171.467529,14850,63467.165,0.9842081031,0.9998587038,0.9981458591,1,0.9804538751,0.001854140915,3,511,0,0,0.04355432781,0,0,0,1,,19470
S08-rural-road,equity-constrained-rolling-horizon,100089,279870.0075,196713.5,4186.047529,14775,64195.46,0.9846813069,0.9990590007,0.9874371859,0.9833472107,0.9813943979,0.01256281407,20,412,0,0.1133710561,0.03821256408,0,0,0,1,,22830
S08-rural-road,equity-constrained-rolling-horizon,100090,273469.7385,190809.4,4185.608471,14850,63624.73,0.9862779,0.9996122152,0.9950433705,0.9933554817,0.9837722616,0.004956629492,8,460,0,0.04586413858,0.03714240805,0,0,0,1,,15165
S08-rural-road,equity-constrained-rolling-horizon,100091,277198.8235,193642.2,4138.143529,14725,64693.48,0.9871115765,0.9998571293,0.9981120201,0.9983291562,0.9839856469,0.001887979862,3,399,0,0.01124259347,0.03238274152,0,0,0,1,,14720
S08-rural-road,equity-constrained-rolling-horizon,100092,270956.2344,188915.8,4112.274353,14675,63253.16,0.982098872,0.9998067073,0.9974747475,0.9983207389,0.9775617566,0.002525252525,4,598,0,0.01104918469,0.05555468395,0,0,0,1,,20515
S08-rural-road,equity-constrained-rolling-horizon,100093,275553.3126,192883.7,4089.202588,14500,64080.41,0.9867316503,0.9999526403,0.9993746091,1,0.9839224755,0.0006253908693,1,448,0,0,0.03168721749,0,0,0,1,,14950
S08-rural-road,equity-constrained-rolling-horizon,100094,276028.0071,192858.8,4156.142118,14725,64288.065,0.986000185,0.9999525031,0.9993626514,1,0.9828372994,0.0006373486297,1,486,0,0,0.03635634771,0,0,0,1,,16505
S08-rural-road,equity-constrained-rolling-horizon,100095,271151.6699,188999.7,4147.989882,14850,63153.98,0.9850262159,0.9999513879,0.9993796526,0.9991783073,0.9818515966,0.0006203473945,1,530,0,0.005988023952,0.04230763175,0,0,0,1,,16710
S08-rural-road,equity-constrained-rolling-horizon,100096,274234.5869,191720.9,4217.301882,15000,63296.385,0.9863346445,1,1,1,0.9835904468,0,0,477,0,0,0.0374543574,0,0,0,1,,14840
S08-rural-road,equity-constrained-rolling-horizon,100097,275732.121,192833.2,4205.736,14975,63718.185,0.988299206,0.9996658711,0.9957107843,0.9950940311,0.9858588566,0.004289215686,7,363,0,0.03278091979,0.02880314498,0,0,0,1,,13385
S08-rural-road,equity-constrained-rolling-horizon,100098,274158.1708,191821.2,4209.835765,14875,63252.135,0.987211838,0.9997588386,0.9969325153,0.9975328947,0.9847600445,0.003067484663,5,446,0,0.01716396704,0.03334890966,0,0,0,1,,14860
S08-rural-road,equity-constrained-rolling-horizon,100099,277365.6151,194423.5,4220.215059,14900,63821.9,0.9877198907,0.9999055936,0.9987804878,0.9991789819,0.984991662,0.001219512195,2,404,0,0.005392449698,0.03128357842,0,0,0,1,,12765
S08-rural-road,equity-constrained-rolling-horizon,100100,271234.0829,189934.3,4154.997882,14775,62369.785,0.987932637,0.9995133583,0.9937888199,0.9925062448,0.9851496564,0.006211180124,10,397,0,0.04917173998,0.02945948926,0,0,0,1,,13940
S08-rural-road,errra-no-floor,100001,276118.1284,193374,4216.453412,14800,63727.675,0.9885618141,0.9997630107,0.9969325153,0.9975308642,0.9827795786,0.003067484663,5,311,0,0.01589724944,0.02724480188,0,0,0,1,,13165
S08-rural-road,errra-no-floor,100002,273568.3246,191966.6,4169.674588,14775,62657.05,0.9845052328,1,1,1,0.9819016933,0,0,546,0,0,0.0445415805,0,0,0,1,,15990
S08-rural-road,errra-no-floor,100003,272466.3934,191014.7,4198.573412,14875,62378.12,0.9817034997,0.9993728593,0.9919901417,0.9917763158,0.9776404623,0.008009858287,13,664,0,0.05447053918,0.05390346209,0,0,0,1,,23965
S08-rural-road,errra-no-floor,100004,278115.041,194737,4240.116,15075,64062.925,0.98679295,0.9999521783,0.9993777225,0.9991673605,0.9837064452,0.0006222775358,1,460,0,0.00641025641,0.03506378757,0,0,0,1,,12970
S08-rural-road,errra-no-floor,100005,279512.6281,195297.3,4196.678118,14875,65143.65,0.9869788868,0.9999525301,0.9993950393,0.9991974318,0.9834778559,0.0006049606776,1,437,0,0.005208333333,0.03293666027,0,0,0,1,,15770
S08-rural-road,errra-no-floor,100006,274627.5076,192205.8,4169.537647,14775,63477.17,0.9843143345,0.9996190113,0.9950433705,0.9958609272,0.9815595836,0.004956629492,8,606,0,0.026267395,0.04676191955,0,0,0,1,,17660
S08-rural-road,errra-no-floor,100007,277067.1838,194319.2,4232.983765,14800,63715,0.9867221715,0.9995714082,0.9944954128,0.9926710098,0.9842780677,0.005504587156,9,478,0,0.05066489362,0.03344217645,0,0,0,1,,15515
S08-rural-road,errra-no-floor,100008,275068.0547,192642.7,4129.104706,14750,63546.25,0.9870971734,0.9998087863,0.9974391805,0.9982817869,0.9844616104,0.002560819462,4,445,0,0.01045637196,0.03174652289,0,0,0,1,,15415
S08-rural-road,errra-no-floor,100009,275645.8151,192358.1,4188.830118,14900,64198.885,0.9850315126,0.9991395382,0.9888059701,0.9866888519,0.9821540109,0.01119402985,18,426,0,0.09285511052,0.03781512605,0,0,0,1,,19220
S08-rural-road,errra-no-floor,100010,279649.7061,195667.6,4185.446118,14800,64996.66,0.9848762883,0.9995294118,0.9938912645,0.9927184466,0.9816075244,0.006108735492,10,535,0,0.05028378653,0.04358198,0,0,0,1,,19485
S08-rural-road,errra-no-floor,100011,273201.6505,191569.6,4170.795529,14750,62711.255,0.98619901,0.9993241286,0.9912554653,0.9883333333,0.9838243658,0.008744534666,14,423,0,0.08128607934,0.03300645404,0,0,0,1,,17470
S08-rural-road,errra-no-floor,100012,274933.3542,192743.7,4153.024235,14800,63236.63,0.9879970808,0.9994265233,0.9927754365,0.9927710843,0.9850173825,0.007224563516,12,463,1,0.04530120036,0.03117964007,0,0,0,1,,14370
S08-rural-road,errra-no-floor,100013,274428.5578,192470.5,4175.582824,14675,63107.475,0.9856922909,1,1,1,0.9840007231,0,0,540,0,0,0.04040372623,0,0,0,1,,14625
S08-rural-road,errra-no-floor,100014,275703.5924,192757.3,4228.962353,14725,63992.33,0.9850466716,0.9998100845,0.997640118,0.9968528718,0.981479014,0.002359882006,4,559,0,0.02272727273,0.04378531073,0,0,0,1,,17955
S08-rural-road,errra-no-floor,100015,276491.2544,193379.3,4115.874353,15050,63946.08,0.9871082566,0.9998090965,0.9974160207,0.9982638889,0.9841303428,0.002583979328,4,361,0,0.0110666225,0.03208233382,0,0,0,1,,15675
S08-rural-road,errra-no-floor,100016,271385.1751,190045.2,4171.495059,14825,62343.48,0.9841077526,1,1,1,0.9803341576,0,0,526,0,0,0.0441206552,0,0,0,1,,18395
S08-rural-road,errra-no-floor,100017,279094.1515,196087.2,4285.731529,14975,63746.22,0.9844879334,0.9998118709,0.9976004799,0.9967871486,0.9812451275,0.002399520096,4,521,0,0.02287581699,0.04105414676,0,0,0,1,,17660
S08-rural-road,errra-no-floor,100018,274195.8739,191977.2,4157.308941,14725,63336.365,0.9849797715,0.9995243305,0.9938347719,0.9918300654,0.9811227248,0.006165228113,10,392,0,0.05516086826,0.03518670656,0,0,0,1,,17810
S08-rural-road,errra-no-floor,100019,273477.5276,191194.2,4175.542588,14800,63307.785,0.9866841097,0.9996638817,0.9963392312,0.99594485,0.9832145685,0.003660768761,7,481,0,0.03221682357,0.0348237786,0,0,0,1,,14760
S08-rural-road,errra-no-floor,100020,273716.9973,191285.4,4122.947294,14775,63533.65,0.9842445127,0.9999046348,0.9987722529,0.9983673469,0.9812793558,0.001227747084,2,500,0,0.01111111111,0.04113501599,0,0,0,1,,18355
S08-rural-road,errra-no-floor,100021,272737.2887,190581.4,4179.528706,14800,63176.36,0.9860701179,0.9993230501,0.9913846154,0.9885433715,0.982628587,0.008615384615,14,472,0,0.0806654708,0.03811977825,0,0,0,1,,16755
S08-rural-road,errra-no-floor,100022,277632.8241,193871.9,4194.074118,15125,64441.85,0.9870501384,0.9997623348,0.9968963377,0.9966777409,0.983749805,0.003103662322,5,412,0,0.02184412968,0.03302060904,0,0,0,1,,14295
S08-rural-road,errra-no-floor,100023,277882.8132,194281.6,4214.973176,15000,64386.24,0.9860381532,0.9999058292,0.9987789988,0.9983844911,0.9820978709,0.001221001221,2,457,0,0.01168478261,0.03526556692,0,0,0,1,,15665
S08-rural-road,errra-no-floor,100024,278789.2343,195223.9,4264.859294,14700,64600.475,0.9842607166,0.9996682464,0.9957601454,0.9959709911,0.9809339223,0.004239854634,7,521,0,0.0281376169,0.04200228374,0,0,0,1,,20260
S08-rural-road,errra-no-floor,100025,275721.3793,192439.8,4128.059294,14875,64278.52,0.9822916667,0.9993821293,0.991910392,0.9893004115,0.9779839597,0.008089607965,13,579,0,0.07209851647,0.05289179104,0,0,0,1,,21810
S08-rural-road,errra-no-floor,100026,268170.1221,187053.5,4094.347059,14650,62372.275,0.9868837415,0.999854192,0.9981538462,0.9975490196,0.9841142674,0.001846153846,3,445,0,0.01764705882,0.03316245807,0,0,0,1,,15590
S08-rural-road,errra-no-floor,100027,277095.5764,194082,4171.201412,14900,63942.375,0.9855867484,0.9997633584,0.9968334389,0.9974489796,0.9834517992,0.003166561115,5,468,0,0.01707319718,0.03760045483,0,0,0,1,,16285
S08-rural-road,errra-no-floor,100028,273925.6313,191793,4187.711294,14875,63069.92,0.984280306,0.9999519439,0.9993742178,0.9991659716,0.9809998866,0.0006257822278,1,538,0,0.005714285714,0.04451057068,0,0,0,1,,18130
S08-rural-road,errra-no-floor,100029,273686.7656,191114.6,4128.725647,14950,63493.44,0.986590576,0.9997606969,0.9968533669,0.9958263773,0.983918986,0.003146633103,5,359,0,0.02883949656,0.03548819659,0,0,0,1,,14730
S08-rural-road,errra-no-floor,100030,273112.1864,191261.8,4158.606353,14850,62841.78,0.9860158518,0.9998550585,0.9981024668,0.9974958264,0.9821176041,0.001897533207,3,397,0,0.01760052736,0.03242564545,0,0,0,1,,14925
S08-rural-road,errra-no-floor,100031,274477.6283,191971.4,4127.543294,14725,63653.685,0.9873309895,0.9994777324,0.9932556714,0.9918032787,0.9854913953,0.006744328633,11,467,0,0.05424916031,0.03205972091,0,0,0,1,,15020
S08-rural-road,errra-no-floor,100032,277196.9691,194151.8,4211.299059,14900,63933.87,0.9837785228,0.9997150185,0.9963212753,0.9966859983,0.9798723833,0.003678724709,6,529,0,0.02118700131,0.04426145931,0,0,0,1,,19475
S08-rural-road,errra-no-floor,100033,271610.0947,190677.1,4191.084706,14825,61916.91,0.984445457,0.9998549183,0.9981096408,0.9974747475,0.9815564346,0.001890359168,3,528,0,0.01891169301,0.04378839537,0,0,0,1,,18225
S08-rural-road,errra-no-floor,100034,274448.9075,191719.4,4160.792471,14750,63818.715,0.9878443077,0.9999041916,0.9987669544,0.9983686786,0.9856984203,0.001233045623,2,434,0,0.01111111111,0.03059130759,0,0,0,1,,13320
S08-rural-road,errra-no-floor,100035,271817.3518,189986.9,4088.731765,14675,63066.72,0.9835117335,0.9997579747,0.9968394437,0.9983093829,0.9806929801,0.003160556258,5,521,0,0.01067114048,0.04509517298,0,0,0,1,,20370
S08-rural-road,errra-no-floor,100036,270451.0074,189407,4146.462353,14750,62147.545,0.9857692006,0.9997580801,0.9969116739,0.9966611018,0.982733714,0.003088326127,5,541,0,0.02413144473,0.04134306111,0,0,0,1,,15985
S08-rural-road,errra-no-floor,100037,276098.2492,192870.7,4110.964235,14600,64516.585,0.9838947189,0.9999048118,0.9987437186,1,0.9805060418,0.001256281407,2,555,0,0,0.04326259824,0,0,0,1,,17560
S08-rural-road,errra-no-floor,100038,276481.9345,193362.1,4194.759529,14875,64050.075,0.9856268217,0.9999523719,0.999378882,1,0.9822331035,0.0006211180124,1,470,0,0,0.03971130268,0,0,0,1,,16755
S08-rural-road,errra-no-floor,100039,275024.3298,192223.5,4158.854824,14750,63891.975,0.9830270053,0.9995706926,0.9944649446,0.9934587081,0.9799186919,0.005535055351,9,591,0,0.04554428316,0.05042432487,0,0,0,1,,19500
S08-rural-road,errra-no-floor,100040,273518.2691,191100.5,4196.419059,14850,63371.35,0.984725321,0.9996141045,0.9949748744,0.9933166249,0.9806771,0.005025125628,8,495,0,0.04793170336,0.04179863636,0,0,0,1,,19120
S08-rural-road,errra-no-floor,100041,271168.3321,189206.7,4097.947059,14750,63113.685,0.9835038564,0.999708469,0.9962756052,0.9958779885,0.9797458571,0.003724394786,6,475,2,0.02874575131,0.04138202424,0,0,0,1,,19610
S08-rural-road,errra-no-floor,100042,276349.2661,193755.9,4215.566118,14925,63452.8,0.9830823573,0.9993804804,0.9920780012,0.9926289926,0.9796945112,0.007921998781,13,589,0,0.04530934743,0.04960649439,0,0,0,1,,20610
S08-rural-road,errra-no-floor,100043,277586.7775,194434.3,4186.827529,14925,64040.65,0.9876659754,0.9998090419,0.9975339088,1,0.9844926396,0.002466091245,4,409,0,0,0.03229750224,0,0,0,1,,13925
S08-rural-road,errra-no-floor,100044,268019.6352,188108.4,4140.400235,14725,61045.835,0.9832351536,0.9997068022,0.9962894249,0.9950535862,0.9786898185,0.003710575139,6,492,8,0.03512871601,0.04655309664,0,0,0,1,,20400
S08-rural-road,errra-no-floor,100045,276256.1036,193747.3,4231.793647,14850,63427.01,0.9842429849,0.9997162584,0.9963325183,0.9967453214,0.9804962545,0.003667481663,6,528,0,0.02231379522,0.04067221708,0,0,0,1,,19825
S08-rural-road,errra-no-floor,100046,273940.8289,191892.9,4163.733882,14825,63059.195,0.9818808515,0.9999522513,0.9993823348,0.9991816694,0.9781446541,0.0006176652254,1,597,0,0.005952380952,0.05140745571,0,0,0,1,,20665
S08-rural-road,errra-no-floor,100047,272627.7371,190605.8,4147.382118,14675,63199.555,0.9842063455,0.9997127537,0.9962894249,0.9950535862,0.9811538985,0.003710575139,6,584,0,0.03380308392,0.04644642774,0,0,0,1,,18880
S08-rural-road,errra-no-floor,100048,273128.7436,190763.3,4215.118588,14750,63400.325,0.9857561858,0.9995189995,0.9938042131,0.9925496689,0.9833496572,0.006195786865,10,475,0,0.05291566547,0.04011045586,0,0,0,1,,15265
S08-rural-road,errra-no-floor,100049,281332.4385,197188.6,4263.788471,14925,64955.05,0.9856381359,0.9998592606,0.9981096408,0.9991638796,0.9830429887,0.001890359168,3,466,0,0.005356673433,0.03419128846,0,0,0,1,,18620
S08-rural-road,errra-no-floor,100050,272276.855,190055.7,4191.96,14975,63054.195,0.9857417444,0.9997095837,0.9961612284,0.9948979592,0.9824223674,0.003838771593,6,465,0,0.0358305275,0.03615767583,0,0,0,1,,15705
S08-rural-road,errra-no-floor,100051,274871.5213,192877.7,4183.871294,14700,63109.95,0.9854113865,0.9999047528,0.9987269255,0.9983065199,0.9819116228,0.001273074475,2,477,0,0.01226993865,0.03531248068,0,0,0,1,,17290
S08-rural-road,errra-no-floor,100052,277218.4089,194124.7,4206.928941,14750,64136.78,0.9849305974,0.9996692965,0.9957317073,0.99594485,0.9816151011,0.004268292683,7,525,0,0.02726253808,0.04102397826,0,0,0,1,,19545
S08-rural-road,errra-no-floor,100053,274424.157,192686,4214.532,14975,62548.625,0.9875031281,0.9994219653,0.9925326696,0.9901315789,0.9832242226,0.007467330429,12,300,0,0.07106743401,0.02698010511,0,0,0,1,,14925
S08-rural-road,errra-no-floor,100054,276257.537,193351,4183.992,14650,64072.545,0.9828991233,0.9996685606,0.9957291031,0.9951060359,0.9790761415,0.004270896888,7,565,14,0.03056542004,0.04901839733,0,0,0,1,,20150
S08-rural-road,errra-no-floor,100055,275753.8585,193552.2,4198.503529,14925,63078.155,0.9872862373,0.9991886216,0.9894212819,0.9892026578,0.9843869344,0.01057871811,17,381,6,0.0713143388,0.02833176278,0,0,0,1,,17225
S08-rural-road,errra-no-floor,100056,277433.2086,194123.9,4192.618588,14875,64241.69,0.9861250599,0.9992378049,0.9898154042,0.986599665,0.9833700391,0.0101845958,16,501,0,0.09099848988,0.03757667527,0,0,0,1,,17280
S08-rural-road,errra-no-floor,100057,277897.6019,194213.7,4215.561882,14875,64593.34,0.9850399039,0.9995247826,0.9939357186,0.9927710843,0.9824907905,0.006064281383,10,535,0,0.05060344888,0.03993467476,0,0,0,1,,16960
S08-rural-road,errra-no-floor,100058,279479.3149,195697.6,4167.789882,14900,64713.925,0.9868519508,0.9997172346,0.9963167587,0.9967186218,0.9838125203,0.003683241252,6,407,0,0.0216290017,0.03098419485,0,0,0,1,,16750
S08-rural-road,errra-no-floor,100059,278955.1364,196107.9,4192.561412,14900,63754.675,0.9866636079,0.9997648497,0.9968710889,0.9975083056,0.983796245,0.003128911139,5,441,0,0.01539101695,0.03152099105,0,0,0,1,,15625
S08-rural-road,errra-no-floor,100060,274346.1972,192239.6,4244.457176,14875,62987.14,0.9841252565,0.9996170233,0.9952238806,0.9936708861,0.9811040873,0.004776119403,8,564,0,0.04511881824,0.04568070154,0,0,0,1,,18540
S08-rural-road,errra-no-floor,100061,279064.8994,195276.9,4177.729412,15025,64585.27,0.9862731218,0.9998571633,0.9981060606,0.9983108108,0.9831723278,0.001893939394,3,414,5,0.01141537311,0.0340709735,0,0,0,1,,15765
S08-rural-road,errra-no-floor,100062,271240.5575,189762.7,4150.592471,14775,62552.265,0.982999795,0.9995616598,0.9943925234,0.9933333333,0.9803444875,0.005607476636,9,581,0,0.04253906161,0.04876125593,0,0,0,1,,20190
S08-rural-road,errra-no-floor,100063,274877.2034,192611.4,4210.333412,14800,63255.47,0.9832874253,0.9997624703,0.9969641773,0.995951417,0.9794476127,0.003035822708,5,478,0,0.02819278822,0.04199808115,0,0,0,1,,19680
S08-rural-road,errra-no-floor,100064,278804.0724,195209.9,4270.357412,14900,64423.815,0.9827079185,0.9993856913,0.9921780987,0.98957498,0.9786059351,0.007821901324,13,549,0,0.07523305031,0.04525961097,0,0,0,1,,20560
S08-rural-road,errra-no-floor,100065,274917.5106,191865.8,4154.825647,14675,64221.885,0.9853498045,0.9997611199,0.9969173859,0.99669967,0.9825162993,0.003082614057,5,479,0,0.02237589828,0.04030355702,0,0,0,1,,16870
S08-rural-road,errra-no-floor,100066,273026.8712,190781.9,4117.516235,14675,63452.455,0.987118855,0.9998564593,0.9981829194,0.9991915926,0.98416916,0.001817080557,3,405,0,0.005075132784,0.0314405725,0,0,0,1,,13540
S08-rural-road,errra-no-floor,100067,277729.4611,193192,4143.691059,14850,65543.77,0.9863896407,0.9998569999,0.9981000633,0.9974895397,0.9836778142,0.001899936669,3,404,0,0.01679116189,0.0334953248,0,0,0,1,,14505
S08-rural-road,errra-no-floor,100068,275945.8158,193630.3,4209.415765,14825,63281.1,0.9830896928,0.9997610628,0.9968944099,0.9991714996,0.9798365367,0.003105590062,5,619,0,0.004646513174,0.04973984143,0,0,0,1,,19310
S08-rural-road,errra-no-floor,100069,274381.3269,192710,4151.956941,14775,62744.37,0.9874382432,0.9999039339,0.9987523394,1,0.9842013139,0.001247660636,2,443,0,0,0.03318111684,0,0,0,1,,14230
S08-rural-road,errra-no-floor,100070,276082.7648,193491.6,4131.734824,15050,63409.43,0.9852178624,0.9998565005,0.9981401116,0.9975206612,0.981336998,0.001859888407,3,524,3,0.01751307459,0.03956350128,0,0,0,1,,16160
S08-rural-road,errra-no-floor,100071,274829.012,192239.9,4195.152,14925,63468.96,0.9856971098,0.9995676195,0.9944099379,0.9949958299,0.9822863404,0.005590062112,9,425,0,0.03173185541,0.03585091267,0,0,0,1,,17045
S08-rural-road,errra-no-floor,100072,278192.9916,194892.8,4185.406588,14925,64189.785,0.984864931,0.9999528235,0.9993781095,1,0.9820510567,0.0006218905473,1,509,0,0,0.04175138738,0,0,0,1,,16470
S08-rural-road,errra-no-floor,100073,272158.6741,190121.2,4120.034118,14750,63167.44,0.9844933342,1,1,1,0.9808628694,0,0,470,0,0,0.03852412843,0,0,0,1,,18440
S08-rural-road,errra-no-floor,100074,273250.4716,191531,4213.126588,14825,62681.345,0.986694296,0.9996646225,0.9957160343,0.9959116926,0.9844001907,0.004283965728,7,438,0,0.02847605432,0.03430815013,0,0,0,1,,15405
S08-rural-road,errra-no-floor,100075,275394.0623,192666.5,4244.927294,14700,63782.635,0.986405959,0.999282228,0.9909474955,0.9887369268,0.9835280295,0.009052504526,15,489,0,0.07814068153,0.03389199255,0,0,0,1,,15605
S08-rural-road,errra-no-floor,100076,276030.1002,192585.7,4128.340235,14775,64541.06,0.9838521673,0.999952467,0.9993662864,0.9991631799,0.9803829673,0.0006337135615,1,561,0,0.005524861878,0.04570815784,0,0,0,1,,18030
S08-rural-road,errra-no-floor,100077,275825.9953,193284,4171.235294,14975,63395.76,0.9831854851,0.999618357,0.9950155763,0.9941956882,0.9795367312,0.004984423676,8,540,0,0.04139312388,0.04640991562,0,0,0,1,,21525
S08-rural-road,errra-no-floor,100078,274716.0368,192123.5,4187.911765,14750,63654.625,0.9851043628,0.9998091694,0.9975354282,0.9991816694,0.9817380639,0.002464571781,4,497,0,0.004848971437,0.04154279577,0,0,0,1,,15885
S08-rural-road,errra-no-floor,100079,277116.4406,193873,4192.930588,14900,64150.51,0.9849280064,0.999859221,0.9981662592,0.9983766234,0.9812164976,0.001833740831,3,519,0,0.01026071385,0.03889645464,0,0,0,1,,16940
S08-rural-road,errra-no-floor,100080,277260.8884,193573,4186.273412,14925,64576.615,0.9886902197,0.9998578469,0.9981401116,0.9975308642,0.9855894218,0.001859888407,3,381,0,0.01685814186,0.02657413676,0,0,0,1,,12365
S08-rural-road,errra-no-floor,100081,273465.2007,191063.8,4207.620706,15000,63193.78,0.9866639472,0.9998064922,0.9975108899,0.9967023908,0.9841298963,0.002489110143,4,486,0,0.02228567881,0.036713369,0,0,0,1,,14060
S08-rural-road,errra-no-floor,100082,275241.358,192918.2,4176.408,14800,63346.75,0.9823925668,0.999572101,0.9945652174,0.9935117599,0.9788224759,0.005434782609,9,609,0,0.04460707803,0.05046844754,0,0,0,1,,20030
S08-rural-road,errra-no-floor,100083,274232.5758,191020.8,4187.875765,14650,64373.9,0.9832639222,0.9995236961,0.9939759036,0.9919224556,0.9795753286,0.006024096386,10,504,0,0.05691573927,0.04369029741,0,0,0,1,,20370
S08-rural-road,errra-no-floor,100084,269174.9723,188055.7,4177.727294,14600,62341.545,0.9807336109,0.9999025863,0.9987752603,0.9983686786,0.9774312774,0.001224739743,2,599,0,0.01162790698,0.05509205756,0,0,0,1,,20670
S08-rural-road,errra-no-floor,100085,273896.767,191541.2,4166.532,14650,63539.035,0.9847542535,0.9994743884,0.9933494559,0.9910496338,0.981770369,0.006650544135,11,540,0,0.06431964645,0.04254230191,0,0,0,1,,19255
S08-rural-road,errra-no-floor,100086,275135.6907,192976.5,4181.700706,14850,63127.49,0.9859259488,0.9993305919,0.9915048544,0.9886914378,0.9834683087,0.008495145631,14,465,0,0.07710708272,0.03615948529,0,0,0,1,,16475
S08-rural-road,errra-no-floor,100087,275110.6118,192726.3,4190.906824,14725,63468.405,0.9860133354,0.999809224,0.9975550122,0.9975806452,0.98234274,0.002444987775,4,436,0,0.01661238669,0.03225306249,0,0,0,1,,17590
S08-rural-road,errra-no-floor,100088,277766.4645,195303,4170.459529,14825,63468.005,0.9842081031,0.9998587038,0.9981458591,1,0.9804538751,0.001854140915,3,511,0,0,0.04355432781,0,0,0,1,,19470
S08-rural-road,errra-no-floor,100089,279845.0075,196713.5,4186.047529,14750,64195.46,0.9846813069,0.9990590007,0.9874371859,0.9833472107,0.9813943979,0.01256281407,20,412,0,0.1133710561,0.03821256408,0,0,0,1,,22830
S08-rural-road,errra-no-floor,100090,273889.2644,191224.9,4187.269412,14850,63627.095,0.9859478152,0.9996122152,0.9950433705,0.9933554817,0.9831992482,0.004956629492,8,438,0,0.04586413858,0.03698522477,0,0,0,1,,15425
S08-rural-road,errra-no-floor,100091,277198.8235,193642.2,4138.143529,14725,64693.48,0.9871115765,0.9998571293,0.9981120201,0.9983291562,0.9839856469,0.001887979862,3,399,0,0.01124259347,0.03238274152,0,0,0,1,,14720
S08-rural-road,errra-no-floor,100092,271401.2278,189406.4,4121.227765,14625,63248.6,0.9835579473,0.9998067073,0.9974747475,0.9983207389,0.9798719122,0.002525252525,4,582,0,0.01104918469,0.04571769246,0,0,0,1,,19010
S08-rural-road,errra-no-floor,100093,275628.2462,192868.3,4084.396235,14600,64075.55,0.9866855263,0.9999526403,0.9993746091,1,0.9835921154,0.0006253908693,1,422,0,0,0.03071861259,0,0,0,1,,15380
S08-rural-road,errra-no-floor,100094,276676.1121,193274.1,4201.082118,14925,64275.93,0.9860618582,0.9999525031,0.9993626514,1,0.9826592169,0.0006373486297,1,486,0,0,0.03825279842,0,0,0,1,,15180
S08-rural-road,errra-no-floor,100095,271316.3432,189157.9,4153.288235,14850,63155.155,0.9849632347,0.9999513879,0.9993796526,0.9991783073,0.9817597059,0.0006203473945,1,530,0,0.005988023952,0.0424965754,0,0,0,1,,16770
S08-rural-road,errra-no-floor,100096,274026.8713,191549.2,4218.731294,14950,63308.94,0.9855980944,1,1,1,0.9825162839,0,0,477,0,0,0.03920954067,0,0,0,1,,15985
S08-rural-road,errra-no-floor,100097,275732.121,192833.2,4205.736,14975,63718.185,0.988299206,0.9996658711,0.9957107843,0.9950940311,0.9858588566,0.004289215686,7,363,0,0.03278091979,0.02880314498,0,0,0,1,,13385
S08-rural-road,errra-no-floor,100098,274861.3016,192591.6,4219.246588,14800,63250.455,0.9869626168,0.9997588386,0.9969325153,0.9975328947,0.9843966477,0.003067484663,5,446,0,0.01716396704,0.03347352025,0,0,0,1,,15100
S08-rural-road,errra-no-floor,100099,278264.5358,195151.4,4227.055765,15075,63811.08,0.9875817395,0.9999055936,0.9987804878,0.9991789819,0.9847470817,0.001219512195,2,404,0,0.005392449698,0.03145242993,0,0,0,1,,12900
S08-rural-road,errra-no-floor,100100,271234.0829,189934.3,4154.997882,14775,62369.785,0.987932637,0.9995133583,0.9937888199,0.9925062448,0.9851496564,0.006211180124,10,397,0,0.04917173998,0.02945948926,0,0,0,1,,13940
S08-rural-road,errra-no-vulnerability,100001,276168.0484,193374,4216.453412,14850,63727.595,0.9885309418,0.9997630107,0.9969325153,0.9975308642,0.9827795786,0.003067484663,5,311,0,0.01589724944,0.02718305728,0,0,0,1,,13195
S08-rural-road,errra-no-vulnerability,100002,273568.3246,191966.6,4169.674588,14775,62657.05,0.9845052328,1,1,1,0.9819016933,0,0,546,0,0,0.0445415805,0,0,0,1,,15990
S08-rural-road,errra-no-vulnerability,100003,272978.2654,191415,4224.685412,14975,62363.58,0.9812809115,0.9993728593,0.9919901417,0.9917763158,0.9768852271,0.008009858287,13,677,0,0.05447053918,0.05499906092,0,0,0,1,,24370
S08-rural-road,errra-no-vulnerability,100004,278000.853,194620.2,4238.628,15075,64067.025,0.9853358342,0.9999521783,0.9993777225,0.9991673605,0.9815851237,0.0006222775358,1,460,0,0.00641025641,0.0372804638,0,0,0,1,,14380
S08-rural-road,errra-no-vulnerability,100005,279037.9389,194599.5,4205.668941,15075,65157.77,0.9862111324,0.9999525301,0.9993950393,0.9991974318,0.982479874,0.0006049606776,1,471,0,0.005208333333,0.03539347409,0,0,0,1,,17125
S08-rural-road,errra-no-vulnerability,100006,274627.5076,192205.8,4169.537647,14775,63477.17,0.9843143345,0.9996190113,0.9950433705,0.9958609272,0.9815595836,0.004956629492,8,606,0,0.026267395,0.04676191955,0,0,0,1,,17660
S08-rural-road,errra-no-vulnerability,100007,277067.1838,194319.2,4232.983765,14800,63715,0.9867221715,0.9995714082,0.9944954128,0.9926710098,0.9842780677,0.005504587156,9,478,0,0.05066489362,0.03344217645,0,0,0,1,,15515
S08-rural-road,errra-no-vulnerability,100008,275252.0817,192784.9,4134.876706,14775,63557.305,0.9865711589,0.9998087863,0.9974391805,0.9982817869,0.9837047261,0.002560819462,4,445,0,0.01045637196,0.03303061714,0,0,0,1,,15925
S08-rural-road,errra-no-vulnerability,100009,275855.6551,192542.5,4189.070118,14925,64199.085,0.9858656698,0.9991395382,0.9888059701,0.9866888519,0.9833586152,0.01119402985,18,426,0,0.09285511052,0.03673381117,0,0,0,1,,18410
S08-rural-road,errra-no-vulnerability,100010,280076.6985,195984,4195.688471,14900,64997.01,0.9848609964,0.9995294118,0.9938912645,0.9927184466,0.9815854975,0.006108735492,10,535,0,0.05028378653,0.04359727192,0,0,0,1,,19500
S08-rural-road,errra-no-vulnerability,100011,273201.6505,191569.6,4170.795529,14750,62711.255,0.98619901,0.9993241286,0.9912554653,0.9883333333,0.9838243658,0.008744534666,14,423,0,0.08128607934,0.03300645404,0,0,0,1,,17470
S08-rural-road,errra-no-vulnerability,100012,274933.3542,192743.7,4153.024235,14800,63236.63,0.9879970808,0.9994265233,0.9927754365,0.9927710843,0.9850173825,0.007224563516,12,463,1,0.04530120036,0.03117964007,0,0,0,1,,14370
S08-rural-road,errra-no-vulnerability,100013,274428.5578,192470.5,4175.582824,14675,63107.475,0.9856922909,1,1,1,0.9840007231,0,0,540,0,0,0.04040372623,0,0,0,1,,14625
S08-rural-road,errra-no-vulnerability,100014,275703.5924,192757.3,4228.962353,14725,63992.33,0.9850466716,0.9998100845,0.997640118,0.9968528718,0.981479014,0.002359882006,4,559,0,0.02272727273,0.04378531073,0,0,0,1,,17955
S08-rural-road,errra-no-vulnerability,100015,276491.2544,193379.3,4115.874353,15050,63946.08,0.9871082566,0.9998090965,0.9974160207,0.9982638889,0.9841303428,0.002583979328,4,361,0,0.0110666225,0.03208233382,0,0,0,1,,15675
S08-rural-road,errra-no-vulnerability,100016,271227.5042,189894.2,4167.484235,14825,62340.82,0.9842336318,1,1,1,0.9804728121,0,0,526,0,0,0.04399477601,0,0,0,1,,18275
S08-rural-road,errra-no-vulnerability,100017,279119.3115,196087.2,4285.731529,15000,63746.38,0.9844879334,0.9998118709,0.9976004799,0.9967871486,0.9812451275,0.002399520096,4,521,0,0.02287581699,0.04117665074,0,0,0,1,,17660
S08-rural-road,errra-no-vulnerability,100018,275075.4971,192827.1,4172.347059,14750,63326.05,0.9868708632,0.9995243305,0.9938347719,0.9918300654,0.9839610741,0.006165228113,10,434,0,0.05516086826,0.03258258026,0,0,0,1,,15980
S08-rural-road,errra-no-vulnerability,100019,272939.0336,190767.4,4164.478588,14700,63307.155,0.9861078665,0.9996638817,0.9963392312,0.99594485,0.9824228029,0.003660768761,7,495,4,0.03221682357,0.03588282017,0,0,0,1,,15480
S08-rural-road,errra-no-vulnerability,100020,274351.5624,191874.9,4134.702353,14800,63541.96,0.9839340598,0.9999046348,0.9987722529,0.9983673469,0.9807872959,0.001227747084,2,500,0,0.01111111111,0.04295116575,0,0,0,1,,18655
S08-rural-road,errra-no-vulnerability,100021,273878.2041,191796.1,4185.319059,14725,63171.785,0.9857890216,0.9993230501,0.9913846154,0.9885433715,0.9824247503,0.008615384615,14,472,0,0.0806654708,0.03769813383,0,0,0,1,,16805
S08-rural-road,errra-no-vulnerability,100022,277632.8241,193871.9,4194.074118,15125,64441.85,0.9870501384,0.9997623348,0.9968963377,0.9966777409,0.983749805,0.003103662322,5,412,0,0.02184412968,0.03302060904,0,0,0,1,,14295
S08-rural-road,errra-no-vulnerability,100023,277392.0129,194004.3,4208.577882,14775,64404.135,0.9874512334,0.9999058292,0.9987789988,0.9983844911,0.9841712184,0.001221001221,2,450,0,0.01168478261,0.03290019353,0,0,0,1,,14890
S08-rural-road,errra-no-vulnerability,100024,277806.3368,194178.5,4258.046824,14750,64619.79,0.9851094035,0.9996682464,0.9957601454,0.9959709911,0.9822410529,0.004239854634,7,521,0,0.0281376169,0.04053637009,0,0,0,1,,19710
S08-rural-road,errra-no-vulnerability,100025,275721.3793,192439.8,4128.059294,14875,64278.52,0.9822916667,0.9993821293,0.991910392,0.9893004115,0.9779839597,0.008089607965,13,579,0,0.07209851647,0.05289179104,0,0,0,1,,21810
S08-rural-road,errra-no-vulnerability,100026,268757.7888,187748.8,4090.478824,14550,62368.51,0.9867729891,0.999854192,0.9981538462,0.9975490196,0.9840684872,0.001846153846,3,445,0,0.01764705882,0.03343142839,0,0,0,1,,16025
S08-rural-road,errra-no-vulnerability,100027,276023.7918,193070.8,4155.091765,14850,63947.9,0.9856789441,0.9997633584,0.9968334389,0.9974489796,0.9835406486,0.003166561115,5,458,0,0.01707319718,0.03647874122,0,0,0,1,,16250
S08-rural-road,errra-no-vulnerability,100028,273925.6313,191793,4187.711294,14875,63069.92,0.984280306,0.9999519439,0.9993742178,0.9991659716,0.9809998866,0.0006257822278,1,538,0,0.005714285714,0.04451057068,0,0,0,1,,18130
S08-rural-road,errra-no-vulnerability,100029,273208.5623,190671.1,4116.827294,14925,63495.635,0.9867932766,0.9997606969,0.9968533669,0.9958263773,0.9842121882,0.003146633103,5,359,0,0.02883949656,0.03528549599,0,0,0,1,,14535
S08-rural-road,errra-no-vulnerability,100030,273112.1864,191261.8,4158.606353,14850,62841.78,0.9860158518,0.9998550585,0.9981024668,0.9974958264,0.9821176041,0.001897533207,3,397,0,0.01760052736,0.03242564545,0,0,0,1,,14925
S08-rural-road,errra-no-vulnerability,100031,274477.6283,191971.4,4127.543294,14725,63653.685,0.9873309895,0.9994777324,0.9932556714,0.9918032787,0.9854913953,0.006744328633,11,467,0,0.05424916031,0.03205972091,0,0,0,1,,15020
S08-rural-road,errra-no-vulnerability,100032,276461.5099,193415.4,4210.329882,14900,63935.78,0.9843964838,0.9997150185,0.9963212753,0.9966859983,0.9807455502,0.003678724709,6,529,0,0.02118700131,0.04342721191,0,0,0,1,,18875
S08-rural-road,errra-no-vulnerability,100033,272176.4469,191108.1,4192.161882,14950,61926.185,0.9840840888,0.9998549183,0.9981096408,0.9974747475,0.9808895226,0.001890359168,3,528,0,0.01891169301,0.04410262856,0,0,0,1,,18240
S08-rural-road,errra-no-vulnerability,100034,274316.2925,191596.6,4157.192471,14750,63812.5,0.9878909407,0.9999041916,0.9987669544,0.9983686786,0.9857664151,0.001233045623,2,434,0,0.01111111111,0.03046695268,0,0,0,1,,13330
S08-rural-road,errra-no-vulnerability,100035,271817.3518,189986.9,4088.731765,14675,63066.72,0.9835117335,0.9997579747,0.9968394437,0.9983093829,0.9806929801,0.003160556258,5,521,0,0.01067114048,0.04509517298,0,0,0,1,,20370
S08-rural-road,errra-no-vulnerability,100036,270451.0074,189407,4146.462353,14750,62147.545,0.9857692006,0.9997580801,0.9969116739,0.9966611018,0.982733714,0.003088326127,5,541,0,0.02413144473,0.04134306111,0,0,0,1,,15985
S08-rural-road,errra-no-vulnerability,100037,276195.2245,192917.7,4113.399529,14650,64514.125,0.9838947189,0.9999048118,0.9987437186,1,0.9805060418,0.001256281407,2,555,0,0,0.04326259824,0,0,0,1,,17560
S08-rural-road,errra-no-vulnerability,100038,276481.9345,193362.1,4194.759529,14875,64050.075,0.9856268217,0.9999523719,0.999378882,1,0.9822331035,0.0006211180124,1,470,0,0,0.03971130268,0,0,0,1,,16755
S08-rural-road,errra-no-vulnerability,100039,275024.3298,192223.5,4158.854824,14750,63891.975,0.9830270053,0.9995706926,0.9944649446,0.9934587081,0.9799186919,0.005535055351,9,591,0,0.04554428316,0.05042432487,0,0,0,1,,19500
S08-rural-road,errra-no-vulnerability,100040,274142.5916,191712.1,4190.381647,14875,63365.11,0.9845380931,0.9996141045,0.9949748744,0.9933166249,0.9803348998,0.005025125628,8,501,0,0.04793170336,0.04479428331,0,0,0,1,,18090
S08-rural-road,errra-no-vulnerability,100041,271168.3321,189206.7,4097.947059,14750,63113.685,0.9835038564,0.999708469,0.9962756052,0.9958779885,0.9797458571,0.003724394786,6,475,2,0.02874575131,0.04138202424,0,0,0,1,,19610
S08-rural-road,errra-no-vulnerability,100042,275381.2068,192709.4,4208.186824,15000,63463.62,0.9837950053,0.9993804804,0.9920780012,0.9926289926,0.980646331,0.007921998781,13,589,0,0.04530934743,0.04703476483,0,0,0,1,,19920
S08-rural-road,errra-no-vulnerability,100043,277586.7775,194434.3,4186.827529,14925,64040.65,0.9876659754,0.9998090419,0.9975339088,1,0.9844926396,0.002466091245,4,409,0,0,0.03229750224,0,0,0,1,,13925
S08-rural-road,errra-no-vulnerability,100044,268733.8078,188597.2,4141.502824,14950,61045.105,0.983935679,0.9997068022,0.9962894249,0.9950535862,0.9797112215,0.003710575139,6,492,0,0.03512871601,0.04507244069,0,0,0,1,,19740
S08-rural-road,errra-no-vulnerability,100045,276256.1036,193747.3,4231.793647,14850,63427.01,0.9842429849,0.9997162584,0.9963325183,0.9967453214,0.9804962545,0.003667481663,6,528,0,0.02231379522,0.04067221708,0,0,0,1,,19825
S08-rural-road,errra-no-vulnerability,100046,273940.8289,191892.9,4163.733882,14825,63059.195,0.9818808515,0.9999522513,0.9993823348,0.9991816694,0.9781446541,0.0006176652254,1,597,0,0.005952380952,0.05140745571,0,0,0,1,,20665
S08-rural-road,errra-no-vulnerability,100047,272987.1902,190983.6,4141.065176,14650,63212.525,0.9842530723,0.9999042512,0.9987631416,0.9983511954,0.9811538985,0.00123685838,2,584,0,0.01086956522,0.04635297416,0,0,0,1,,18295
S08-rural-road,errra-no-vulnerability,100048,273128.7436,190763.3,4215.118588,14750,63400.325,0.9857561858,0.9995189995,0.9938042131,0.9925496689,0.9833496572,0.006195786865,10,475,0,0.05291566547,0.04011045586,0,0,0,1,,15265
S08-rural-road,errra-no-vulnerability,100049,281332.4385,197188.6,4263.788471,14925,64955.05,0.9856381359,0.9998592606,0.9981096408,0.9991638796,0.9830429887,0.001890359168,3,466,0,0.005356673433,0.03419128846,0,0,0,1,,18620
S08-rural-road,errra-no-vulnerability,100050,272517.2476,190372.5,4194.082588,14900,63050.665,0.9856629695,0.9997095837,0.9961612284,0.9948979592,0.9823306978,0.003838771593,6,471,0,0.0358305275,0.03631522561,0,0,0,1,,15780
S08-rural-road,errra-no-vulnerability,100051,274369.7133,192376.7,4177.823294,14700,63115.19,0.9852568461,0.9999047528,0.9987269255,0.9983065199,0.9816872012,0.001273074475,2,477,0,0.01226993865,0.03546702108,0,0,0,1,,17440
S08-rural-road,errra-no-vulnerability,100052,277455.9939,194228.9,4212.568941,14875,64139.525,0.9845600383,0.9996692965,0.9957317073,0.99594485,0.9809225958,0.004268292683,7,524,0,0.02726253808,0.04134821746,0,0,0,1,,19575
S08-rural-road,errra-no-vulnerability,100053,274424.157,192686,4214.532,14975,62548.625,0.9875031281,0.9994219653,0.9925326696,0.9901315789,0.9832242226,0.007467330429,12,300,0,0.07106743401,0.02698010511,0,0,0,1,,14925
S08-rural-road,errra-no-vulnerability,100054,275918.3829,192950.9,4183.072941,14700,64084.41,0.9831615014,0.9996685606,0.9957291031,0.9951060359,0.9791207077,0.004270896888,7,541,0,0.03056542004,0.04605506853,0,0,0,1,,19950
S08-rural-road,errra-no-vulnerability,100055,275959.2665,193758.2,4200.831529,14925,63075.235,0.9875797507,0.9991886216,0.9894212819,0.9892026578,0.9844771242,0.01057871811,17,381,0,0.0713143388,0.02799190521,0,0,0,1,,16940
S08-rural-road,errra-no-vulnerability,100056,277085.0035,193857.8,4188.363529,14800,64238.84,0.9861250599,0.9992378049,0.9898154042,0.986599665,0.9833700391,0.0101845958,16,501,0,0.09099848988,0.03757667527,0,0,0,1,,17280
S08-rural-road,errra-no-vulnerability,100057,277582.6053,193908.5,4206.575294,14875,64592.53,0.9846239177,0.9999524783,0.9993935719,1,0.9816253162,0.0006064281383,1,535,0,0,0.03998089545,0,0,0,1,,16150
S08-rural-road,errra-no-vulnerability,100058,279920.2299,196049,4180.209882,15000,64691.02,0.9875696724,0.9997172346,0.9963167587,0.9967186218,0.9848974721,0.003683241252,6,407,0,0.0216290017,0.02988470642,0,0,0,1,,16045
S08-rural-road,errra-no-vulnerability,100059,278568.9518,195716.9,4197.151765,14900,63754.9,0.9867706661,0.9997648497,0.9968710889,0.9975083056,0.9839514109,0.003128911139,5,441,0,0.01539101695,0.03141393286,0,0,0,1,,15520
S08-rural-road,errra-no-vulnerability,100060,274865.4876,192722.5,4247.122588,14900,62995.865,0.9836121649,0.9996170233,0.9952238806,0.9936708861,0.9804879162,0.004776119403,8,598,0,0.04511881824,0.0481528702,0,0,0,1,,19915
S08-rural-road,errra-no-vulnerability,100061,279608.1654,195844.6,4179.865412,15000,64583.7,0.9853344003,0.9998571633,0.9981060606,0.9983108108,0.9818813159,0.001893939394,3,414,5,0.01141537311,0.03551752793,0,0,0,1,,16790
S08-rural-road,errra-no-vulnerability,100062,271289.1516,189810.9,4151.266588,14775,62551.985,0.982999795,0.9995616598,0.9943925234,0.9933333333,0.9803444875,0.005607476636,9,581,0,0.04253906161,0.04876125593,0,0,0,1,,20190
S08-rural-road,errra-no-vulnerability,100063,275753.6213,193379.1,4228.931294,14900,63245.59,0.9852217511,0.9997624703,0.9969641773,0.995951417,0.9822430952,0.003035822708,5,484,0,0.02819278822,0.03763424221,0,0,0,1,,18080
S08-rural-road,errra-no-vulnerability,100064,278804.0724,195209.9,4270.357412,14900,64423.815,0.9827079185,0.9993856913,0.9921780987,0.98957498,0.9786059351,0.007821901324,13,549,0,0.07523305031,0.04525961097,0,0,0,1,,20560
S08-rural-road,errra-no-vulnerability,100065,274917.5106,191865.8,4154.825647,14675,64221.885,0.9853498045,0.9997611199,0.9969173859,0.99669967,0.9825162993,0.003082614057,5,479,0,0.02237589828,0.04030355702,0,0,0,1,,16870
S08-rural-road,errra-no-vulnerability,100066,273026.8712,190781.9,4117.516235,14675,63452.455,0.987118855,0.9998564593,0.9981829194,0.9991915926,0.98416916,0.001817080557,3,405,0,0.005075132784,0.0314405725,0,0,0,1,,13540
S08-rural-road,errra-no-vulnerability,100067,278285.6564,193693,4154.521412,14900,65538.135,0.9864050197,0.9998569999,0.9981000633,0.9974895397,0.9836999911,0.001899936669,3,404,0,0.01679116189,0.03315698819,0,0,0,1,,14490
S08-rural-road,errra-no-vulnerability,100068,275945.8158,193630.3,4209.415765,14825,63281.1,0.9830896928,0.9997610628,0.9968944099,0.9991714996,0.9798365367,0.003105590062,5,619,0,0.004646513174,0.04973984143,0,0,0,1,,19310
S08-rural-road,errra-no-vulnerability,100069,274087.5578,192440.6,4149.487765,14750,62747.47,0.9876876081,0.9999039339,0.9987523394,1,0.9844968289,0.001247660636,2,434,0,0,0.03241743684,0,0,0,1,,13990
S08-rural-road,errra-no-vulnerability,100070,276082.7648,193491.6,4131.734824,15050,63409.43,0.9852178624,0.9998565005,0.9981401116,0.9975206612,0.981336998,0.001859888407,3,524,3,0.01751307459,0.03956350128,0,0,0,1,,16160
S08-rural-road,errra-no-vulnerability,100071,275481.589,192830.2,4223.664,14975,63452.725,0.9842137314,0.9995676195,0.9944099379,0.9949958299,0.9801177867,0.005590062112,9,425,0,0.03173185541,0.03928610465,0,0,0,1,,18470
S08-rural-road,errra-no-vulnerability,100072,278565.4882,195247.7,4180.893176,14950,64186.895,0.9841463974,0.9999528235,0.9993781095,1,0.9811503142,0.0006218905473,1,551,0,0,0.04410573145,0,0,0,1,,17890
S08-rural-road,errra-no-vulnerability,100073,271799.6521,189743,4107.602118,14775,63174.05,0.9840082619,1,1,1,0.9801381497,0,0,470,2,0,0.03925956062,0,0,0,1,,18905
S08-rural-road,errra-no-vulnerability,100074,273024.3409,191334,4209.700941,14800,62680.64,0.986694296,0.9996646225,0.9957160343,0.9959116926,0.9844001907,0.004283965728,7,438,0,0.02847605432,0.03430815013,0,0,0,1,,15405
S08-rural-road,errra-no-vulnerability,100075,276184.0606,193374.3,4266.850588,14775,63767.91,0.986654252,0.999282228,0.9909474955,0.9887369268,0.9839121495,0.009052504526,15,489,4,0.07814068153,0.03350403476,0,0,0,1,,15365
S08-rural-road,errra-no-vulnerability,100076,276030.1002,192585.7,4128.340235,14775,64541.06,0.9838521673,0.999952467,0.9993662864,0.9991631799,0.9803829673,0.0006337135615,1,561,0,0.005524861878,0.04570815784,0,0,0,1,,18030
S08-rural-road,errra-no-vulnerability,100077,276310.6445,193863.9,4164.884471,14900,63381.86,0.98398912,0.999618357,0.9950155763,0.9941956882,0.9806525038,0.004984423676,8,530,4,0.04139312388,0.04433901029,0,0,0,1,,20415
S08-rural-road,errra-no-vulnerability,100078,274619.1166,192006.8,4191.041647,14775,63646.275,0.9856335704,0.9998091694,0.9975354282,0.9991816694,0.9825103348,0.002464571781,4,480,0,0.004848971437,0.03852319953,0,0,0,1,,16035
S08-rural-road,errra-no-vulnerability,100079,277116.4406,193873,4192.930588,14900,64150.51,0.9849280064,0.999859221,0.9981662592,0.9983766234,0.9812164976,0.001833740831,3,519,0,0.01026071385,0.03889645464,0,0,0,1,,16940
S08-rural-road,errra-no-vulnerability,100080,277461.2255,193765.8,4199.420471,14925,64571.005,0.9889518065,0.9998578469,0.9981401116,0.9975308642,0.985880771,0.001859888407,3,376,0,0.01685814186,0.0266664615,0,0,0,1,,11615
S08-rural-road,errra-no-vulnerability,100081,273465.2007,191063.8,4207.620706,15000,63193.78,0.9866639472,0.9998064922,0.9975108899,0.9967023908,0.9841298963,0.002489110143,4,486,0,0.02228567881,0.036713369,0,0,0,1,,14060
S08-rural-road,errra-no-vulnerability,100082,273945.2639,191648.9,4176.448941,14775,63344.915,0.9840495548,0.999572101,0.9945652174,0.9935117599,0.981240206,0.005434782609,9,559,0,0.04460707803,0.04611691831,0,0,0,1,,19195
S08-rural-road,errra-no-vulnerability,100083,274733.2364,191301.3,4197.781412,14850,64384.155,0.9838832035,0.9995236961,0.9939759036,0.9919224556,0.9803392877,0.006024096386,10,504,0,0.05691573927,0.04268396526,0,0,0,1,,19935
S08-rural-road,errra-no-vulnerability,100084,269174.9723,188055.7,4177.727294,14600,62341.545,0.9807336109,0.9999025863,0.9987752603,0.9983686786,0.9774312774,0.001224739743,2,599,0,0.01162790698,0.05509205756,0,0,0,1,,20670
S08-rural-road,errra-no-vulnerability,100085,275207.2004,192696.6,4192.230353,14775,63543.37,0.9845681406,0.9994743884,0.9933494559,0.9910496338,0.9813915136,0.006650544135,11,549,0,0.06431964645,0.04365897917,0,0,0,1,,19820
S08-rural-road,errra-no-vulnerability,100086,274638.1536,192508,4174.193647,14825,63130.96,0.9855702311,0.9993305919,0.9915048544,0.9886914378,0.9829997992,0.008495145631,14,465,0,0.07710708272,0.03668532896,0,0,0,1,,16820
S08-rural-road,errra-no-vulnerability,100087,275110.6118,192726.3,4190.906824,14725,63468.405,0.9860133354,0.999809224,0.9975550122,0.9975806452,0.98234274,0.002444987775,4,436,0,0.01661238669,0.03225306249,0,0,0,1,,17590
S08-rural-road,errra-no-vulnerability,100088,277875.6325,195387,4171.467529,14850,63467.165,0.9842081031,0.9998587038,0.9981458591,1,0.9804538751,0.001854140915,3,511,0,0,0.04355432781,0,0,0,1,,19470
S08-rural-road,errra-no-vulnerability,100089,279870.0075,196713.5,4186.047529,14775,64195.46,0.9846813069,0.9990590007,0.9874371859,0.9833472107,0.9813943979,0.01256281407,20,412,0,0.1133710561,0.03821256408,0,0,0,1,,22830
S08-rural-road,errra-no-vulnerability,100090,273469.7385,190809.4,4185.608471,14850,63624.73,0.9862779,0.9996122152,0.9950433705,0.9933554817,0.9837722616,0.004956629492,8,460,0,0.04586413858,0.03714240805,0,0,0,1,,15165
S08-rural-road,errra-no-vulnerability,100091,277198.8235,193642.2,4138.143529,14725,64693.48,0.9871115765,0.9998571293,0.9981120201,0.9983291562,0.9839856469,0.001887979862,3,399,0,0.01124259347,0.03238274152,0,0,0,1,,14720
S08-rural-road,errra-no-vulnerability,100092,270956.2344,188915.8,4112.274353,14675,63253.16,0.982098872,0.9998067073,0.9974747475,0.9983207389,0.9775617566,0.002525252525,4,598,0,0.01104918469,0.05555468395,0,0,0,1,,20515
S08-rural-road,errra-no-vulnerability,100093,275553.3126,192883.7,4089.202588,14500,64080.41,0.9867316503,0.9999526403,0.9993746091,1,0.9839224755,0.0006253908693,1,448,0,0,0.03168721749,0,0,0,1,,14950
S08-rural-road,errra-no-vulnerability,100094,276028.0071,192858.8,4156.142118,14725,64288.065,0.986000185,0.9999525031,0.9993626514,1,0.9828372994,0.0006373486297,1,486,0,0,0.03635634771,0,0,0,1,,16505
S08-rural-road,errra-no-vulnerability,100095,271151.6699,188999.7,4147.989882,14850,63153.98,0.9850262159,0.9999513879,0.9993796526,0.9991783073,0.9818515966,0.0006203473945,1,530,0,0.005988023952,0.04230763175,0,0,0,1,,16710
S08-rural-road,errra-no-vulnerability,100096,274234.5869,191720.9,4217.301882,15000,63296.385,0.9863346445,1,1,1,0.9835904468,0,0,477,0,0,0.0374543574,0,0,0,1,,14840
S08-rural-road,errra-no-vulnerability,100097,275732.121,192833.2,4205.736,14975,63718.185,0.988299206,0.9996658711,0.9957107843,0.9950940311,0.9858588566,0.004289215686,7,363,0,0.03278091979,0.02880314498,0,0,0,1,,13385
S08-rural-road,errra-no-vulnerability,100098,274158.1708,191821.2,4209.835765,14875,63252.135,0.987211838,0.9997588386,0.9969325153,0.9975328947,0.9847600445,0.003067484663,5,446,0,0.01716396704,0.03334890966,0,0,0,1,,14860
S08-rural-road,errra-no-vulnerability,100099,277365.6151,194423.5,4220.215059,14900,63821.9,0.9877198907,0.9999055936,0.9987804878,0.9991789819,0.984991662,0.001219512195,2,404,0,0.005392449698,0.03128357842,0,0,0,1,,12765
S08-rural-road,errra-no-vulnerability,100100,271234.0829,189934.3,4154.997882,14775,62369.785,0.987932637,0.9995133583,0.9937888199,0.9925062448,0.9851496564,0.006211180124,10,397,0,0.04917173998,0.02945948926,0,0,0,1,,13940
S08-rural-road,errra-no-rolling,100001,278454.9958,195377.5,4198.075765,15050,63829.42,0.9848725746,0.999004645,0.9871165644,0.9843621399,0.9777147488,0.01288343558,21,462,0,0.1086349738,0.03885278545,0,0,0,1,,19130
S08-rural-road,errra-no-rolling,100002,272492.8758,190773.4,4106.690824,14900,62712.785,0.9806511249,0.9988908179,0.9856339788,0.9808492923,0.9777884418,0.01436602124,23,624,0,0.1313814772,0.05751394372,0,0,0,1,,24820
S08-rural-road,errra-no-rolling,100003,273659.521,191933.4,4171.716,15175,62379.405,0.9804513867,0.9987457186,0.9839802834,0.9810855263,0.9775260327,0.01601971657,26,663,0,0.1281203151,0.06013272397,0,0,0,1,,26150
S08-rural-road,errra-no-rolling,100004,276305.9725,192864.3,4134.632471,15200,64107.04,0.9828091333,0.9985175267,0.9807093964,0.9741881765,0.9796217729,0.01929060361,31,549,0,0.1825916159,0.04698423525,0,0,0,1,,21810
S08-rural-road,errra-no-rolling,100005,278659.8317,194243.7,4175.616706,15125,65115.515,0.9802380038,0.9988607234,0.9854809437,0.9807383628,0.9765363376,0.01451905626,24,577,0,0.139125062,0.05133205374,0,0,0,1,,25460
S08-rural-road,errra-no-rolling,100006,275128.1819,192549.8,4107.681882,14950,63520.7,0.9803230315,0.9986665397,0.9826517968,0.9793046358,0.9770504307,0.01734820322,28,671,4,0.1368308262,0.05988507532,0,0,0,1,,28175
S08-rural-road,errra-no-rolling,100007,275184.8216,192325.1,4139.681647,14925,63795.04,0.9852365403,0.9987618458,0.9840978593,0.9788273616,0.9829567087,0.01590214067,26,551,0,0.1486246201,0.03839428032,0,0,0,1,,19910
S08-rural-road,errra-no-rolling,100008,275188.4829,192484.9,4105.912941,15025,63572.67,0.979469963,0.9989961279,0.9865556978,0.9836769759,0.9743696603,0.01344430218,21,640,0,0.1048956769,0.06052261089,0,0,0,1,,26370
S08-rural-road,errra-no-rolling,100009,276058.8552,192662.2,4154.565176,15000,64242.09,0.9817566733,0.998565897,0.9813432836,0.9767054908,0.9784070075,0.01865671642,30,645,0,0.1615736558,0.05185677212,0,0,0,1,,24625
S08-rural-road,errra-no-rolling,100010,278392.1814,194368,4147.146353,14900,64977.035,0.982567208,0.9984941176,0.9804520464,0.9749190939,0.9756838906,0.01954795357,32,586,0,0.1767479356,0.04745083647,0,0,0,1,,25050
S08-rural-road,errra-no-rolling,100011,272374.5727,190515.2,4079.592706,14975,62804.78,0.9820164171,0.9989379164,0.9862585884,0.9816666667,0.9783363989,0.01374141162,22,564,0,0.1272885788,0.04790400401,0,0,0,1,,22995
S08-rural-road,errra-no-rolling,100012,274537.2487,192021.6,4127.328706,15150,63238.32,0.9843635968,0.9987574671,0.984346779,0.9815261044,0.979810216,0.01565322095,26,527,0,0.1220856197,0.0459154361,0,0,0,1,,19935
S08-rural-road,errra-no-rolling,100013,273995.7267,191710.5,4155.096706,15000,63130.13,0.9826907824,0.9989005736,0.9859756098,0.9813614263,0.9804754587,0.01402439024,23,575,0,0.1345509175,0.05264303821,0,0,0,1,,21945
S08-rural-road,errra-no-rolling,100014,275479.5606,192181.6,4193.285647,15100,64004.675,0.9834960698,0.9989554648,0.987020649,0.9826907946,0.9801687764,0.01297935103,22,553,0,0.1247701995,0.04630311963,0,0,0,1,,21625
S08-rural-road,errra-no-rolling,100015,276354.4564,193070.9,4075.141412,15200,64008.415,0.981707034,0.9992363862,0.9896640827,0.9878472222,0.9791461779,0.01033591731,16,613,0,0.07971626794,0.05237174031,0,0,0,1,,22750
S08-rural-road,errra-no-rolling,100016,270724.1694,189133.6,4113.469412,15100,62377.1,0.9824241185,0.9992747667,0.9906308557,0.9875930521,0.979271139,0.009369144285,15,572,0,0.08728663862,0.05123282929,0,0,0,1,,23345
S08-rural-road,errra-no-rolling,100017,278547.2944,195508.8,4257.949412,15000,63780.545,0.9820684797,0.9988712257,0.9856028794,0.9807228916,0.979129079,0.01439712058,24,629,0,0.1361611535,0.05073196129,0,0,0,1,,22895
S08-rural-road,errra-no-rolling,100018,275601.8564,193034.3,4161.786353,15050,63355.77,0.9823756452,0.9987156923,0.9833538841,0.9779411765,0.9793431249,0.01664611591,27,556,0,0.1508901871,0.04879636662,0,0,0,1,,24330
S08-rural-road,errra-no-rolling,100019,274274.2536,191930.1,4112.518588,14925,63306.635,0.9801585448,0.9986555267,0.9829164124,0.9781021898,0.9773746433,0.01708358755,28,706,0,0.1485350733,0.05787350683,0,0,0,1,,26080
S08-rural-road,errra-no-rolling,100020,275998.5881,193205.2,4122.103059,15100,63571.285,0.9817919344,0.9989986649,0.9871086556,0.9828571429,0.9789308879,0.01289134438,21,698,0,0.1186534279,0.05838067741,0,0,0,1,,23730
S08-rural-road,errra-no-rolling,100021,273104.3606,190748.2,4130.050588,15050,63176.11,0.9821035371,0.9985977467,0.9821538462,0.9762684124,0.9782652445,0.01784615385,29,594,0,0.1667965265,0.0511751386,0,0,0,1,,23195
S08-rural-road,errra-no-rolling,100022,276859.0556,193218.2,4160.345647,14975,64505.51,0.9811750231,0.9990018063,0.9869646182,0.9833887043,0.9780040733,0.01303538175,21,644,0,0.1123652219,0.05505998154,0,0,0,1,,24770
S08-rural-road,errra-no-rolling,100023,278170.2652,194497.1,4171.245176,15050,64451.92,0.9816453169,0.9988228647,0.9847374847,0.9798061389,0.9779957641,0.01526251526,25,689,0,0.1466531317,0.05443430713,0,0,0,1,,27790
S08-rural-road,errra-no-rolling,100024,276895.9908,193182.8,4186.435765,14925,64601.755,0.9820541308,0.9988151659,0.984857662,0.9814665592,0.9787929325,0.01514233798,25,635,0,0.1331700864,0.05386846897,0,0,0,1,,24670
S08-rural-road,errra-no-rolling,100025,275479.7666,192100.8,4133.506588,15000,64245.46,0.9825715174,0.9980038023,0.9738643435,0.9654320988,0.9781803211,0.0261356565,42,584,0,0.2337762292,0.05189676617,0,0,0,1,,26060
S08-rural-road,errra-no-rolling,100026,270488.8438,189030.1,4075.658824,14975,62408.085,0.9811087906,0.9986877278,0.9833846154,0.9779411765,0.976952886,0.01661538462,27,534,0,0.1589554057,0.05246503386,0,0,0,1,,25350
S08-rural-road,errra-no-rolling,100027,277461.7909,194210.2,4140.580941,15100,64011.01,0.9813303831,0.9986274788,0.9816339455,0.9770408163,0.9786761439,0.01836605446,29,629,0,0.1558682266,0.05390371702,0,0,0,1,,24010
S08-rural-road,errra-no-rolling,100028,274549.4376,192201.1,4135.517647,15100,63112.82,0.9819278047,0.9995194387,0.9937421777,0.9916597164,0.9787552432,0.006257822278,10,572,0,0.05734912147,0.05120974652,0,0,0,1,,24140
S08-rural-road,errra-no-rolling,100029,274568.4452,191984.9,4082.560235,14950,63550.985,0.981429507,0.9991385087,0.9886721208,0.9849749583,0.9783481438,0.01132787917,18,632,0,0.1033072698,0.05611688028,0,0,0,1,,22880
S08-rural-road,errra-no-rolling,100030,271905.1141,190074.1,4079.834118,14875,62876.18,0.9849642941,0.9989370954,0.9860847565,0.9816360601,0.9779925956,0.01391524352,22,449,0,0.1225037303,0.0363179785,0,0,0,1,,19760
S08-rural-road,errra-no-rolling,100031,275283.1436,192537.3,4094.993647,14925,63725.85,0.9807177041,0.999620169,0.9950950337,0.9942622951,0.9776344278,0.004904966278,8,691,0,0.03757307213,0.06051078724,0,0,0,1,,23055
S08-rural-road,errra-no-rolling,100032,274442.1699,191410.5,4115.824941,14900,64015.845,0.9788502835,0.9990975587,0.9883507051,0.985915493,0.9753274376,0.01164929491,19,739,0,0.09355526269,0.06891810471,0,0,0,1,,26730
S08-rural-road,errra-no-rolling,100033,271180.397,190045.4,4097.172,15050,61987.825,0.9795591308,0.9992262308,0.9899180844,0.9865319865,0.9768190599,0.01008191556,16,682,0,0.0993821414,0.06382076139,0,0,0,1,,27010
S08-rural-road,errra-no-rolling,100034,274499.9064,191569.1,4152.361412,14925,63853.445,0.9808648884,0.9993772455,0.9919852035,0.9893964111,0.9778563496,0.008014796547,13,675,0,0.07306835473,0.05560218865,0,0,0,1,,25555
S08-rural-road,errra-no-rolling,100035,270801.3511,188983.3,4007.486118,14750,63060.565,0.9801166282,0.9986930636,0.9829329962,0.9797125951,0.976119672,0.01706700379,27,462,0,0.1374700126,0.04921331007,0,0,0,1,,26525
S08-rural-road,errra-no-rolling,100036,272514.3609,191202,4147.900941,14975,62189.46,0.982333098,0.9998064641,0.9975293391,0.9974958264,0.9778037651,0.002470660902,4,538,0,0.01803388375,0.04829371617,0,0,0,1,,19795
S08-rural-road,errra-no-rolling,100037,274283.8922,190894.3,4069.072235,14775,64545.52,0.9800970347,0.9986197706,0.9817839196,0.9773299748,0.9737005591,0.0182160804,29,669,0,0.1481558184,0.05953838761,0,0,0,1,,25430
S08-rural-road,errra-no-rolling,100038,277811.3404,194345.1,4167.925412,15200,64098.315,0.9834523387,0.9993808344,0.9919254658,0.9900826446,0.9800543564,0.008074534161,13,541,0,0.07009265151,0.0442607529,0,0,0,1,,20490
S08-rural-road,errra-no-rolling,100039,275415.5777,192260.2,4136.352706,15100,63919.025,0.9798890108,0.9986166762,0.9821648216,0.9771054783,0.9768584703,0.01783517835,29,666,0,0.1584784089,0.05830795628,0,0,0,1,,26180
S08-rural-road,errra-no-rolling,100040,274629.7437,191976.8,4155.828706,15075,63422.115,0.9821977439,0.9989387873,0.9861809045,0.9816207185,0.9794223662,0.01381909548,22,628,0,0.1326506676,0.05056714462,0,0,0,1,,24100
S08-rural-road,errra-no-rolling,100041,271250.2228,189114.5,4040.762824,14950,63144.96,0.981693688,0.9985909334,0.9819987585,0.9769167354,0.9764170459,0.01800124146,29,619,0,0.161112606,0.05414764678,0,0,0,1,,23725
S08-rural-road,errra-no-rolling,100042,276346.443,193447.5,4213.848,15175,63510.095,0.98230774,0.9989992375,0.987202925,0.9860769861,0.9794225627,0.01279707495,21,603,0,0.09266324423,0.05312325711,0,0,0,1,,23650
S08-rural-road,errra-no-rolling,100043,276917.8897,193546.7,4167.864706,15100,64103.325,0.9840911201,0.999283907,0.9907521578,0.9909390445,0.9808742555,0.00924784217,15,556,0,0.06140621929,0.04535887833,0,0,0,1,,20360
S08-rural-road,errra-no-rolling,100044,267298.2707,187160.9,4080.240706,14950,61107.13,0.9817385767,0.999511337,0.9938157081,0.9917559769,0.9781559032,0.006184291899,10,603,0,0.05733163842,0.05362203471,0,0,0,1,,22130
S08-rural-road,errra-no-rolling,100045,276347.6015,193595.8,4172.516471,15100,63479.285,0.9827166204,0.9986285822,0.9822738386,0.9780309194,0.9782917427,0.01772616137,29,565,1,0.1544244124,0.04941412273,0,0,0,1,,24305
S08-rural-road,errra-no-rolling,100046,274004.3045,191838.7,4133.384471,14925,63107.22,0.9800021737,0.998901781,0.9857936998,0.9811783961,0.9772237197,0.01420630019,23,699,0,0.1311600108,0.05957426988,0,0,0,1,,27540
S08-rural-road,errra-no-rolling,100047,273901.4725,191535.7,4125.147529,15000,63240.625,0.9787237357,0.9985637687,0.9814471243,0.9752679308,0.9758924117,0.0185528757,30,738,0,0.1712536915,0.0660405277,0,0,0,1,,28940
S08-rural-road,errra-no-rolling,100048,274819.9369,192199.7,4145.716941,15050,63424.52,0.9835720303,0.9983645984,0.9789343247,0.9726821192,0.9708816942,0.02106567534,34,547,0,0.1929470524,0.04714655683,0,0,0,1,,23355
S08-rural-road,errra-no-rolling,100049,281033.309,196563.3,4200.324,15300,64969.685,0.9819981724,0.9988740852,0.9848771267,0.9816053512,0.9781308026,0.01512287335,24,568,0,0.1238839766,0.04681693573,0,0,0,1,,24600
S08-rural-road,errra-no-rolling,100050,272435.5031,190255.6,4111.843059,14975,63093.06,0.9837408621,0.9992739593,0.990403071,0.987244898,0.9806806463,0.009596928983,15,522,0,0.0855595428,0.04447630451,0,0,0,1,,21850
S08-rural-road,errra-no-rolling,100051,277369.6439,194932.8,4144.113882,15175,63117.73,0.9833096371,0.9990951519,0.9879057925,0.983911939,0.9805202092,0.01209420751,19,536,0,0.1161538322,0.04461581257,0,0,0,1,,22175
S08-rural-road,errra-no-rolling,100052,277197.7191,193719.6,4159.819059,15175,64143.3,0.9828616425,0.9987716729,0.9841463415,0.9805352798,0.97991479,0.01585365854,26,481,0,0.1333279706,0.04435900999,0,0,0,1,,23845
S08-rural-road,errra-no-rolling,100053,273031.8445,191237.2,4130.199529,15050,62614.445,0.9807776527,0.9991811175,0.9894212819,0.9860197368,0.9768605665,0.01057871811,17,603,0,0.1013007635,0.05305305305,0,0,0,1,,27110
S08-rural-road,errra-no-rolling,100054,276391.3529,193109.9,4114.192941,14975,64192.26,0.9821582911,0.9994791667,0.9932885906,0.9918433931,0.9792989727,0.006711409396,11,713,0,0.0533578085,0.05732189159,0,0,0,1,,22840
S08-rural-road,errra-no-rolling,100055,276309.6475,193892.4,4149.387529,15150,63117.86,0.984829994,0.998997709,0.9869321717,0.9858803987,0.9754901961,0.01306782825,21,412,0,0.09223395847,0.03659648093,0,0,0,1,,20095
S08-rural-road,errra-no-rolling,100056,277567.0829,194006.2,4156.017882,15125,64279.865,0.9833747933,0.9989996189,0.986632718,0.9824120603,0.9805609241,0.01336728199,21,615,3,0.1198118421,0.04723350999,0,0,0,1,,20900
S08-rural-road,errra-no-rolling,100057,277926.7463,194156.4,4167.191294,14950,64653.155,0.9836224694,0.9992396521,0.9902971498,0.9879518072,0.980731029,0.009702850212,16,530,0,0.08687746811,0.04480325394,0,0,0,1,,20910
S08-rural-road,errra-no-rolling,100058,277056.9675,193221.9,4081.772471,15000,64753.295,0.9857524624,0.9986804279,0.9828115408,0.9786710418,0.975923281,0.01718845918,28,500,0,0.1463856871,0.03669542643,0,0,0,1,,22835
S08-rural-road,errra-no-rolling,100059,278566.3068,195498.7,4155.691765,15125,63786.915,0.9840177411,0.9985890984,0.9812265332,0.976744186,0.9762732665,0.01877346683,30,532,0,0.1487097785,0.04606561138,0,0,0,1,,22750
S08-rural-road,errra-no-rolling,100060,276087.0948,193750.8,4209.374824,15075,63051.92,0.981995149,0.998898942,0.9862686567,0.9818037975,0.9789817203,0.01373134328,23,636,0,0.1300928005,0.05163567386,0,0,0,1,,23720
S08-rural-road,errra-no-rolling,100061,277476.4052,193465,4121.085176,15225,64665.32,0.979748238,0.9993334286,0.9911616162,0.9890202703,0.975871433,0.008838383838,14,618,0,0.07513800097,0.05681573359,0,0,0,1,,23610
S08-rural-road,errra-no-rolling,100062,270190.2394,188407.2,4107.834353,15050,62625.205,0.9817697245,0.9991720242,0.9894080997,0.9866666667,0.9789683723,0.01059190031,17,617,0,0.08541780468,0.05314535333,0,0,0,1,,23320
S08-rural-road,errra-no-rolling,100063,276491.495,193898.4,4124.52,15175,63293.575,0.9840147318,0.998432304,0.9799635701,0.9732793522,0.9804789696,0.02003642987,33,523,0,0.1855916511,0.04633097088,0,0,0,1,,21930
S08-rural-road,errra-no-rolling,100064,278322.3998,194569.1,4199.119765,15075,64479.18,0.9818195742,0.9986768736,0.9831528279,0.9775461107,0.9784723614,0.01684717208,28,666,0,0.1635092626,0.05325470976,0,0,0,1,,26040
S08-rural-road,errra-no-rolling,100065,273966.2935,190839.1,4135.623529,14775,64216.57,0.9832547023,0.9986144952,0.9821208385,0.9768976898,0.979583586,0.01787916153,29,597,0,0.1583943009,0.04956856416,0,0,0,1,,23070
S08-rural-road,errra-no-rolling,100066,274255.5815,191696.9,4077.416471,15025,63456.265,0.9845364032,0.9988038278,0.984857662,0.9814066289,0.9807536467,0.01514233798,25,506,0,0.1267261862,0.04369943995,0,0,0,1,,20540
S08-rural-road,errra-no-rolling,100067,277557.0498,192844.8,4090.819765,15025,65596.43,0.9800535187,0.9989036656,0.9854338189,0.9807531381,0.9763130793,0.01456618113,23,669,0,0.1398609866,0.05628690945,0,0,0,1,,26190
S08-rural-road,errra-no-rolling,100068,275190.1943,192673.5,4147.259294,15025,63344.435,0.983120664,0.9988531014,0.9850931677,0.9834299917,0.9800285307,0.0149068323,24,598,0,0.1078041614,0.05166005946,0,0,0,1,,22670
S08-rural-road,errra-no-rolling,100069,272835.3591,191108.6,4112.179059,14825,62789.58,0.9831834546,0.9990873721,0.988147224,0.9857621441,0.9802686913,0.01185277604,19,563,0,0.09435918704,0.04817418138,0,0,0,1,,21940
S08-rural-road,errra-no-rolling,100070,273664.9875,191124.2,4070.732471,14975,63495.055,0.9824317003,0.9993303358,0.9913205208,0.9884297521,0.9788988385,0.008679479231,14,571,2,0.0820249945,0.04962464206,0,0,0,1,,22105
S08-rural-road,errra-no-rolling,100071,273780.0857,191244.6,4129.500706,14900,63505.985,0.9796230658,0.9989911122,0.9869565217,0.9849874896,0.9765339664,0.01304347826,21,684,0,0.1020447455,0.06049060787,0,0,0,1,,25820
S08-rural-road,errra-no-rolling,100072,279094.3859,195542.4,4147.300941,15175,64229.685,0.9808289126,0.9990564703,0.9875621891,0.9842323651,0.9773496199,0.01243781095,20,610,0,0.1074697367,0.05364541132,0,0,0,1,,25580
S08-rural-road,errra-no-rolling,100073,271743.2354,189446.2,4093.045412,14975,63228.99,0.98258434,0.9992245432,0.99,0.9866777685,0.9787234043,0.01,16,566,0,0.09089609341,0.04691118483,0,0,0,1,,21440
S08-rural-road,errra-no-rolling,100074,273633.9338,191579.4,4163.983765,15200,62690.55,0.9834068211,0.9992334228,0.9902080783,0.9885527392,0.976328987,0.009791921665,16,498,0,0.07973346537,0.04695947525,0,0,0,1,,20665
S08-rural-road,errra-no-rolling,100075,275633.2554,192584.4,4188.150353,15050,63810.705,0.9829608939,0.9983730501,0.9794809897,0.9734513274,0.9794385132,0.02051901026,34,526,7,0.188934008,0.04616697703,0,0,0,1,,23755
S08-rural-road,errra-no-rolling,100076,275781.9794,192030.2,4079.929412,15075,64596.85,0.9821114962,0.9993345375,0.9911280101,0.9882845188,0.9795795394,0.008871989861,14,676,0,0.07886345699,0.05453584695,0,0,0,1,,21355
S08-rural-road,errra-no-rolling,100077,275732.9455,193134.5,4128.980471,15075,63394.465,0.9791364016,0.9988073657,0.984423676,0.9800995025,0.9694170772,0.01557632399,25,659,0,0.1389195069,0.05990170927,0,0,0,1,,29180
S08-rural-road,errra-no-rolling,100078,276040.8266,193069.9,4182.521647,15100,63688.405,0.9834389154,0.9989504318,0.9864448552,0.9844517185,0.9808522237,0.01355514479,22,550,0,0.1037042245,0.04669478731,0,0,0,1,,20195
S08-rural-road,errra-no-rolling,100079,279101.3249,195731.7,4187.944941,15025,64156.68,0.9821584319,0.9991553261,0.988997555,0.9862012987,0.9790457626,0.01100244499,18,608,0,0.09179789726,0.05052560709,0,0,0,1,,22670
S08-rural-road,errra-no-rolling,100080,278493.6934,194586.8,4174.698353,15150,64582.195,0.9825813996,0.9988627748,0.9851208927,0.9802469136,0.9794486777,0.01487910725,24,580,0,0.1355862082,0.05142487844,0,0,0,1,,22970
S08-rural-road,errra-no-rolling,100081,273802.0635,191313.6,4164.428471,15075,63249.035,0.9798860944,0.9985003145,0.9807093964,0.9744435284,0.9759884414,0.01929060361,31,658,0,0.174489181,0.06013775358,0,0,0,1,,25340
S08-rural-road,errra-no-rolling,100082,276775.5331,194253.2,4159.003059,15050,63313.33,0.9829036005,0.9984310369,0.9800724638,0.9740470397,0.9801656593,0.01992753623,33,652,0,0.1783794644,0.05046844754,0,0,0,1,,23875
S08-rural-road,errra-no-rolling,100083,276992.5697,193247.5,4156.824706,15225,64363.245,0.9818086111,0.9986663491,0.9831325301,0.9773828756,0.978609145,0.01686746988,28,587,8,0.1565396516,0.04912449103,0,0,0,1,,23110
S08-rural-road,errra-no-rolling,100084,270601.3626,189136.5,4107.557647,14925,62432.305,0.9796096063,0.9986849155,0.9834660135,0.9779771615,0.9768075768,0.01653398653,27,621,0,0.1558474073,0.05707093894,0,0,0,1,,27420
S08-rural-road,errra-no-rolling,100085,274501.7886,191813,4137.778588,14900,63651.01,0.9820866355,0.9987576453,0.984280532,0.9788445891,0.9792075236,0.01571946796,26,652,0,0.1521798852,0.05414333793,0,0,0,1,,22870
S08-rural-road,errra-no-rolling,100086,273958.6866,191659.1,4133.806588,14975,63190.78,0.9821213152,0.9981352204,0.9763349515,0.9684975767,0.9756244964,0.02366504854,39,598,0,0.2185919836,0.05009434254,0,0,0,1,,26455
S08-rural-road,errra-no-rolling,100087,275306.2579,192573.9,4136.037882,15050,63546.32,0.9833462552,0.9991415081,0.988997555,0.9862903226,0.9796175762,0.01100244499,18,501,0,0.10243813,0.04439447976,0,0,0,1,,20740
S08-rural-road,errra-no-rolling,100088,276588.1336,193812.8,4116.473647,15125,63533.86,0.9806169429,0.9991993218,0.9894932015,0.9884297521,0.9771741762,0.01050679852,17,560,0,0.07735621207,0.05242480049,0,0,0,1,,25860
S08-rural-road,errra-no-rolling,100089,278082.2708,194722.1,4123.435765,15025,64211.735,0.9843140256,0.9995765503,0.9943467337,0.9925062448,0.9799631977,0.005653266332,9,569,0,0.05010054605,0.04358405387,0,0,0,1,,19780
S08-rural-road,errra-no-rolling,100090,271758.3783,189093.5,4095.983294,14925,63643.895,0.9827884313,0.9986912264,0.9832713755,0.9775747508,0.9771475209,0.01672862454,27,523,0,0.1554155589,0.04599182647,0,0,0,1,,22545
S08-rural-road,errra-no-rolling,100091,277176.3243,193332.2,4079.159294,15000,64764.965,0.9825690616,0.9992856463,0.9905601007,0.9883040936,0.9794227745,0.009439899308,15,586,2,0.08043918245,0.04938252595,0,0,0,1,,21205
S08-rural-road,errra-no-rolling,100092,272324.3067,189880.8,4092.336706,15050,63301.17,0.9797612137,0.9989368899,0.9861111111,0.9832073887,0.9732565316,0.01388888889,22,629,0,0.1141537664,0.05745305072,0,0,0,1,,26720
S08-rural-road,errra-no-rolling,100093,277365.5332,194128.2,4098.753176,15050,64088.58,0.9840410811,0.998910727,0.98561601,0.9816971714,0.9782067248,0.01438398999,23,566,0,0.1272836866,0.04269548907,0,0,0,1,,22140
S08-rural-road,errra-no-rolling,100094,276822.0682,193473.3,4120.653176,14950,64278.115,0.9812821857,0.9989550679,0.9859783301,0.9823083404,0.9788304432,0.01402166985,22,597,0,0.1162694175,0.05137377039,0,0,0,1,,23710
S08-rural-road,errra-no-rolling,100095,271121.5281,188898.9,4069.298118,14975,63178.33,0.9777991214,0.9986388605,0.982630273,0.9769926048,0.9739719734,0.01736972705,28,661,0,0.1601301887,0.06589409709,0,0,0,1,,28725
S08-rural-road,errra-no-rolling,100096,274197.8245,191478.7,4150.664471,15175,63393.46,0.9824011534,0.9994197011,0.9927272727,0.9903069467,0.9785853045,0.007272727273,12,524,0,0.06957147721,0.04743696228,0,0,0,1,,20720
S08-rural-road,errra-no-rolling,100097,275682.8626,192775.2,4133.902588,14975,63798.76,0.9801891319,0.9987112172,0.9834558824,0.9787408013,0.9768558854,0.01654411765,27,688,0,0.1456977254,0.06009812571,0,0,0,1,,25980
S08-rural-road,errra-no-rolling,100098,274476.6853,191883.7,4160.675294,15175,63257.31,0.982741433,0.998987122,0.9871165644,0.984375,0.9805076142,0.01288343558,21,618,0,0.1091600698,0.05074766355,0,0,0,1,,21490
S08-rural-road,errra-no-rolling,100099,278460.734,195272.7,4175.544,15200,63812.49,0.9829766985,0.9993863583,0.9920731707,0.9901477833,0.9805669817,0.007926829268,13,596,0,0.06467074351,0.04740122187,0,0,0,1,,22075
S08-rural-road,errra-no-rolling,100100,272127.4684,190477.8,4167.793412,15100,62381.875,0.9814893584,0.999124045,0.9888198758,0.9858451291,0.9775394577,0.01118012422,18,538,0,0.09331837867,0.05030168407,0,0,0,1,,24840
S08-rural-road,errra-no-essential-priority,100001,281129.9148,194445.2,4238.654824,18750,63696.06,0.9985798743,0.9997630107,0.9969325153,0.9975308642,0.9906807131,0.003067484663,5,28,0,0.01589724944,0.002099316179,0,0,0,1,,3045
S08-rural-road,errra-no-essential-priority,100002,278062.9929,190847.9,4155.417882,20450,62609.675,0.9987779658,1,1,1,0.9928278689,0,0,23,0,0,0.001864385536,0,0,0,1,,1885
S08-rural-road,errra-no-essential-priority,100003,278151.1211,191290.4,4210.231059,20350,62300.49,0.9984974645,0.9993728593,0.9919901417,0.9917763158,0.9905031319,0.008009858287,13,19,0,0.05447053918,0.001925123646,0,0,0,1,,3910
S08-rural-road,errra-no-essential-priority,100004,281070.5121,193624.3,4238.587059,19200,64007.625,0.9990699261,0.9999521783,0.9993777225,0.9991673605,0.9932168551,0.0006222775358,1,28,0,0.00641025641,0.001271101053,0,0,0,1,,1145
S08-rural-road,errra-no-essential-priority,100005,283235.3473,195249.6,4220.207294,18650,65115.54,0.9992322457,0.9999525301,0.9993950393,0.9991974318,0.9959983994,0.0006049606776,1,13,0,0.005208333333,0.0009980806142,0,0,0,1,,940
S08-rural-road,errra-no-essential-priority,100006,279803.8534,191719,4155.673412,20550,63379.18,0.9990215872,0.9996190113,0.9950433705,0.9958609272,0.9917813848,0.004956629492,8,25,0,0.026267395,0.001521975462,0,0,0,1,,2410
S08-rural-road,errra-no-essential-priority,100007,281171.1222,194036.1,4205.032235,19250,63679.99,0.998761974,0.9995714082,0.9944954128,0.9926710098,0.9908888439,0.005504587156,9,24,0,0.05066489362,0.002011792197,0,0,0,1,,3405
S08-rural-road,errra-no-essential-priority,100008,279516.5776,192771.2,4136.897647,19100,63508.48,0.998994384,0.9998087863,0.9974391805,0.9982817869,0.9922900604,0.002560819462,4,19,0,0.01045637196,0.00134597831,0,0,0,1,,2065
S08-rural-road,errra-no-essential-priority,100009,280312.5664,192761.8,4182.606353,19225,64143.16,0.9991349481,0.9990917348,0.9888059701,0.9866888519,0.9928702383,0.01119402985,19,18,0,0.09828647966,0.001173999011,0,0,0,1,,3405
S08-rural-road,errra-no-essential-priority,100010,284647.2515,195738.5,4196.091529,19775,64937.66,0.9988225219,0.9995294118,0.9938912645,0.9927184466,0.9927051672,0.006108735492,10,23,0,0.05028378653,0.001498608435,0,0,0,1,,2560
S08-rural-road,errra-no-essential-priority,100011,279132.6701,192720.2,4159.250118,19575,62678.22,0.9988721098,0.9993241286,0.9912554653,0.9883333333,0.990394441,0.008744534666,14,22,0,0.08128607934,0.001691835328,0,0,0,1,,3410
S08-rural-road,errra-no-essential-priority,100012,278102.4489,191845.1,4152.088941,18900,63205.26,0.9990993929,0.9994265233,0.9927754365,0.9927710843,0.9931354735,0.007224563516,12,17,7,0.04530120036,0.001521715501,0,0,0,1,,2930
S08-rural-road,errra-no-essential-priority,100013,279475.2265,192946.4,4200.536471,19275,63053.29,0.9991446478,1,1,1,0.9910233393,0,0,31,0,0,0.001912878493,0,0,0,1,,1815
S08-rural-road,errra-no-essential-priority,100014,281783.1159,194315.4,4239.100941,19300,63928.615,0.9991249079,0.9998100845,0.997640118,0.9968528718,0.9943226312,0.002359882006,4,16,0,0.02272727273,0.001304961926,0,0,0,1,,2220
S08-rural-road,errra-no-essential-priority,100015,280476.6442,193190.4,4098.909176,19275,63912.335,0.9980964172,0.9998090965,0.9974160207,0.9982638889,0.991112992,0.002583979328,4,27,0,0.0110666225,0.003079780237,0,0,0,1,,2935
S08-rural-road,errra-no-essential-priority,100016,275030.0536,188583.3,4161.538588,20000,62285.215,0.9989300269,1,1,1,0.9949124949,0,0,26,0,0,0.001762308624,0,0,0,1,,1680
S08-rural-road,errra-no-essential-priority,100017,284157.8372,196589.4,4284.717176,19625,63658.72,0.9989434032,0.9998118709,0.9976004799,0.9967871486,0.9919068298,0.002399520096,4,26,0,0.02287581699,0.00157723876,0,0,0,1,,2290
S08-rural-road,errra-no-essential-priority,100018,279332.8439,192618.3,4157.073882,19275,63282.47,0.9988839459,0.9995243305,0.9938347719,0.9918300654,0.9920343137,0.006165228113,10,27,4,0.05516086826,0.001720583448,0,0,0,1,,2540
S08-rural-road,errra-no-essential-priority,100019,277508.0988,190754.3,4161.938824,19325,63266.86,0.9989876809,0.9996638817,0.9963392312,0.99594485,0.9926620465,0.003660768761,7,20,0,0.03221682357,0.001541839929,0,0,0,1,,2745
S08-rural-road,errra-no-essential-priority,100020,278125.3451,190954.7,4120.975059,19550,63499.67,0.998680575,0.9997615869,0.9987722529,0.9983673469,0.9928673324,0.001227747084,5,25,0,0.02962962963,0.00164540064,0,0,0,1,,2390
S08-rural-road,errra-no-essential-priority,100021,277067.3236,191098.7,4169.578588,18675,63124.045,0.9987194503,0.9993230501,0.9913846154,0.9885433715,0.9921513383,0.008615384615,14,20,0,0.0806654708,0.001920824549,0,0,0,1,,3395
S08-rural-road,errra-no-essential-priority,100022,281820.3592,194514.1,4215.604235,18700,64390.655,0.9987388496,0.9997623348,0.9968963377,0.9966777409,0.9908350305,0.003103662322,5,25,0,0.02184412968,0.00183020609,0,0,0,1,,2565
S08-rural-road,errra-no-essential-priority,100023,279190.6798,191731.4,4157.359765,18925,64376.92,0.9992473812,0.9999058292,0.9987789988,0.9983844911,0.9945410433,0.001221001221,2,21,0,0.01168478261,0.0009830123184,0,0,0,1,,1280
S08-rural-road,errra-no-essential-priority,100024,284055.5188,195157.3,4278.403765,20075,64544.815,0.9991821745,0.9996682464,0.9957601454,0.9959709911,0.9948145193,0.004239854634,7,13,0,0.0281376169,0.00126531494,0,0,0,1,,2180
S08-rural-road,errra-no-essential-priority,100025,280414.7368,192228.2,4140.811765,19850,64195.725,0.9987562189,0.9993821293,0.991910392,0.9893004115,0.9907369288,0.008089607965,13,24,0,0.07209851647,0.002036691542,0,0,0,1,,3505
S08-rural-road,errra-no-essential-priority,100026,272448.265,187048.7,4099.62,18925,62374.945,0.9987817227,0.999854192,0.9981538462,0.9975490196,0.9920456863,0.001846153846,3,22,0,0.01764705882,0.001866970445,0,0,0,1,,2495
S08-rural-road,errra-no-essential-priority,100027,282640.4332,194993.9,4179.208235,19575,63892.325,0.9981868191,0.9997633584,0.9968334389,0.9974489796,0.9894300518,0.003166561115,5,33,0,0.01707319718,0.002689039475,0,0,0,1,,2940
S08-rural-road,errra-no-essential-priority,100028,279481.8354,192281.3,4174.345412,20025,63001.19,0.999252185,0.9999519439,0.9993742178,0.9991659716,0.9946524064,0.0006257822278,1,21,0,0.005714285714,0.0009503482013,0,0,0,1,,1020
S08-rural-road,errra-no-essential-priority,100029,278768.9917,191865.7,4168.656706,19300,63434.635,0.9980353635,0.9997606969,0.9968533669,0.9958263773,0.9917372444,0.003146633103,5,24,0,0.02883949656,0.002744254218,0,0,0,1,,3280
S08-rural-road,errra-no-essential-priority,100030,276824.0594,190777.6,4159.134353,19075,62812.325,0.999136781,0.9998550585,0.9981024668,0.9974958264,0.9928013163,0.001897533207,3,26,0,0.01760052736,0.001208506631,0,0,0,1,,1340
S08-rural-road,errra-no-essential-priority,100031,277220.0681,190943.1,4120.178118,18550,63606.79,0.9986680502,0.9994777324,0.9932556714,0.9918032787,0.9903530378,0.006744328633,11,24,0,0.05424916031,0.001935973485,0,0,0,1,,3215
S08-rural-road,errra-no-essential-priority,100032,281120.643,193580.4,4214.028,19450,63876.215,0.9986404857,0.9997150185,0.9963212753,0.9966859983,0.9912761209,0.003678724709,6,24,0,0.02118700131,0.002271006813,0,0,0,1,,3505
S08-rural-road,errra-no-essential-priority,100033,276636.6908,190859.6,4171.970824,19725,61880.12,0.9988530488,0.9998549183,0.9981096408,0.9974747475,0.9905193735,0.001890359168,3,30,0,0.01891169301,0.001838264176,0,0,0,1,,2655
S08-rural-road,errra-no-essential-priority,100034,278813.8869,191754.6,4186.576941,19100,63772.71,0.9989585276,0.9999041916,0.9987669544,0.9983686786,0.9955671973,0.001233045623,2,17,0,0.01111111111,0.001274637816,0,0,0,1,,1385
S08-rural-road,errra-no-essential-priority,100035,276313.5451,189391.9,4075.615059,19850,62996.03,0.9984281919,0.9997579747,0.9968394437,0.9983093829,0.9920783823,0.003160556258,5,22,0,0.01067114048,0.001996196225,0,0,0,1,,2945
S08-rural-road,errra-no-essential-priority,100036,276227.0459,190444.3,4148.505882,19550,62084.24,0.9986820428,0.9997580801,0.9969116739,0.9966611018,0.9943605237,0.003088326127,5,18,0,0.02413144473,0.001694516357,0,0,0,1,,2045
S08-rural-road,errra-no-essential-priority,100037,280256.1274,192292.7,4131.937412,19375,64456.49,0.9989614496,0.9999048118,0.9987437186,1,0.9944087803,0.001256281407,2,20,8,0,0.001348565405,0,0,0,1,,1385
S08-rural-road,errra-no-essential-priority,100038,281745.7121,193976,4208.402118,19550,64011.31,0.9991826411,0.9999523719,0.999378882,1,0.9932196425,0.0006211180124,1,19,0,0,0.0013262804,0,0,0,1,,1590
S08-rural-road,errra-no-essential-priority,100039,280208.8278,192127,4165.742824,20100,63816.085,0.9987324357,0.9995706926,0.9944649446,0.9934587081,0.9936837816,0.005535055351,9,16,0,0.04554428316,0.001623100586,0,0,0,1,,2775
S08-rural-road,errra-no-essential-priority,100040,278035.4861,191058.8,4176.871059,19500,63299.815,0.999188679,0.9996141045,0.9949748744,0.9933166249,0.9938182567,0.005025125628,8,18,0,0.04793170336,0.001263788557,0,0,0,1,,1860
S08-rural-road,errra-no-essential-priority,100041,274394.6371,188441.6,4061.767059,18825,63066.27,0.9983944593,0.999514115,0.9962756052,0.9958779885,0.9873810509,0.003724394786,10,35,0,0.0530427333,0.002565716984,0,0,0,1,,3760
S08-rural-road,errra-no-essential-priority,100042,280778.6586,193083,4203.658588,20100,63392,0.9993803061,0.9993804804,0.9920780012,0.9926289926,0.9929577465,0.007921998781,13,18,0,0.04530934743,0.001177418355,0,0,0,1,,2520
S08-rural-road,errra-no-essential-priority,100043,280795.0226,193546.2,4152.617647,19075,64021.205,0.9987155282,0.9998090419,0.9975339088,1,0.9930399181,0.002466091245,4,20,0,0,0.001795165434,0,0,0,1,,2115
S08-rural-road,errra-no-essential-priority,100044,273075.5603,188647.2,4157.975294,19275,60995.385,0.9983123706,0.9997068022,0.9962894249,0.9950535862,0.9912814274,0.003710575139,6,32,0,0.03512871601,0.002340391657,0,0,0,1,,3170
S08-rural-road,errra-no-essential-priority,100045,280447.6245,193401.2,4217.864471,19450,63378.56,0.9989824237,0.9997162584,0.9963325183,0.9967453214,0.9914790018,0.003667481663,6,31,0,0.02231379522,0.001510946654,0,0,0,1,,2075
S08-rural-road,errra-no-essential-priority,100046,279332.0206,191911.6,4135.745647,20275,63009.675,0.9989286879,0.9999522513,0.9993823348,0.9991816694,0.9947218839,0.0006176652254,1,28,0,0.005952380952,0.001816572733,0,0,0,1,,1555
S08-rural-road,errra-no-essential-priority,100047,277717.8651,190735.6,4137.055059,19700,63145.21,0.9992835226,0.9999042512,0.9987631416,0.9983511954,0.9933008526,0.00123685838,2,22,0,0.01086956522,0.001137018519,0,0,0,1,,1125
S08-rural-road,errra-no-essential-priority,100048,280029.5423,192562.2,4240.187294,19900,63327.155,0.9987519111,0.9995189995,0.9938042131,0.9925496689,0.9902260232,0.006195786865,10,28,0,0.05291566547,0.001794127742,0,0,0,1,,3100
S08-rural-road,errra-no-essential-priority,100049,285535.9388,196822.7,4251.703765,19575,64886.535,0.9992537313,0.9998123475,0.9981096408,0.9991638796,0.9942232309,0.001890359168,4,19,0,0.01027079905,0.0009747182455,0,0,0,1,,1330
S08-rural-road,errra-no-essential-priority,100050,276719.8999,190568.6,4134.844941,19000,63016.455,0.9991649861,0.9997095837,0.9961612284,0.9948979592,0.995252838,0.003838771593,6,14,0,0.0358305275,0.001008318629,0,0,0,1,,1825
S08-rural-road,errra-no-essential-priority,100051,278803.7906,192311.6,4164.310588,19250,63077.88,0.9991963899,0.9999047528,0.9987269255,0.9983065199,0.994801414,0.001273074475,2,11,0,0.01226993865,0.001035420659,0,0,0,1,,1655
S08-rural-road,errra-no-essential-priority,100052,281354.2978,193833.1,4188.667765,19250,64082.53,0.9990272824,0.9996692965,0.9957317073,0.99594485,0.9945222155,0.004268292683,7,19,0,0.02726253808,0.001281516822,0,0,0,1,,1945
S08-rural-road,errra-no-essential-priority,100053,276881.1946,191812.8,4195.834588,18350,62522.56,0.9983420921,0.9994219653,0.9925326696,0.9901315789,0.9895662848,0.007467330429,12,31,0,0.07106743401,0.002611986987,0,0,0,1,,3375
S08-rural-road,errra-no-essential-priority,100054,280485.8634,192850.7,4174.213412,19425,64035.95,0.9989813557,0.9996685606,0.9957291031,0.9951060359,0.9895330113,0.004270896888,7,27,0,0.03056542004,0.001636004445,0,0,0,1,,2980
S08-rural-road,errra-no-essential-priority,100055,280271.3766,194133,4210.481647,18900,63027.895,0.9988722908,0.9991886216,0.9894212819,0.9892026578,0.9899918301,0.01057871811,17,26,0,0.0713143388,0.001714735915,0,0,0,1,,3445
S08-rural-road,errra-no-essential-priority,100056,282273.8979,194397.8,4193.452941,19500,64182.645,0.9991038457,0.9992378049,0.9898154042,0.986599665,0.9887546855,0.0101845958,16,28,0,0.09099848988,0.001684151975,0,0,0,1,,3470
S08-rural-road,errra-no-essential-priority,100057,281644.4911,193451,4181.551059,19450,64561.94,0.9989215173,0.9999524783,0.9993935719,1,0.991458085,0.0006064281383,1,40,0,0,0.001771793055,0,0,0,1,,1240
S08-rural-road,errra-no-essential-priority,100058,282364.1069,194404.2,4144.636941,19150,64665.27,0.9988699702,0.9997172346,0.9963167587,0.9967186218,0.9895939604,0.003683241252,6,25,0,0.0216290017,0.001908834084,0,0,0,1,,2635
S08-rural-road,errra-no-essential-priority,100059,282289.3812,195613.9,4185.261176,18775,63715.22,0.9987611838,0.9997648497,0.9968710889,0.9975083056,0.9907956637,0.003128911139,5,33,0,0.01539101695,0.00165175499,0,0,0,1,,2440
S08-rural-road,errra-no-essential-priority,100060,279581.0624,191694.8,4243.302353,20700,62942.96,0.9987561416,0.9996170233,0.9952238806,0.9936708861,0.9917571371,0.004776119403,8,20,0,0.04511881824,0.00178804652,0,0,0,1,,2775
S08-rural-road,errra-no-essential-priority,100061,283081.6084,195119.9,4194.318353,19225,64542.39,0.998753501,0.9998571633,0.9981060606,0.9983108108,0.9892495348,0.001893939394,3,26,0,0.01141537311,0.002215998276,0,0,0,1,,2555
S08-rural-road,errra-no-essential-priority,100062,277042.8355,190012.4,4153.820471,20375,62501.615,0.9981864345,0.9995616598,0.9943925234,0.9933333333,0.9881269191,0.005607476636,9,32,11,0.04253906161,0.002649382599,0,0,0,1,,3710
S08-rural-road,errra-no-essential-priority,100063,279366.2413,192959,4206.731294,18975,63225.51,0.9988394045,0.9997624703,0.9969641773,0.995951417,0.9911450996,0.003035822708,5,23,0,0.02819278822,0.001609359042,0,0,0,1,,2735
S08-rural-road,errra-no-essential-priority,100064,285087.4254,196155,4287.085412,20300,64345.34,0.9991422883,0.9993856913,0.9921780987,0.98957498,0.9946053946,0.007821901324,13,15,0,0.07523305031,0.001240618778,0,0,0,1,,2705
S08-rural-road,errra-no-essential-priority,100065,279469.871,191649.5,4174.536,19475,64170.835,0.9989757279,0.9997611199,0.9969173859,0.99669967,0.9929250051,0.003082614057,5,17,0,0.02237589828,0.001474331119,0,0,0,1,,2215
S08-rural-road,errra-no-essential-priority,100066,276288.9028,190244.2,4101.122824,18525,63418.58,0.9985687617,0.9998564593,0.9981829194,0.9991915926,0.9955429498,0.001817080557,3,24,0,0.005075132784,0.001757934039,0,0,0,1,,1785
S08-rural-road,errra-no-essential-priority,100067,282752.2658,193846.2,4181.635765,19250,65474.43,0.9986466535,0.9998569999,0.9981000633,0.9974895397,0.9905252317,0.001899936669,3,31,0,0.01679116189,0.001968503937,0,0,0,1,,2000
S08-rural-road,errra-no-essential-priority,100068,280533.9123,192549.1,4174.067294,20600,63210.745,0.9989779485,0.9997610628,0.9968944099,0.9991714996,0.9910332179,0.003105590062,5,29,0,0.004646513174,0.001656962339,0,0,0,1,,1995
S08-rural-road,errra-no-essential-priority,100069,277374.8058,191967.9,4163.030824,18550,62693.875,0.998831102,0.9999039339,0.9987523394,1,0.9919819079,0.001247660636,2,27,0,0,0.001761139598,0,0,0,1,,1835
S08-rural-road,errra-no-essential-priority,100070,279123.512,192463.5,4124.172,19175,63360.84,0.9993653742,0.9998565005,0.9981401116,0.9975206612,0.9938411004,0.001859888407,3,19,3,0.01751307459,0.0009441993654,0,0,0,1,,1845
S08-rural-road,errra-no-essential-priority,100071,278078.707,191553.5,4209.072,18900,63416.135,0.9990631295,0.9995676195,0.9944099379,0.9949958299,0.9922258592,0.005590062112,9,16,0,0.03173185541,0.001670752463,0,0,0,1,,2830
S08-rural-road,errra-no-essential-priority,100072,281907.5667,193724.1,4178.976706,19875,64129.49,0.9984864931,0.9999528235,0.9993781095,1,0.9924350848,0.0006218905473,1,28,0,0,0.002186176637,0,0,0,1,,1840
S08-rural-road,errra-no-essential-priority,100073,276893.8864,190264.5,4147.566353,19350,63131.82,0.9991706829,1,1,1,0.9937183384,0,0,20,0,0,0.001314389435,0,0,0,1,,960
S08-rural-road,errra-no-essential-priority,100074,278713.3652,192618.9,4214.385176,19250,62630.08,0.9988937881,0.9996646225,0.9957160343,0.9959116926,0.9913741224,0.004283965728,7,20,0,0.02847605432,0.001900814858,0,0,0,1,,2560
S08-rural-road,errra-no-essential-priority,100075,280273.1346,193200.8,4253.909647,19100,63718.425,0.9984171322,0.999282228,0.9909474955,0.9887369268,0.9932779755,0.009052504526,15,22,0,0.07814068153,0.002296710118,0,0,0,1,,3830
S08-rural-road,errra-no-essential-priority,100076,279724.3203,191585,4114.235294,19525,64500.085,0.9986012464,0.999952467,0.9993662864,0.9991631799,0.9933319442,0.0006337135615,1,23,0,0.005524861878,0.001896088153,0,0,0,1,,2145
S08-rural-road,errra-no-essential-priority,100077,279292.8342,192114.8,4177.024235,19675,63326.01,0.9983772757,0.999618357,0.9950155763,0.9941956882,0.98727422,0.004984423676,8,41,6,0.04139312388,0.002596358916,0,0,0,1,,3040
S08-rural-road,errra-no-essential-priority,100078,278918.3881,191584.8,4191.103059,19525,63617.485,0.9989415848,0.9998091694,0.9975354282,0.9991816694,0.9912973082,0.002464571781,4,19,0,0.004848971437,0.001447538406,0,0,0,1,,2220
S08-rural-road,errra-no-essential-priority,100079,282096.4899,194402.3,4177.029882,19425,64092.16,0.9990360045,0.999859221,0.9981662592,0.9983766234,0.9938987187,0.001833740831,3,22,0,0.01026071385,0.001300628892,0,0,0,1,,1625
S08-rural-road,errra-no-essential-priority,100080,282585.9286,195306.1,4219.073647,18550,64510.755,0.9989998154,0.9998578469,0.9981401116,0.9975308642,0.9934088568,0.001859888407,3,22,0,0.01685814186,0.001384871053,0,0,0,1,,1820
S08-rural-road,errra-no-essential-priority,100081,276171.1502,190117.6,4165.720235,18750,63137.83,0.9993253526,0.9998064922,0.9975108899,0.9967023908,0.9943285396,0.002489110143,4,23,0,0.02228567881,0.0009099894881,0,0,0,1,,1240
S08-rural-road,errra-no-essential-priority,100082,279788.6062,191834.7,4197.621176,20475,63281.285,0.9974758033,0.999572101,0.9945652174,0.9935117599,0.9941755373,0.005434782609,9,30,0,0.04460707803,0.003035230352,0,0,0,1,,3825
S08-rural-road,errra-no-essential-priority,100083,280190.3556,192142.5,4207.685647,19550,64290.17,0.9987304733,0.9995236961,0.9939759036,0.9919224556,0.9894021196,0.006024096386,10,31,0,0.05691573927,0.002182966667,0,0,0,1,,3790
S08-rural-road,errra-no-essential-priority,100084,276096.9899,189313.9,4197.484941,20325,62260.605,0.9982110912,0.9994642248,0.9987752603,0.9983686786,0.992559823,0.001224739743,11,27,0,0.0668426309,0.002390488705,0,0,0,1,,3290
S08-rural-road,errra-no-essential-priority,100085,280768.0393,193050.7,4217.879294,20000,63499.46,0.9991935109,0.9994743884,0.9933494559,0.9910496338,0.9930583102,0.006650544135,11,17,0,0.06431964645,0.001132186671,0,0,0,1,,2980
S08-rural-road,errra-no-essential-priority,100086,280213.3782,193448.9,4205.853176,19475,63083.625,0.9982832751,0.9993305919,0.9915048544,0.9886914378,0.9921434327,0.008495145631,14,22,0,0.07710708272,0.002335364533,0,0,0,1,,3665
S08-rural-road,errra-no-essential-priority,100087,278527.2409,192196.3,4195.060941,18700,63435.88,0.9989920918,0.999809224,0.9975550122,0.9975806452,0.9919077483,0.002444987775,4,32,0,0.01661238669,0.001581640564,0,0,0,1,,1515
S08-rural-road,errra-no-essential-priority,100088,281441.4178,193881.6,4162.507765,19975,63422.31,0.9986341314,0.9998587038,0.9981458591,1,0.9937004674,0.001854140915,3,21,0,0,0.001749539595,0,0,0,1,,2125
S08-rural-road,errra-no-essential-priority,100089,283442.3329,195717.8,4179.052941,19375,64170.48,0.9981942,0.9990590007,0.9874371859,0.9833472107,0.9846657125,0.01256281407,20,42,5,0.1133710561,0.003473869462,0,0,0,1,,5625
S08-rural-road,errra-no-essential-priority,100090,276736.8462,189700.5,4154.656235,19325,63556.69,0.9986639422,0.9996122152,0.9950433705,0.9933554817,0.9924505203,0.004956629492,8,22,0,0.04586413858,0.00168186105,0,0,0,1,,2520
S08-rural-road,errra-no-essential-priority,100091,281685.6533,193766.3,4145.963294,19125,64648.39,0.998136799,0.9998571293,0.9981120201,0.9983291562,0.9898718479,0.001887979862,3,37,0,0.01124259347,0.002725508916,0,0,0,1,,2495
S08-rural-road,errra-no-essential-priority,100092,276464.4837,188557.1,4117.488706,20600,63189.895,0.9984154129,0.9998067073,0.9974747475,0.9983207389,0.9905369266,0.002525252525,4,31,0,0.01104918469,0.002180768446,0,0,0,1,,2110
S08-rural-road,errra-no-essential-priority,100093,278628.5475,191779.9,4061.312471,18725,64062.335,0.9984471572,0.9999526403,0.9993746091,1,0.9935657949,0.0006253908693,1,28,0,0,0.002121705975,0,0,0,1,,1760
S08-rural-road,errra-no-essential-priority,100094,280922.7115,193207.2,4190.631529,19300,64224.88,0.9989053008,0.9999525031,0.9993626514,1,0.9927671006,0.0006373486297,1,31,0,0,0.001634339634,0,0,0,1,,1310
S08-rural-road,errra-no-essential-priority,100095,275656.1482,188582.6,4147.948235,19825,63100.6,0.9989608099,0.9999513879,0.9993796526,0.9991783073,0.9936279548,0.0006203473945,1,17,0,0.005988023952,0.001558785092,0,0,0,1,,1785
S08-rural-road,errra-no-essential-priority,100096,277677.7126,190924.1,4200.682588,19300,63252.93,0.9988716679,1,1,1,0.9919807538,0,0,24,0,0,0.001849210951,0,0,0,1,,1905
S08-rural-road,errra-no-essential-priority,100097,278281.9851,191477.2,4190.870118,18925,63688.915,0.9983594125,0.9996658711,0.9957107843,0.9950940311,0.9907444668,0.004289215686,7,27,0,0.03278091979,0.002553744718,0,0,0,1,,3635
S08-rural-road,errra-no-essential-priority,100098,277836.0469,191441,4174.876941,18975,63245.17,0.9993925234,0.9997588386,0.9969325153,0.9975328947,0.9943147208,0.003067484663,5,19,0,0.01716396704,0.001028037383,0,0,0,1,,1370
S08-rural-road,errra-no-essential-priority,100099,282585.8459,195514.4,4240.660941,19075,63755.785,0.9988180395,0.9999055936,0.9987804878,0.9991789819,0.9943308362,0.001219512195,2,20,0,0.005392449698,0.001519663525,0,0,0,1,,1920
S08-rural-road,errra-no-essential-priority,100100,274194.104,189189.8,4118.484,18550,62335.82,0.9989917608,0.9995133583,0.9937888199,0.9925062448,0.9896802914,0.006211180124,10,31,0,0.04917173998,0.001811679821,0,0,0,1,,2420
S08-rural-road,errra-no-compound-awareness,100001,276249.7088,193136,4172.083765,15050,63891.625,0.9847490854,0.9986254621,0.982208589,0.9777777778,0.9720421394,0.01779141104,29,414,0,0.1497230419,0.0384514456,0,0,0,1,,20605
S08-rural-road,errra-no-compound-awareness,100002,272725.0459,190904.6,4122.525882,14925,62772.92,0.9835965407,0.9982156636,0.9768894441,0.9691923397,0.9706967213,0.0231105559,37,513,0,0.2150877805,0.04515259761,0,0,0,1,,22735
S08-rural-road,errra-no-compound-awareness,100003,272480.3928,190939.9,4154.167765,14950,62436.325,0.9802635698,0.9980703362,0.9753542822,0.9695723684,0.9678722974,0.02464571781,40,697,0,0.1979571368,0.06005446691,0,0,0,1,,30640
S08-rural-road,errra-no-compound-awareness,100004,277206.0588,193730,4163.683765,15125,64187.375,0.9827626296,0.9987088135,0.9831985065,0.9775187344,0.9683453237,0.01680149347,27,464,0,0.1534972318,0.04586814652,0,0,0,1,,22415
S08-rural-road,errra-no-compound-awareness,100005,280259.2621,195584,4187.347059,15250,65237.915,0.9844913628,0.9984809646,0.9806412583,0.974317817,0.9773909564,0.01935874168,32,468,0,0.1830589941,0.03874088292,0,0,15,1,,24090
S08-rural-road,errra-no-compound-awareness,100006,274822.3711,192366,4077.991059,14775,63603.38,0.9826059947,0.998285551,0.9776951673,0.9726821192,0.9697965893,0.02230483271,36,579,0,0.1788946687,0.05079981364,0,0,0,1,,25455
S08-rural-road,errra-no-compound-awareness,100007,275716.3162,192720,4136.896235,14975,63884.42,0.9844782494,0.998333254,0.9785932722,0.9714983713,0.9665924276,0.02140672783,35,531,0,0.1977912346,0.04189170368,0,0,0,1,,23730
S08-rural-road,errra-no-compound-awareness,100008,275752.9627,192982.8,4105.032706,15000,63665.13,0.9855346009,0.9975142215,0.966709347,0.9570446735,0.9679099812,0.03329065301,52,436,0,0.2824932947,0.03897148692,0,0,0,1,,25060
S08-rural-road,errra-no-compound-awareness,100009,274825.8635,191346.1,4094.463529,15050,64335.3,0.9831469352,0.9978010421,0.9713930348,0.9633943428,0.9665919739,0.02860696517,46,488,0,0.2478584627,0.04852014335,0,0,0,1,,27195
S08-rural-road,errra-no-compound-awareness,100010,278876.4995,194563.1,4118.379529,15075,65120.02,0.9820625745,0.9979294118,0.9731215638,0.965210356,0.9708206687,0.02687843616,44,537,0,0.2393938717,0.05112089794,0,0,0,1,,26340
S08-rural-road,errra-no-compound-awareness,100011,272199.5644,190357.7,4077.414353,14900,62864.45,0.9854000877,0.9978758328,0.9725171768,0.9633333333,0.9658696096,0.02748282324,44,457,0,0.256292799,0.03635879441,0,0,0,1,,22340
S08-rural-road,errra-no-compound-awareness,100012,274956.1476,192353.2,4136.122588,15100,63366.825,0.9848294281,0.9985663082,0.9819385912,0.978313253,0.9739551787,0.01806140879,30,500,15,0.1393273031,0.04004596202,0,0,13,1,,20850
S08-rural-road,errra-no-compound-awareness,100013,274401.2082,192006.2,4134.628235,15025,63235.38,0.9825819194,0.998709369,0.9835365854,0.9781199352,0.9746658687,0.01646341463,27,629,0,0.1571529131,0.05133668217,0,0,0,1,,22755
S08-rural-road,errra-no-compound-awareness,100014,275728.1606,192608,4187.650588,14825,64107.51,0.9815616556,0.998148324,0.9769911504,0.9693154996,0.9694596711,0.02300884956,39,559,0,0.2196363397,0.05224453451,0,0,0,1,,28175
S08-rural-road,errra-no-compound-awareness,100015,276063.7006,192891.7,4077.605647,15025,64069.395,0.9834403776,0.9979477879,0.9722222222,0.9644097222,0.9661447313,0.02777777778,43,501,0,0.2294506939,0.04399907142,0,0,0,1,,25540
S08-rural-road,errra-no-compound-awareness,100016,270903.6114,189386.8,4115.586353,14950,62451.225,0.983116454,0.9985978823,0.981886321,0.9760132341,0.975986976,0.01811367895,29,569,1,0.1677777173,0.04964360455,0,0,0,1,,24025
S08-rural-road,errra-no-compound-awareness,100017,278943.9122,195772.9,4206.472235,15075,63889.54,0.9834619625,0.9983068385,0.9784043191,0.9710843373,0.9690090801,0.02159568086,36,519,0,0.2062777012,0.04517334313,0,0,0,1,,24800
S08-rural-road,errra-no-compound-awareness,100018,273858.4182,191429.2,4109.673176,14850,63469.545,0.9852432843,0.9981448889,0.9759556104,0.9681372549,0.9701797386,0.02404438964,39,468,0,0.218434325,0.03788383737,0,0,0,1,,23285
S08-rural-road,errra-no-compound-awareness,100019,274022.5986,191489.4,4144.198588,15000,63389,0.9846750456,0.9981753577,0.9774252593,0.9708029197,0.9698328577,0.0225747407,38,506,0,0.2065334659,0.04041489511,0,0,0,1,,22970
S08-rural-road,errra-no-compound-awareness,100020,275113.9385,192413.7,4086.308471,14925,63688.93,0.9825680668,0.9982357429,0.9772866789,0.9697959184,0.970042796,0.02271332106,37,565,0,0.2096626508,0.0498897892,0,0,0,1,,25910
S08-rural-road,errra-no-compound-awareness,100021,271772.7172,189615.3,4103.032235,14750,63304.385,0.9826969626,0.9977273826,0.9710769231,0.9615384615,0.9702153351,0.02892307692,47,521,0,0.2730829921,0.04761458577,0,0,0,1,,26650
S08-rural-road,errra-no-compound-awareness,100022,277580.1312,193736.8,4208.181176,15050,64585.15,0.9831282682,0.9979560795,0.973308504,0.9651162791,0.9698574338,0.02669149597,43,501,0,0.2351432321,0.0455398339,0,0,0,1,,24240
S08-rural-road,errra-no-compound-awareness,100023,278103.1118,194419.8,4209.926824,14950,64523.385,0.9828280036,0.9984461814,0.9798534799,0.9733441034,0.9662353417,0.02014652015,33,516,0,0.1903509819,0.04829048014,0,0,0,1,,26945
S08-rural-road,errra-no-compound-awareness,100024,277391.409,193685,4207.284,14800,64699.125,0.9820387001,0.9981042654,0.9757722592,0.9693795326,0.9722776227,0.02422774076,40,604,0,0.208740924,0.05172360584,0,0,0,1,,28305
S08-rural-road,errra-no-compound-awareness,100025,275036.9515,191683.4,4080.236471,14900,64373.315,0.9813588308,0.9982889734,0.9775980087,0.9703703704,0.9713874022,0.02240199129,36,579,0,0.2060305122,0.05385572139,0,0,0,1,,26915
S08-rural-road,errra-no-compound-awareness,100026,269168.4299,187929.5,4037.409882,14700,62501.52,0.9852224543,0.9985905225,0.9821538462,0.9763071895,0.971853967,0.01784615385,29,445,0,0.1690580987,0.03782988418,0,0,0,1,,21775
S08-rural-road,errra-no-compound-awareness,100027,277841.7473,194512.1,4113.767294,15150,64065.88,0.9825289264,0.9989114487,0.9854338189,0.9821428571,0.9707772021,0.01456618113,23,554,0,0.1143929587,0.04754221792,0,0,0,1,,23020
S08-rural-road,errra-no-compound-awareness,100028,273294.6079,191127,4109.397882,14850,63208.21,0.9820524405,0.9991830458,0.9893617021,0.9858215179,0.9732620321,0.01063829787,17,561,0,0.09625514289,0.05128764392,0,0,0,1,,25405
S08-rural-road,errra-no-compound-awareness,100029,273396.7433,190734.4,4066.283294,14950,63646.06,0.9844856083,0.9988034843,0.9842668345,0.9791318865,0.9766577153,0.01573316551,25,442,0,0.1467333099,0.04439143044,0,0,0,1,,20280
S08-rural-road,errra-no-compound-awareness,100030,272993.6885,190964,4097.643529,14975,62957.045,0.9852311073,0.9976809354,0.9696394687,0.959933222,0.9648292884,0.03036053131,48,440,1,0.276194712,0.03831122969,0,0,0,1,,23455
S08-rural-road,errra-no-compound-awareness,100031,275490.8945,192851.9,4100.084471,14775,63763.91,0.9837378227,0.9984331972,0.9797670141,0.9737704918,0.9690065681,0.0202329859,33,535,0,0.1750641523,0.04584385212,0,0,0,1,,22075
S08-rural-road,errra-no-compound-awareness,100032,277072.2515,193848.4,4129.076471,15050,64044.775,0.9830524185,0.998385105,0.9791538933,0.9734879867,0.9695678637,0.02084610668,34,533,0,0.1757248526,0.05071915216,0,0,0,1,,24400
S08-rural-road,errra-no-compound-awareness,100033,270705.2144,189667.4,4083.409412,14900,62054.405,0.98144453,0.9982590192,0.97731569,0.9696969697,0.9676422094,0.02268431002,36,533,0,0.2123233202,0.05071723726,0,0,0,1,,27580
S08-rural-road,errra-no-compound-awareness,100034,274701.7309,191580.3,4151.080941,15025,63945.35,0.9819840826,0.9984670659,0.98027127,0.9738988581,0.9687688898,0.01972872996,32,509,0,0.1855511083,0.04958651993,0,0,0,1,,26435
S08-rural-road,errra-no-compound-awareness,100035,270905.9362,188838.9,4020.501176,14875,63171.535,0.9831030635,0.9989834939,0.9867256637,0.9847844463,0.9749843652,0.01327433628,21,543,0,0.09744948963,0.04809732635,0,0,0,1,,23690
S08-rural-road,errra-no-compound-awareness,100036,270867.7162,189394.1,4135.636235,15100,62237.98,0.9830862164,0.998016257,0.9746757258,0.9666110184,0.964551863,0.02532427424,41,501,0,0.2292937856,0.04543814231,0,0,0,1,,26215
S08-rural-road,errra-no-compound-awareness,100037,276907.2929,193188.6,4068.177882,15025,64625.515,0.983011176,0.9988101471,0.9842964824,0.9806884971,0.9726651481,0.01570351759,25,560,0,0.1275463585,0.04529319672,0,0,0,1,,23005
S08-rural-road,errra-no-compound-awareness,100038,276891.9929,193362.4,4167.412941,15175,64187.18,0.9840229477,0.9989998095,0.9869565217,0.9834710744,0.9716457777,0.01304347826,21,508,0,0.1125168566,0.04435328409,0,0,0,1,,22280
S08-rural-road,errra-no-compound-awareness,100039,275306.9816,192228.5,4110.461647,14950,64018.02,0.9831815863,0.9982350696,0.9772447724,0.9705641864,0.9692339038,0.02275522755,37,612,0,0.2023833577,0.05026974386,0,0,0,1,,24560
S08-rural-road,errra-no-compound-awareness,100040,272973.3556,190375.6,4117.505647,14975,63505.25,0.9823225625,0.9979258116,0.9729899497,0.9640768588,0.9670307027,0.02701005025,43,488,0,0.2501104737,0.05058274695,0,0,0,1,,27145
S08-rural-road,errra-no-compound-awareness,100041,270257.0175,188181.1,4031.607529,14775,63269.31,0.9832520069,0.9982994024,0.9782743637,0.9719703215,0.965659909,0.02172563625,35,499,0,0.195629087,0.0452699512,0,0,0,1,,24645
S08-rural-road,errra-no-compound-awareness,100042,275026.4952,192201.2,4172.020235,15000,63653.275,0.9818274772,0.9988086161,0.984765387,0.9828009828,0.9758551308,0.01523461304,25,603,0,0.1068416047,0.05451756832,0,0,0,1,,26965
S08-rural-road,errra-no-compound-awareness,100043,277530.3525,194148,4173.327529,15050,64159.025,0.985019654,0.9980904187,0.9753390875,0.9703459638,0.9707267144,0.02466091245,40,446,0,0.1924834549,0.04184592528,0,0,0,1,,22505
S08-rural-road,errra-no-compound-awareness,100044,267841.9235,187855.8,4060.748471,14750,61175.375,0.9826142334,0.9982896794,0.9783549784,0.9711459192,0.9683698297,0.02164502165,35,531,0,0.2048393407,0.04881388314,0,0,0,1,,26660
S08-rural-road,errra-no-compound-awareness,100045,276586.4969,193738.7,4171.221882,15100,63576.575,0.9835646007,0.9983448406,0.978606357,0.9731489015,0.9715966728,0.02139364303,35,503,0,0.1823087003,0.04460376195,0,0,0,1,,24895
S08-rural-road,errra-no-compound-awareness,100046,273524.3439,191352.7,4113.928941,14875,63182.715,0.9822224292,0.9984242945,0.9796170476,0.97299509,0.9707673569,0.02038295244,33,569,0,0.1896540164,0.05322402844,0,0,0,1,,26195
S08-rural-road,errra-no-compound-awareness,100047,272396.1679,190272.3,4134.352941,14675,63314.515,0.9807641387,0.9989946381,0.987012987,0.9826875515,0.9758424685,0.01298701299,21,613,0,0.1199685854,0.05805024687,0,0,0,1,,24770
S08-rural-road,errra-no-compound-awareness,100048,272237.2975,189566.6,4108.347529,15000,63562.35,0.9834628226,0.9982202982,0.9770755886,0.9701986755,0.9700671961,0.0229244114,37,520,0,0.2097021752,0.04798901682,0,0,0,1,,22380
S08-rural-road,errra-no-compound-awareness,100049,279895.3105,195609.6,4157.415529,15050,65078.295,0.9809777642,0.9969037343,0.9584120983,0.9464882943,0.9624510006,0.0415879017,66,504,0,0.3491824862,0.04779165398,0,0,0,1,,32980
S08-rural-road,errra-no-compound-awareness,100050,270727.8734,188576.5,4066.818353,14900,63184.555,0.9849382405,0.9984027106,0.9788867562,0.9719387755,0.9700722394,0.02111324376,33,511,0,0.1911206528,0.04126228888,0,0,0,1,,22040
S08-rural-road,errra-no-compound-awareness,100051,275342.3225,193046.6,4137.572471,14950,63208.15,0.9833869073,0.9985712925,0.9809038829,0.9745977985,0.9696402578,0.01909611712,30,531,0,0.1760533915,0.04283859801,0,0,0,1,,25730
S08-rural-road,errra-no-compound-awareness,100052,277231.3071,193956.2,4144.207059,14875,64255.9,0.9841431593,0.9989134029,0.9859756098,0.9829683698,0.9762629337,0.01402439024,23,548,0,0.1178544408,0.04505380827,0,0,0,1,,23020
S08-rural-road,errra-no-compound-awareness,100053,272590.7228,190920.8,4136.702824,14825,62708.22,0.980980981,0.9979768786,0.9738643435,0.9654605263,0.9658346972,0.0261356565,42,519,0,0.2471309029,0.0513795045,0,0,0,1,,29080
S08-rural-road,errra-no-compound-awareness,100054,276555.4815,193266.5,4147.196471,14900,64241.785,0.9828682553,0.9979166667,0.9731543624,0.9649265905,0.9639694042,0.02684563758,44,517,4,0.2395018109,0.04613223855,0,0,0,1,,26935
S08-rural-road,errra-no-compound-awareness,100055,275556.9312,193353.4,4127.361176,14825,63251.17,0.9838104213,0.9974226804,0.9663970131,0.9584717608,0.9624183007,0.03360298693,54,458,0,0.2683894277,0.04135448689,0,0,0,1,,27300
S08-rural-road,errra-no-compound-awareness,100056,276782.8604,193264.5,4123.650353,15000,64394.71,0.9841473401,0.997808689,0.9707192871,0.9614740369,0.9639733444,0.02928071292,46,501,0,0.2626425119,0.04312356113,0,0,0,1,,24900
S08-rural-road,errra-no-compound-awareness,100057,277130.6559,193354.9,4158.640941,14825,64792.115,0.9851323452,0.9985743478,0.9818071559,0.9767068273,0.9737783075,0.01819284415,30,529,0,0.1627262282,0.04110559887,0,0,0,1,,20175
S08-rural-road,errra-no-compound-awareness,100058,277344.9151,193683.5,4087.015059,14775,64799.4,0.9850805528,0.997785004,0.9711479435,0.9630844955,0.9624566415,0.02885205648,47,407,0,0.2498448624,0.03686340383,0,0,0,1,,25785
S08-rural-road,errra-no-compound-awareness,100059,279192.8916,196043.3,4177.061647,15100,63872.53,0.9851953812,0.9979306777,0.972465582,0.9651162791,0.9713642872,0.02753441802,44,519,0,0.2300083532,0.03869389004,0,0,0,1,,22440
S08-rural-road,errra-no-compound-awareness,100060,274696.7554,192346.6,4207.705412,15000,63142.45,0.981528702,0.9974149074,0.967761194,0.957278481,0.9642139123,0.03223880597,54,557,0,0.3189548984,0.05287953231,0,0,0,1,,29950
S08-rural-road,errra-no-compound-awareness,100061,279508.6498,195290.3,4179.319765,15350,64689.03,0.9847957896,0.9984764081,0.9797979798,0.9738175676,0.9669216456,0.0202020202,32,434,0,0.1779360023,0.0410729125,0,0,0,1,,22660
S08-rural-road,errra-no-compound-awareness,100062,269912.5384,188278.9,4042.338353,14875,62716.3,0.9786156976,0.9987823885,0.984423676,0.98,0.9654042989,0.01557632399,25,648,0,0.1362349603,0.06035230481,0,0,0,1,,28720
S08-rural-road,errra-no-compound-awareness,100063,275066.5429,192460.1,4171.072941,15050,63385.37,0.9845872923,0.9978622328,0.9726775956,0.963562753,0.9673978668,0.02732240437,45,509,0,0.2609425132,0.04114697781,0,0,0,1,,25745
S08-rural-road,errra-no-compound-awareness,100064,278873.1692,194979.2,4219.449176,15150,64524.52,0.9819114719,0.998157074,0.976534296,0.9687249399,0.9716283716,0.02346570397,39,600,0,0.2210963795,0.04965538367,0,0,0,1,,26060
S08-rural-road,errra-no-compound-awareness,100065,274789.1814,191258.1,4153.266353,15050,64327.815,0.9839996275,0.9985667192,0.9815043157,0.9760726073,0.9743278755,0.01849568434,30,470,0,0.1603946009,0.04267800608,0,0,0,1,,21935
S08-rural-road,errra-no-compound-awareness,100066,272306.6507,190047.6,4040.040706,14650,63569.01,0.9834474175,0.9988995215,0.9860690491,0.9830234438,0.9742706645,0.01393095094,23,479,0,0.1186903483,0.04415059116,0,0,0,1,,22970
S08-rural-road,errra-no-compound-awareness,100067,277632.1494,192800.8,4085.329412,15075,65671.02,0.9825910433,0.997997998,0.9734008866,0.9648535565,0.9627188465,0.02659911336,42,448,0,0.2405862965,0.04664431594,0,0,0,1,,25455
S08-rural-road,errra-no-compound-awareness,100068,275210.0542,192559,4134.369176,15100,63416.685,0.980906219,0.9984708019,0.9801242236,0.9768019884,0.9655594049,0.0198757764,32,619,0,0.1584054027,0.0559031219,0,0,0,1,,27930
S08-rural-road,errra-no-compound-awareness,100069,272482.3749,190618.4,4086.064941,14875,62902.91,0.9860667363,0.9992795043,0.9906425452,0.9891122278,0.9743009868,0.009357454772,15,470,0,0.0712338834,0.0388697536,0,0,0,1,,18735
S08-rural-road,errra-no-compound-awareness,100070,273616.1415,191130.1,4039.496471,14875,63571.545,0.982927018,0.9990433368,0.987600744,0.9834710744,0.9755696982,0.01239925604,20,587,0,0.1161940655,0.05039857596,0,0,0,1,,23425
S08-rural-road,errra-no-compound-awareness,100071,274302.1289,191635.8,4162.593882,14925,63578.735,0.9838389832,0.9986548162,0.9826086957,0.9791492911,0.9709492635,0.01739130435,28,474,0,0.1359796001,0.04311165935,0,0,0,1,,23265
S08-rural-road,errra-no-compound-awareness,100072,278402.6852,194842.3,4120.725176,15100,64339.66,0.9827093302,0.9987262348,0.9832089552,0.9784232365,0.9695358822,0.01679104478,27,543,0,0.1449053951,0.04722447295,0,0,0,1,,25450
S08-rural-road,errra-no-compound-awareness,100073,271867.5205,189543.5,4068.435529,14925,63330.585,0.9834918946,0.9984975525,0.980625,0.9741881765,0.9708206687,0.019375,31,485,0,0.1785026593,0.04315578644,0,0,0,1,,24355
S08-rural-road,errra-no-compound-awareness,100074,273223.1471,191329.3,4129.147059,14900,62864.7,0.98544786,0.9988501342,0.9853121175,0.9820114473,0.9767301906,0.0146878825,24,479,0,0.1211565527,0.03839022794,0,0,0,1,,19670
S08-rural-road,errra-no-compound-awareness,100075,275012.9461,191964,4211.551059,14925,63912.395,0.9846368715,0.9974160207,0.9674109837,0.9573612228,0.9685646501,0.03258901629,54,504,0,0.2994985168,0.03910614525,0,0,0,1,,24670
S08-rural-road,errra-no-compound-awareness,100076,274181.1155,190578.7,4033.215529,14850,64719.2,0.9820027043,0.9982412777,0.9765525982,0.9690376569,0.9687434882,0.02344740177,37,560,0,0.208573423,0.05103896306,0,0,0,1,,26380
S08-rural-road,errra-no-compound-awareness,100077,275280.3669,192637.2,4114.641882,15025,63503.525,0.9822118505,0.9977101422,0.9700934579,0.9610281924,0.9646962233,0.02990654206,48,530,0,0.2722709244,0.04934627392,0,0,0,1,,29245
S08-rural-road,errra-no-compound-awareness,100078,275144.981,192314.7,4171.896,14900,63758.385,0.9830030974,0.9979008635,0.9728897104,0.9664484452,0.9639749039,0.02711028959,44,440,0,0.2263683705,0.04244556166,0,0,0,1,,25345
S08-rural-road,errra-no-compound-awareness,100079,277390.6761,194049.8,4153.406118,14900,64287.47,0.9836273775,0.9985922102,0.9816625917,0.976461039,0.9725442343,0.01833740831,30,519,0,0.157982548,0.04316557771,0,0,0,1,,22575
S08-rural-road,errra-no-compound-awareness,100080,278459.3416,194365.1,4189.006588,15250,64655.235,0.9852742045,0.9982941622,0.9776813391,0.9703703704,0.9703398558,0.02231866088,36,473,0,0.2045437337,0.03848402782,0,0,0,1,,21030
S08-rural-road,errra-no-compound-awareness,100081,272729.6393,190193.1,4163.459294,15025,63348.08,0.9832593313,0.9978714141,0.9726197884,0.9637262984,0.9681993113,0.02738021157,44,528,7,0.2527641543,0.04655066916,0,0,17,1,,24310
S08-rural-road,errra-no-compound-awareness,100082,275135.4962,192600.8,4139.241176,15000,63395.455,0.9826867983,0.9981457709,0.9764492754,0.9691808597,0.9692709379,0.02355072464,39,528,0,0.2108030874,0.04899728997,0,0,0,1,,25830
S08-rural-road,errra-no-compound-awareness,100083,275421.5919,191835.2,4127.416941,15000,64458.975,0.9825827128,0.9978566325,0.9728915663,0.9636510501,0.9646070786,0.02710843373,45,525,0,0.2582736931,0.05028564351,0,0,0,1,,28285
S08-rural-road,errra-no-compound-awareness,100084,269944.0795,188472.9,4133.324471,14850,62487.855,0.9787547295,0.9990258633,0.9877526026,0.9836867863,0.9730544943,0.01224739743,20,614,0,0.1168873116,0.06245349629,0,0,0,1,,26350
S08-rural-road,errra-no-compound-awareness,100085,273973.5647,191331.8,4128.264706,14825,63688.5,0.982598446,0.9985187309,0.9812575574,0.9747762408,0.9708449028,0.01874244256,31,591,0,0.1771393055,0.05080881555,0,0,0,1,,26130
S08-rural-road,errra-no-compound-awareness,100086,274350.5333,192083.4,4138.523294,14850,63278.61,0.9835751183,0.9979917758,0.9745145631,0.9660743134,0.96817083,0.02548543689,42,490,0,0.2402252844,0.04287172508,0,0,0,1,,24185
S08-rural-road,errra-no-compound-awareness,100087,276271.7442,193439.9,4170.064235,15025,63636.78,0.9833927741,0.9981399342,0.9761613692,0.9693548387,0.9680356059,0.02383863081,39,497,0,0.2108221766,0.043355559,0,0,0,1,,26665
S08-rural-road,errra-no-compound-awareness,100088,278839.1061,196010.3,4158.331059,15100,63570.475,0.9830877839,0.9991051243,0.9882571075,0.9867768595,0.9693151798,0.01174289246,19,511,0,0.08535977367,0.04766728054,0,0,0,1,,25475
S08-rural-road,errra-no-compound-awareness,100089,279201.48,195477.1,4185.9,15200,64338.48,0.9831815747,0.9976475016,0.9685929648,0.9583680266,0.9654467389,0.03140703518,50,412,0,0.2792862839,0.04197719795,0,0,0,1,,29175
S08-rural-road,errra-no-compound-awareness,100090,273030.2548,190183.3,4091.239765,15025,63730.715,0.9836529393,0.9982549685,0.9776951673,0.9700996678,0.9665374413,0.02230483271,36,498,0,0.2082034996,0.04614900975,0,0,0,1,,24090
S08-rural-road,errra-no-compound-awareness,100091,277542.2102,193672.4,4112.205176,14950,64807.605,0.9852175788,0.9981903038,0.9760855884,0.9690893901,0.9689954527,0.02391441158,38,461,0,0.2103938252,0.03952757845,0,0,0,1,,22610
S08-rural-road,errra-no-compound-awareness,100092,272679.5778,190302.7,4113.427765,14900,63363.45,0.9801063713,0.997922103,0.9728535354,0.9655751469,0.9598847974,0.02714646465,43,598,0,0.2298276507,0.06068498094,0,0,0,1,,30215
S08-rural-road,errra-no-compound-awareness,100093,275966.5374,192968,4069.722353,14750,64178.815,0.9850404354,0.9984844897,0.9799874922,0.9742096506,0.9682440847,0.02001250782,32,478,0,0.1753380239,0.0378985886,0,0,0,1,,22985
S08-rural-road,errra-no-compound-awareness,100094,275943.6032,192494.7,4070.008235,14975,64403.895,0.9841654075,0.9984800988,0.9796048438,0.9738837405,0.9683818971,0.02039515615,32,496,0,0.1701110231,0.04468222887,0,0,0,1,,24015
S08-rural-road,errra-no-compound-awareness,100095,271564.7548,189155.8,4077.199765,15075,63256.755,0.980680512,0.9982499635,0.9776674938,0.9704190633,0.9695786228,0.0223325062,36,577,0,0.210159412,0.05377021303,0,0,0,1,,27335
S08-rural-road,errra-no-compound-awareness,100096,270895.0233,188388.7,4080.263294,14900,63526.06,0.9846108038,0.9991295517,0.9890909091,0.98546042,0.9723336006,0.01090909091,18,477,0,0.101887159,0.04096472395,0,0,0,1,,20185
S08-rural-road,errra-no-compound-awareness,100097,274027.6704,191269.2,4113.205412,14825,63820.265,0.9827738311,0.9978520286,0.9724264706,0.9640228945,0.9647887324,0.02757352941,45,520,0,0.2480254216,0.04799492347,0,0,0,1,,27775
S08-rural-road,errra-no-compound-awareness,100098,273613.5029,191247.8,4157.697882,14825,63383.005,0.9844080997,0.9988424251,0.9852760736,0.9819078947,0.9727918782,0.01472392638,24,485,0,0.1233542626,0.04210280374,0,0,14,1,,21555
S08-rural-road,errra-no-compound-awareness,100099,277749.8244,194553.9,4173.769412,15075,63947.155,0.9844042612,0.9987727165,0.9841463415,0.9794745484,0.9765134643,0.01585365854,26,516,0,0.1386702728,0.04345623676,0,0,0,1,,20125
S08-rural-road,errra-no-compound-awareness,100100,271768.975,190097.7,4133.76,15050,62487.515,0.9843250311,0.9984914108,0.9807453416,0.975020816,0.972480777,0.01925465839,31,487,1,0.1706379522,0.04080218032,0,0,0,1,,21585
S09-surge-supply,equity-constrained-rolling-horizon,100001,286662.7115,221831.4,4810.431529,22800,37220.88,0.7204774628,0.9957948549,0.9892761394,0.9875862069,0.6672453139,0.008571908889,102,10429,0,0.5248036348,6.323334721,0,8,13,1,0.01287605738,634370
S09-surge-supply,equity-constrained-rolling-horizon,100002,282790.1831,219189.6,4778.258118,22600,36222.325,0.7202968612,0.9929167191,0.975720524,0.9688898836,0.6672562502,0.02427947598,169,10345,0,0.9027345868,6.098508885,7,10,13,1,0.01656119161,631985
S09-surge-supply,equity-constrained-rolling-horizon,100003,282406.1631,219450,4755.998118,22725,35475.165,0.7261532607,0.9953114534,0.9849597761,0.9808633734,0.6688279401,0.01504022385,112,10095,0,0.5451311573,5.920773643,0,8,11,1,0.005881046101,603450
S09-surge-supply,equity-constrained-rolling-horizon,100004,285259.4513,221619.3,4796.111294,21975,36869.04,0.7234403392,0.9968425426,0.9893876131,0.9865460962,0.6776224188,0.0103695211,76,10252,0,0.3862349734,6.127532135,0,0,10,1,,609140
S09-surge-supply,equity-constrained-rolling-horizon,100005,285921.4864,222983.5,4799.886353,21025,37113.1,0.7379606994,0.9968959523,0.9937219731,0.991954023,0.681397144,0.004361400169,75,9806,0,0.3888092713,5.540749943,0,6,10,1,0.005572441743,574195
S09-surge-supply,equity-constrained-rolling-horizon,100006,283979.0426,220221.3,4706.177647,22800,36251.565,0.7345422117,0.9942385808,0.9778378378,0.9715606936,0.6864826886,0.02186313698,139,9936,0,0.7109587203,5.828613123,0,9,12,1,0.01259319294,582295
S09-surge-supply,equity-constrained-rolling-horizon,100007,285672.3855,222684.5,4806.195529,22175,36006.69,0.7320196382,0.9882406526,0.9718637993,0.9638082065,0.6835514528,0.02269068579,284,9840,0,1.469694429,5.692797095,8,10,17,1,0.02699720924,617190
S09-surge-supply,equity-constrained-rolling-horizon,100008,284365.7335,221068.7,4691.523529,22300,36305.51,0.7390737029,0.9995839747,0.9972067039,0.9978448276,0.6914225941,0.002793296089,10,10021,0,0.04122489482,5.650815857,0,0,0,1,,573190
S09-surge-supply,equity-constrained-rolling-horizon,100009,285146.3126,220927,4727.842588,22250,37241.47,0.7273203211,0.9919351486,0.9795037756,0.9737206086,0.6766143106,0.01743352921,194,10220,0,1.001482522,6.187880903,7,11,14,1,0.01283127155,609790
S09-surge-supply,equity-constrained-rolling-horizon,100010,287728.12,223897,4838.88,21750,37242.24,0.7255146932,0.9981165295,0.992306316,0.9901624342,0.6745928339,0.007693684022,46,10226,0,0.2307764547,5.923762942,0,0,10,1,,620085
S09-surge-supply,equity-constrained-rolling-horizon,100011,281227.5336,219005.9,4702.553647,21975,35544.08,0.734993397,0.9931144513,0.9773130096,0.9710341706,0.684414557,0.02268699043,164,9772,0,0.8612438823,5.601026535,0,9,16,1,0.01192122199,577730
S09-surge-supply,equity-constrained-rolling-horizon,100012,283229.2824,220057,4728.337412,22250,36193.945,0.7338247007,0.9973791497,0.9911743516,0.9886731392,0.6812948798,0.008765385669,63,10013,0,0.2869993712,5.948109451,0,0,10,1,,585545
S09-surge-supply,equity-constrained-rolling-horizon,100013,283779.3475,220533.6,4747.767529,22450,36047.98,0.7275368979,0.9995423341,0.9983948636,0.9979582577,0.6688019493,0.001605136437,11,10074,0,0.06005587201,5.963142672,0,0,0,1,,598285
S09-surge-supply,equity-constrained-rolling-horizon,100014,285388.8445,222237.4,4798.839529,21825,36527.605,0.73110242,0.9975210709,0.9910682387,0.9885478699,0.6782099815,0.008511744543,60,9998,0,0.3280732743,5.78358717,0,0,11,1,,585935
S09-surge-supply,equity-constrained-rolling-horizon,100015,284738.2579,220681.5,4709.752941,22800,36547.005,0.734530186,0.9936905898,0.9757607926,0.9691023906,0.6863698231,0.02387914975,152,10144,0,0.7602048635,5.881987996,0,10,12,1,0.01012364557,582775
S09-surge-supply,equity-constrained-rolling-horizon,100016,280545.7219,217768.2,4784.536941,22300,35692.985,0.7312060425,0.9960432715,0.988628532,0.9854657564,0.6803765009,0.01037792598,94,9845,0,0.5102614064,5.909498919,0,7,14,1,0.005575606867,578225
S09-surge-supply,equity-constrained-rolling-horizon,100017,288331.1816,224363.5,4909.906588,22750,36307.775,0.7307124326,0.9856956024,0.9847328244,0.9804618117,0.6776548973,0.005911666217,350,10248,0,1.768572396,5.886303466,9,10,15,1,0.02823573636,632355
S09-surge-supply,equity-constrained-rolling-horizon,100018,284810.8938,221417.2,4784.803765,22375,36233.89,0.7354586507,0.993214729,0.9767973282,0.9703703704,0.6851143916,0.02260087848,164,9882,0,0.8342185961,5.846478399,0,9,13,1,0.01303237682,574630
S09-surge-supply,equity-constrained-rolling-horizon,100019,283749.248,220486.8,4785.408,23050,35427.04,0.7411276029,0.9986652763,0.9955539747,0.9943272067,0.6862517691,0.00426388695,32,9512,0,0.1700444316,5.423128442,0,0,8,1,,563565
S09-surge-supply,equity-constrained-rolling-horizon,100020,285320.1208,221391.5,4751.750824,22250,36926.87,0.7223885428,0.9893105734,0.9863161685,0.9824884793,0.6748740689,0.009405756607,258,10519,0,1.309466895,6.255805486,8,9,11,1,0.02507272428,638805
S09-surge-supply,equity-constrained-rolling-horizon,100021,281269.1585,218921.4,4773.603529,21150,36424.155,0.7296199712,0.9964671742,0.9904830311,0.9878440367,0.6776787826,0.00847632251,84,10118,0,0.4199394809,5.923450955,0,0,10,1,,611400
S09-surge-supply,equity-constrained-rolling-horizon,100022,285569.6536,223242.3,4798.618588,21000,36528.735,0.7398396831,0.9961522549,0.9869989166,0.9840166782,0.6925612783,0.0128210222,93,9790,0,0.4895387303,5.494225648,0,7,12,1,0.0006372047313,577520
S09-surge-supply,equity-constrained-rolling-horizon,100023,287890.5669,224530,4844.716941,21525,36990.85,0.7338660193,0.997581769,0.9861775651,0.9824442944,0.6910394265,0.0125674298,59,10227,0,0.2990808338,5.901755462,0,0,10,1,,598015
S09-surge-supply,equity-constrained-rolling-horizon,100024,283652.5634,220722.7,4829.113412,21450,36650.75,0.7361455971,0.9944751381,0.9885714286,0.9854208085,0.6806987961,0.008473916339,134,9889,0,0.6878231242,5.733595501,0,8,13,1,0.01551291361,573235
S09-surge-supply,equity-constrained-rolling-horizon,100025,284645.9575,221711.1,4738.647529,21575,36621.21,0.7312175029,0.9794746841,0.9723855336,0.964708561,0.6785609656,0.01031716912,497,9914,0,2.442536489,5.836572355,10,11,15,1,0.03321505664,625335
S09-surge-supply,equity-constrained-rolling-horizon,100026,276851.984,214842.2,4692.984,21550,35766.8,0.7225481978,0.9960679858,0.9845843274,0.980314038,0.676037297,0.01510974994,93,10090,0,0.4926439335,5.963406758,0,7,12,1,0.007218686291,615610
S09-surge-supply,equity-constrained-rolling-horizon,100027,286809.3587,222594,4770.468706,22850,36594.89,0.7315733925,0.99218107,0.9696064652,0.9611148573,0.679786679,0.03039353479,190,10225,0,0.9807969297,5.888645442,8,11,14,1,0.01389759505,588390
S09-surge-supply,equity-constrained-rolling-horizon,100028,282887.611,219989.5,4782.936,22575,35540.175,0.7358787107,0.995068539,0.9880043621,0.9846689895,0.682184758,0.009741876605,118,9898,0,0.6235595911,5.649667376,0,7,16,1,0.004891100996,569700
S09-surge-supply,equity-constrained-rolling-horizon,100029,283594.6069,220169,4722.141882,21925,36778.465,0.7300315808,0.998959244,0.9923329682,0.9902439024,0.6766850959,0.007667031763,25,10322,0,0.1135310081,6.004554141,0,0,0,1,,588695
S09-surge-supply,equity-constrained-rolling-horizon,100030,280665.3936,218375.5,4689.898588,21775,35824.995,0.739309592,0.9928610423,0.9813289401,0.9763560501,0.6868280103,0.01549354687,170,9748,0,0.940955842,5.780570337,6,10,17,1,0.01228782877,557370
S09-surge-supply,equity-constrained-rolling-horizon,100031,286075.0071,221753.2,4736.887059,23150,36434.92,0.7287410159,0.9907965332,0.9691590461,0.9607305936,0.6812440581,0.02953010365,223,10163,0,1.150326719,6.097364667,8,10,14,1,0.01682900918,619350
S09-surge-supply,equity-constrained-rolling-horizon,100032,286254.5799,222650.7,4841.824941,22375,36387.055,0.729182346,0.9811671416,0.9750579013,0.9681745851,0.6807959152,0.01314585205,456,10118,0,2.351812978,5.7035937,9,11,15,1,0.03355111853,632830
S09-surge-supply,equity-constrained-rolling-horizon,100033,279638.7628,216822,4724.762824,23000,35092,0.7267886401,0.9874184725,0.9698457223,0.9613048369,0.6722383285,0.02313154623,299,10169,0,1.55322503,5.89766521,8,11,16,1,0.0199507555,605340
S09-surge-supply,equity-constrained-rolling-horizon,100034,284917.083,221935.9,4811.028,21750,36420.155,0.7350314168,0.9925056208,0.9725954738,0.9649083088,0.6851913871,0.02704111006,180,9968,0,0.9687299215,5.849266941,8,10,13,1,0.01687523485,584030
S09-surge-supply,equity-constrained-rolling-horizon,100035,280548.7278,217710,4623.667765,21775,36440.06,0.7248746636,0.994487228,0.9773486818,0.9711310932,0.6748947008,0.02265131823,131,10249,0,0.664490532,6.05211535,0,8,11,1,0.01332662627,626740
S09-surge-supply,equity-constrained-rolling-horizon,100036,281292.4724,218617.2,4763.322353,22800,35111.95,0.7361503116,0.9946180045,0.9817511844,0.9767753461,0.6849629157,0.0177558101,128,9863,0,0.6716902163,5.697672516,0,8,11,1,0.01569298335,550755
S09-surge-supply,equity-constrained-rolling-horizon,100037,284321.7716,220550.3,4716.401647,21500,37555.07,0.7251496683,0.9971815808,0.9899713467,0.9871086556,0.6768596162,0.009669737222,68,10418,0,0.3452575039,6.230448735,0,0,10,1,,604845
S09-surge-supply,equity-constrained-rolling-horizon,100038,285204.7102,221920.6,4790.745176,22175,36318.365,0.7346949723,0.9937818679,0.9797979798,0.9742850809,0.682495945,0.0202020202,150,10073,0,0.8085280502,5.772741293,0,10,17,1,0.01141842235,586275
S09-surge-supply,equity-constrained-rolling-horizon,100039,285769.3344,221918.1,4804.129412,22725,36322.105,0.7335447631,0.9917883212,0.9792931096,0.9735642662,0.6833349529,0.01668069005,198,9994,0,1.01128682,5.806111753,7,9,13,1,0.01769181593,603000
S09-surge-supply,equity-constrained-rolling-horizon,100040,281090.6691,217306.5,4724.419059,22250,36809.75,0.7284574035,0.9990334916,0.9956068094,0.9943899018,0.6758604244,0.004393190555,23,10269,0,0.1198909445,6.105581799,0,0,10,1,,585040
S09-surge-supply,equity-constrained-rolling-horizon,100041,281573.9763,218885,4702.271294,21325,36661.705,0.724945586,0.9945043331,0.9875067898,0.9847539848,0.6698892843,0.0099251882,130,10395,5,0.709464225,6.127322008,0,8,16,1,0.0127176678,586630
S09-surge-supply,equity-constrained-rolling-horizon,100042,285562.9658,221807.9,4821.775765,22800,36133.29,0.7312175729,0.991546144,0.9791018998,0.9732596685,0.6811880017,0.01719214635,204,9899,0,1.033373406,5.804150664,7,9,14,1,0.01928599374,610240
S09-surge-supply,equity-constrained-rolling-horizon,100043,282933.1108,220704.6,4814.275765,21225,36189.235,0.7342549096,0.9962155868,0.9931034483,0.9911524501,0.6864655476,0.004357713545,91,9906,0,0.4532055665,5.547992408,0,7,11,1,0.008422794137,600150
S09-surge-supply,equity-constrained-rolling-horizon,100044,276228.099,214120.8,4664.004,22675,34768.295,0.7334587558,0.9935456476,0.9818638894,0.9767334716,0.6794897671,0.01565410515,152,9759,0,0.8128213202,5.928578345,0,9,12,1,0.01668395683,567490
S09-surge-supply,equity-constrained-rolling-horizon,100045,286448.7831,222911.9,4821.878118,22750,35965.005,0.7333815707,0.994366313,0.9782986111,0.972302238,0.6779700792,0.02170138889,137,10058,0,0.7322637468,5.696372821,0,9,16,1,0.01098431296,593670
S09-surge-supply,equity-constrained-rolling-horizon,100046,283965.7156,220679.3,4774.690588,22800,35711.725,0.7331147187,0.9943573147,0.9826086957,0.9777222096,0.6811407364,0.01540395114,136,9821,0,0.7267180305,5.794610205,0,8,11,1,0.01259729746,579730
S09-surge-supply,equity-constrained-rolling-horizon,100047,281454.9391,219219,4752.439059,22100,35383.5,0.7384911179,0.9920426613,0.9766536965,0.9700340522,0.686950349,0.02061820408,191,9833,0,0.9925387008,5.538805243,0,10,16,1,0.01064749893,563160
S09-surge-supply,equity-constrained-rolling-horizon,100048,282955.9228,219799.1,4787.822824,21825,36544,0.7219924328,0.99619215,0.986961057,0.9833185053,0.6710177079,0.01254826584,91,10163,0,0.5155843961,6.081029035,0,8,10,1,0.008445204428,626190
S09-surge-supply,equity-constrained-rolling-horizon,100049,288515.6801,224966.6,4787.575059,21525,37236.505,0.7347435863,0.9961674889,0.987460815,0.9838926174,0.6854428558,0.01177299175,94,10192,0,0.4884669901,5.727039263,0,8,11,1,0.008061544904,608555
S09-surge-supply,equity-constrained-rolling-horizon,100050,281404.8408,218691,4736.575765,21300,36677.265,0.725180388,0.9901993775,0.9867549669,0.9830818473,0.6710227499,0.007723221959,233,10356,0,1.229766184,6.197927078,8,9,11,1,0.02773187597,609955
S09-surge-supply,equity-constrained-rolling-horizon,100051,284656.6409,221464.9,4773.820941,22300,36117.92,0.7288863826,0.9939145554,0.9809127191,0.9754628597,0.6763759724,0.01727765371,147,10189,2,0.7978409722,5.911181826,7,9,12,1,0.0148800918,619395
S09-surge-supply,equity-constrained-rolling-horizon,100052,284523.6541,221148.2,4719.619059,22200,36455.835,0.7388450387,0.9891854106,0.9792107118,0.9733514002,0.6875935392,0.0132117226,263,9812,0,1.30811954,5.603106207,8,10,14,1,0.0231521333,599415
S09-surge-supply,equity-constrained-rolling-horizon,100053,280050.323,217635.3,4732.488,21700,35982.535,0.7321431,0.9974870163,0.9902491874,0.987628866,0.6848355421,0.009750812568,60,9952,0,0.3190946906,5.968739377,0,0,9,1,,575945
S09-surge-supply,equity-constrained-rolling-horizon,100054,286466.4514,222027.6,4778.701412,22275,37385.15,0.7263287811,0.993336898,0.9751563896,0.9684306155,0.6769105565,0.02466538902,162,10348,0,0.8485332984,6.238134206,6,10,16,1,0.0125858,603860
S09-surge-supply,equity-constrained-rolling-horizon,100055,284473.259,220667.9,4768.944,22175,36861.415,0.7184683476,0.9924500124,0.9777349229,0.9716201117,0.6640266859,0.01966720377,182,10787,0,0.9127329905,6.433422747,7,9,13,1,0.01694232024,643695
S09-surge-supply,equity-constrained-rolling-horizon,100056,287586.5228,223432.3,4797.427765,22400,36956.795,0.7229945519,0.9957846014,0.9883977901,0.9853454292,0.6707635881,0.01003745308,102,10254,0,0.5213024333,6.0987762,0,8,11,1,0.004868121118,618545
S09-surge-supply,equity-constrained-rolling-horizon,100057,285077.4715,222492.6,4785.056471,20875,36924.815,0.7374936363,0.9971858964,0.990521327,0.9883422709,0.6843376287,0.009478672986,68,10164,0,0.3492274235,5.781543903,0,0,11,1,,559940
S09-surge-supply,equity-constrained-rolling-horizon,100058,288068.6843,224328.1,4760.219294,21650,37330.365,0.7337561532,0.9979107779,0.9928017719,0.9908040556,0.6854134033,0.007198228128,51,10344,0,0.2525443142,5.887590059,0,0,10,1,,595965
S09-surge-supply,equity-constrained-rolling-horizon,100059,288176.6121,223781.9,4821.662118,23100,36473.05,0.7286498266,0.9871030936,0.970552361,0.9623775601,0.6755752383,0.02182892883,316,10666,0,1.576253931,6.109385173,8,10,14,1,0.02339757265,617650
S09-surge-supply,equity-constrained-rolling-horizon,100060,282823.5301,220505.7,4834.795059,22150,35333.035,0.7438740737,0.9859196001,0.9779896014,0.9719026549,0.6904743005,0.0120679601,338,9719,0,1.708433017,5.32232109,8,10,15,1,0.02699673306,582785
S09-surge-supply,equity-constrained-rolling-horizon,100061,285900.0632,222189.8,4775.073176,21750,37185.19,0.7313223008,0.9951456311,0.9839108911,0.9794210764,0.6787631023,0.01608910891,117,10322,0,0.6060093026,6.046486718,0,8,12,1,0.007688030824,579370
S09-surge-supply,equity-constrained-rolling-horizon,100062,279284.5624,216766.7,4745.502353,21975,35797.36,0.7339097549,0.9952576534,0.9848322627,0.980721252,0.6855370994,0.014178373,112,9896,0,0.5813136307,5.816440346,0,7,13,1,0.007219169232,566500
S09-surge-supply,equity-constrained-rolling-horizon,100063,285660.7155,221822.6,4805.060471,22725,36308.055,0.7274316764,0.9941348974,0.9779280883,0.9718501703,0.6746786457,0.02183244811,142,10172,1,0.7767502079,6.031915752,0,9,11,1,0.01486720641,607620
S09-surge-supply,equity-constrained-rolling-horizon,100064,288751.9581,224096.2,4840.783059,22325,37489.975,0.7167913129,0.9839418457,0.9759246336,0.9692376282,0.6618603391,0.01939761169,391,10711,0,1.96228827,6.377837809,8,10,12,1,0.04434661212,663130
S09-surge-supply,equity-constrained-rolling-horizon,100065,282951.0621,219587.1,4774.867059,21425,37164.095,0.7278710635,0.9927222823,0.9868397965,0.9831460674,0.6768346509,0.008368258864,175,10197,0,0.8247630413,6.18231843,0,8,15,1,0.01310054472,591820
S09-surge-supply,equity-constrained-rolling-horizon,100066,283910.6576,220270.2,4734.557647,22350,36555.9,0.7308529185,0.9939202132,0.9811390533,0.9758236549,0.6763467769,0.016827089,146,10285,0,0.7556166009,6.138188748,0,8,12,1,0.01635684166,590245
S09-surge-supply,equity-constrained-rolling-horizon,100067,287085.4877,223383.2,4755.792706,20675,38271.495,0.7298945088,0.9973911963,0.9888589398,0.9857634902,0.6771343698,0.0111410602,63,10535,5,0.3204971153,6.052705467,0,0,10,1,,595995
S09-surge-supply,equity-constrained-rolling-horizon,100068,284663.7016,220997.4,4780.601647,22500,36385.7,0.7281932513,0.9987539976,0.9951140065,0.9952628017,0.6722354503,0.004885993485,30,10078,0,0.1424661087,5.970040126,0,0,8,1,,594050
S09-surge-supply,equity-constrained-rolling-horizon,100069,283562.1085,220299,4768.623529,23325,35169.485,0.7340612654,0.9859166667,0.9726671309,0.9653727393,0.6840235285,0.01973243477,338,9676,0,1.750022767,5.61791687,8,11,15,1,0.02645504452,616115
S09-surge-supply,equity-constrained-rolling-horizon,100070,284741.4355,221954.1,4726.940471,21775,36285.395,0.7335110824,0.9978350473,0.9918743229,0.9896049896,0.6823847193,0.00812567714,52,9844,8,0.2888279484,5.711548302,0,0,11,1,,585250
S09-surge-supply,equity-constrained-rolling-horizon,100071,281788.2435,218506.4,4771.743529,21975,36535.1,0.7326143649,0.9966080402,0.9882661996,0.9850178891,0.6751683452,0.01173380035,81,10187,0,0.3824080388,5.948359231,0,0,11,1,,573415
S09-surge-supply,equity-constrained-rolling-horizon,100072,285670.8859,222482.2,4706.325882,21600,36882.36,0.72929822,0.9981533158,0.9933584635,0.9915273643,0.6809527451,0.006641536528,45,10301,0,0.2454097982,5.959613416,0,0,11,1,,611215
S09-surge-supply,equity-constrained-rolling-horizon,100073,280867.7853,218609.1,4754.075294,21625,35879.61,0.7296933616,0.9928773128,0.9865037388,0.9827706636,0.6726088582,0.008313334342,169,10046,0,0.9046076901,5.664328821,7,9,11,1,0.02164081299,625160
S09-surge-supply,equity-constrained-rolling-horizon,100074,283949.8639,220363.2,4836.153882,23350,35400.51,0.7326646905,0.9953767337,0.9835318851,0.978843124,0.6756474025,0.01622455407,111,9968,0,0.5784477665,5.765731379,0,7,11,1,0.01187389306,578605
S09-surge-supply,equity-constrained-rolling-horizon,100075,281865.5648,219207.2,4815.919765,21150,36692.445,0.7294627313,0.9957508852,0.9878982025,0.9844996581,0.6780646936,0.01094944425,102,10051,0,0.5318011413,5.954775497,0,8,11,1,0.009398038147,595675
S09-surge-supply,equity-constrained-rolling-horizon,100076,282100.0848,218927,4647.919765,21575,36950.165,0.7346958085,0.9891218927,0.9789222874,0.972953904,0.6822277458,0.01887749259,263,9777,0,1.389774611,5.785342579,8,10,15,1,0.02479208072,594695
S09-surge-supply,equity-constrained-rolling-horizon,100077,284291.9431,221391.5,4763.018118,21950,36187.425,0.7286915411,0.9953584749,0.9874068819,0.9839221014,0.6788762999,0.01145135982,112,9972,1,0.5937354628,5.780280442,0,8,14,1,0.008165690519,605990
S09-surge-supply,equity-constrained-rolling-horizon,100078,284590.5755,221157.7,4816.635529,22275,36341.24,0.7301419878,0.9974289861,0.9893560404,0.9884979702,0.6812830845,0.01052298937,62,10047,0,0.281776634,5.85974307,0,0,9,1,,585625
S09-surge-supply,equity-constrained-rolling-horizon,100079,288848.9442,224863.1,4841.529176,22950,36194.315,0.7342219623,0.9930343395,0.979656261,0.9740550212,0.6815129769,0.01839993271,171,10138,0,0.8803823765,5.613486252,0,10,18,1,0.01143434278,598620
S09-surge-supply,equity-constrained-rolling-horizon,100080,286242.583,223013.1,4780.008,21825,36624.475,0.7404374875,0.9883327836,0.9691959624,0.9606841404,0.694588483,0.02534316385,283,9935,0,1.42337397,5.560184628,8,10,12,1,0.0263106582,590250
S09-surge-supply,equity-constrained-rolling-horizon,100081,281186.4277,218365.8,4739.592706,22275,35806.035,0.7358431351,0.9936461182,0.9765291607,0.9698698927,0.6860105693,0.02347083926,151,9576,0,0.8242991111,5.556559234,0,9,13,1,0.01260576452,576750
S09-surge-supply,equity-constrained-rolling-horizon,100082,285846.7699,221427.7,4811.164941,23525,36082.905,0.7257663183,0.9822062588,0.9646428571,0.9547945205,0.673156216,0.0280234603,431,10255,0,2.059583745,5.879608334,9,11,15,1,0.02888442872,644080
S09-surge-supply,equity-constrained-rolling-horizon,100083,284350.8814,220119.4,4738.321412,22225,37268.16,0.7324146469,0.9974711881,0.9907522675,0.9881764438,0.6812630674,0.009247732527,61,10518,0,0.2904252216,6.078604207,0,0,9,1,,575005
S09-surge-supply,equity-constrained-rolling-horizon,100084,280382.0518,217294.9,4731.866824,22125,36230.285,0.7228577328,0.9910585643,0.9891071429,0.9860666971,0.6695671396,0.00875152952,211,9994,0,1.083073035,6.216917888,7,9,10,1,0.02489831277,612520
S09-surge-supply,equity-constrained-rolling-horizon,100085,282879.2403,219872.8,4766.735294,21900,36339.705,0.724977761,0.993309508,0.9816465653,0.9763832659,0.6724505622,0.01494066978,161,9941,0,0.8212940933,5.782435237,0,8,16,1,0.01294875336,635150
S09-surge-supply,equity-constrained-rolling-horizon,100086,284592.598,221119.5,4787.568,22625,36060.53,0.7266329094,0.9953488372,0.9819441911,0.9770034843,0.6767555418,0.01805580886,112,10277,3,0.6388818565,6.076531503,0,9,14,1,0.01027247227,613785
S09-surge-supply,equity-constrained-rolling-horizon,100087,286283.5904,222252.3,4823.850353,22425,36782.44,0.7283992233,0.997633873,0.9920508744,0.9898419865,0.6740612997,0.007949125596,57,10668,0,0.3035416311,6.255838412,0,0,9,1,,561795
S09-surge-supply,equity-constrained-rolling-horizon,100088,286657.0426,222426.3,4728.497647,22950,36552.245,0.7235530407,0.9962706446,0.9842237361,0.9797794118,0.6665837321,0.01577626389,91,10614,0,0.4620255797,6.074613321,0,8,11,1,0.00701133273,610770
S09-surge-supply,equity-constrained-rolling-horizon,100089,287744.9287,224032.8,4759.788706,22200,36752.34,0.727710651,0.9927111912,0.9808906031,0.9754780652,0.6763306428,0.01668091856,178,10362,0,0.8953511108,5.867727684,0,9,15,1,0.01347057531,624825
S09-surge-supply,equity-constrained-rolling-horizon,100090,280671.1124,217961.4,4775.857412,21450,36483.855,0.7286404718,0.996970462,0.9897776184,0.9869744059,0.678177869,0.01022238164,72,10068,0,0.3746100204,5.958414111,0,0,9,1,,591110
S09-surge-supply,equity-constrained-rolling-horizon,100091,284038.6804,221275.1,4723.530353,21075,36965.05,0.7372379003,0.9958141655,0.9951526032,0.99379453,0.6860335196,0.002652007087,101,9991,0,0.528709662,5.711305581,0,7,9,1,0.01100548832,569165
S09-surge-supply,equity-constrained-rolling-horizon,100092,281503.5471,217929.8,4679.107059,22375,36519.64,0.7166839407,0.9831717655,0.9697502638,0.9615985711,0.6675415051,0.02472792504,401,10436,0,2.040539498,6.159325224,10,13,18,1,0.01832412177,658085
S09-surge-supply,equity-constrained-rolling-horizon,100093,285705.7725,222709.7,4724.427529,21400,36871.645,0.7318964595,0.9950109265,0.979978355,0.9744886233,0.6835125242,0.01972548913,121,10113,0,0.6405982909,5.93667772,0,9,12,1,0.009750329272,606690
S09-surge-supply,equity-constrained-rolling-horizon,100094,285849.1913,223112.9,4723.871294,20900,37112.42,0.7266447589,0.9935086414,0.9792077433,0.9732842008,0.6798637718,0.0187107818,157,10169,0,0.8510604818,5.899349474,7,9,11,1,0.02053366831,623510
S09-surge-supply,equity-constrained-rolling-horizon,100095,278867.4289,216850.2,4668.033882,20625,36724.195,0.7263111744,0.9980109188,0.9921930447,0.9900136178,0.6737433968,0.007806955287,47,10177,0,0.2567780465,5.958582233,0,0,9,1,,596495
S09-surge-supply,equity-constrained-rolling-horizon,100096,282397.5923,219491.7,4798.487294,21925,36182.405,0.7322090235,0.9960912874,0.9854558354,0.9813466788,0.6771077632,0.0145441646,93,10123,0,0.4615227707,5.736704446,0,5,10,1,0.004026054278,577145
S09-surge-supply,equity-constrained-rolling-horizon,100097,283736.1618,220605.9,4747.826824,22200,36182.435,0.7326178757,0.9841460884,0.9697242746,0.9614590502,0.6880630631,0.0249224063,382,9873,0,1.933901056,5.796914925,9,12,14,1,0.02313287648,639705
S09-surge-supply,equity-constrained-rolling-horizon,100098,282277.7843,219207.7,4742.579294,22700,35627.505,0.7386271434,0.9970664655,0.9880994671,0.9847554039,0.6853185486,0.01190053286,70,9701,0,0.3397821383,5.640274247,0,0,10,1,,561390
S09-surge-supply,equity-constrained-rolling-horizon,100099,285995.2206,222570.8,4761.010588,22325,36338.41,0.7339537741,0.9896962233,0.9772160911,0.9708759954,0.680299194,0.02065511695,251,10071,0,1.240176171,5.866943506,8,10,13,1,0.01792067638,606880
S09-surge-supply,equity-constrained-rolling-horizon,100100,280248.8679,218360.8,4777.252941,21700,35410.815,0.7324990758,0.9937399543,0.9875599787,0.9840800546,0.6799101051,0.008231319215,148,9970,0,0.7885229416,5.70736182,6,8,11,1,0.02268957553,599710
S09-surge-supply,errra-no-floor,100001,282918.577,220527,4755.132,20225,37411.445,0.7124347114,0.9696569921,0.9528150134,0.9406896552,0.6592677837,0.01843252082,736,10741,0,3.837365347,6.401895887,20,22,28,1,0.01040484253,724600
S09-surge-supply,errra-no-floor,100002,280073.8824,219237.1,4786.777412,19850,36200.005,0.7137604684,0.97749277,0.9763484458,0.9698630137,0.6571405859,0.01125931287,537,10459,0,2.77270485,6.079635051,12,14,18,1,0.0217625193,692385
S09-surge-supply,errra-no-floor,100003,279755.8042,218749.6,4770.724235,20750,35485.48,0.7219941827,0.9802829873,0.9683646113,0.9606141522,0.6679329342,0.01722263192,471,9909,0,2.490796513,5.927447196,9,19,29,1,0.01056190761,646275
S09-surge-supply,errra-no-floor,100004,283910.5785,222668.7,4830.483529,19825,36586.395,0.72055993,0.9850851683,0.9810368824,0.9759594177,0.673817975,0.005726930599,359,10252,14,1.840553052,5.92803015,10,15,22,1,0.008278904113,666120
S09-surge-supply,errra-no-floor,100005,282917.1802,221354.1,4783.545176,19350,37429.535,0.7362775351,0.9956129459,0.9933632287,0.9914942529,0.6796603628,0.002935026192,106,10130,0,0.5551283377,5.734206976,0,8,11,1,0.01060890188,593360
S09-surge-supply,errra-no-floor,100006,282086.8009,220967.7,4723.660941,20025,36370.44,0.7214084964,0.9693691453,0.9612612613,0.9502890173,0.6703618408,0.02687890046,739,10111,0,3.910748079,5.901307967,15,19,23,1,0.0221355413,691570
S09-surge-supply,errra-no-floor,100007,281760.8766,221024.7,4763.861647,19950,36022.315,0.7252538839,0.9765227113,0.9670250896,0.9575841402,0.6745734985,0.01845878136,567,9905,0,2.875913159,5.705225637,12,15,24,1,0.0178162457,673115
S09-surge-supply,errra-no-floor,100008,281572.1146,220886.9,4671.629647,19725,36288.585,0.7345807719,0.9806964263,0.9783274299,0.9723392843,0.6830156516,0.0127340226,464,10072,0,2.035941017,5.644385854,8,9,15,1,0.02831781996,632560
S09-surge-supply,errra-no-floor,100009,282933.6126,221126.6,4765.157647,19800,37241.855,0.7235482052,0.9901891499,0.9760999457,0.9707317073,0.6728136513,0.01717413551,236,10397,0,1.208358125,6.201009477,7,10,21,1,0.01654982638,630290
S09-surge-supply,errra-no-floor,100010,286653.949,224410.8,4811.964,20175,37256.185,0.7206767767,0.9895590222,0.9792449454,0.9734614505,0.6692661429,0.01385524918,255,10394,0,1.338806231,5.936296336,9,13,21,1,0.01133379327,660360
S09-surge-supply,errra-no-floor,100011,277933.7239,217797.3,4687.948941,19800,35648.475,0.7356332793,0.9833319338,0.9778447359,0.9717130573,0.684869462,0.01508235876,397,9807,0,2.185510663,5.66208765,11,13,15,1,0.03078638894,608535
S09-surge-supply,errra-no-floor,100012,281214.4561,219998.6,4754.066118,20100,36361.79,0.7201906073,0.9670105666,0.9639769452,0.9537679149,0.665938183,0.01752411184,793,10325,0,3.993258975,6.035070668,15,17,20,1,0.02427246336,709915
S09-surge-supply,errra-no-floor,100013,280712.1817,220038.5,4745.556706,19900,36028.125,0.7255906363,0.990638652,0.9796682718,0.974137931,0.6707472834,0.01513535357,225,10159,0,1.165574136,5.939963237,9,11,21,1,0.01528292631,622625
S09-surge-supply,errra-no-floor,100014,283380.7498,222209.2,4830.739765,19825,36515.81,0.7313827302,0.9819864485,0.9769560557,0.9704535044,0.6801220643,0.007064562823,436,10075,0,2.265821188,5.7823191,11,13,17,1,0.02278995274,623400
S09-surge-supply,errra-no-floor,100015,282962.7159,221454,4696.900941,20250,36561.815,0.7272763976,0.9714416172,0.9661971831,0.9579405366,0.6778728369,0.006918515413,688,10077,0,3.536927968,5.903197588,16,21,28,1,0.01385243791,665420
S09-surge-supply,errra-no-floor,100016,278265.6264,217630.8,4766.701412,20075,35793.125,0.7246243945,0.9881298144,0.9855272226,0.9815018718,0.6699583677,0.006901117038,282,10053,0,1.55870433,5.963657262,9,12,15,1,0.01944610593,627870
S09-surge-supply,errra-no-floor,100017,286464.4401,224989.7,4902.230118,20300,36272.51,0.7273465044,0.9736390387,0.9691186676,0.9604795737,0.6747109295,0.00593330746,645,10224,0,3.176943415,5.861132176,11,15,25,1,0.02216570516,673720
S09-surge-supply,errra-no-floor,100018,283649.7206,221661.7,4801.090588,20175,37011.93,0.7221675541,0.9744724866,0.9618562137,0.9512906846,0.6682546217,0.01829400085,617,10431,0,3.145726941,6.361636449,14,17,25,1,0.01622868357,650025
S09-surge-supply,errra-no-floor,100019,280771.2559,219853.5,4771.660941,20325,35821.095,0.7285175013,0.9820646507,0.9727903254,0.9652825051,0.6740643183,0.01239575918,430,9936,0,2.224536338,5.661110284,11,16,25,1,0.01129238537,657455
S09-surge-supply,errra-no-floor,100020,282357.2215,220962.4,4772.811529,20000,36622.01,0.7184912479,0.9750994365,0.9715773097,0.9636877915,0.6690394228,0.01491890922,601,10337,0,2.954935846,6.058338053,11,13,23,1,0.02517763272,700830
S09-surge-supply,errra-no-floor,100021,281478.6331,220278.8,4803.643059,19975,36421.19,0.7269986146,0.9875930521,0.9791666667,0.9734513274,0.6755499488,0.01091658505,295,10234,0,1.610235833,5.933746231,9,11,18,1,0.02326702127,639095
S09-surge-supply,errra-no-floor,100022,284888.8931,223423.4,4826.323059,20025,36614.17,0.7347545064,0.9845262722,0.9805756666,0.9751187514,0.6874224325,0.005881538159,374,9931,10,1.930262944,5.55990472,9,15,20,1,0.01202383676,625775
S09-surge-supply,errra-no-floor,100023,285502.6658,223082.4,4830.890824,19750,37839.375,0.7183389803,0.9821706697,0.9792663477,0.9736664416,0.66806161,0.01087888053,435,10872,0,2.220431269,6.469692927,10,14,20,1,0.018203817,672120
S09-surge-supply,errra-no-floor,100024,283434.1264,221490.6,4818.726353,20000,37124.8,0.7274752708,0.9811989775,0.9705627706,0.962447537,0.6706795812,0.01460365491,456,10247,0,2.393794103,6.02645389,14,17,22,1,0.01735169598,636130
S09-surge-supply,errra-no-floor,100025,282379.338,221324.1,4720.908,19725,36609.33,0.732392464,0.9818699926,0.9677534295,0.9587887067,0.6813929415,0.01988909927,439,9954,0,2.377569639,5.832952934,14,16,20,1,0.02272743865,612845
S09-surge-supply,errra-no-floor,100026,277305.8321,217032.9,4705.622118,20025,35542.31,0.7265881577,0.9854134957,0.9840337677,0.9796109679,0.6795562536,0.001832605317,345,9954,0,1.882471211,5.820029407,10,12,22,1,0.02571220116,636310
S09-surge-supply,errra-no-floor,100027,284249.2574,222788.9,4751.677412,20250,36458.68,0.7276055096,0.9783950617,0.96943078,0.9608900877,0.6741638166,0.0122834376,525,10163,0,2.608687329,5.789929326,9,18,24,1,0.0112601023,651930
S09-surge-supply,errra-no-floor,100028,279964.3472,219429.2,4736.037176,20200,35599.11,0.7283049033,0.9798144433,0.9702307557,0.9620053957,0.6738834664,0.01341155621,483,10141,0,2.646791798,5.68544989,13,15,20,1,0.02523558764,643860
S09-surge-supply,errra-no-floor,100029,279066.3455,217822.4,4699.095529,19675,36869.85,0.7255723173,0.983889097,0.9721473495,0.9643021649,0.6749205976,0.0174473931,387,10331,0,2.132902505,6.04525678,11,15,18,1,0.01614612959,644205
S09-surge-supply,errra-no-floor,100030,278176.646,217923.2,4689.396,19750,35814.05,0.7378087051,0.9851761643,0.9752883031,0.9685164213,0.685975005,0.01438477967,353,9904,0,1.952188152,5.77111475,10,17,23,1,0.008890852782,585320
S09-surge-supply,errra-no-floor,100031,283020.0189,221803.5,4715.613882,19975,36525.905,0.7184850198,0.9571192736,0.9496144881,0.9358447489,0.6681476882,0.02846037823,1039,10401,0,5.437859012,6.130016959,20,23,25,1,0.01967702602,736155
S09-surge-supply,errra-no-floor,100032,282655.8804,221346.5,4800.870353,20075,36433.51,0.7327572304,0.9802585388,0.9681097452,0.9593089338,0.688162613,0.01725027867,478,9964,0,2.605669471,5.712934093,11,18,26,1,0.01371381766,626530
S09-surge-supply,errra-no-floor,100033,277794.6645,217226.5,4712.384471,20800,35055.78,0.7231567449,0.9749211025,0.972826087,0.9651293588,0.666819954,0.01240367234,596,10229,0,3.270193371,5.879915347,15,18,26,1,0.01786823952,651020
S09-surge-supply,errra-no-floor,100034,280637.2636,219864.4,4781.518588,19575,36416.345,0.7282345787,0.9800566242,0.9715346535,0.9635499208,0.6755974075,0.01280659923,479,9988,0,2.49952097,5.845699615,11,15,22,1,0.01570710278,639805
S09-surge-supply,errra-no-floor,100035,279168.8188,218462.8,4640.738824,19550,36515.28,0.7217600372,0.9839245886,0.9829012686,0.9785923302,0.6687824469,0.003545073754,382,10504,0,1.887215844,6.087933555,9,10,13,1,0.02519839029,660800
S09-surge-supply,errra-no-floor,100036,278495.8854,218312.4,4764.685412,20300,35118.8,0.7299464147,0.9792709078,0.9745569398,0.967619473,0.6770476115,0.01036497726,493,10003,4,2.688287219,5.693677479,15,17,19,1,0.01687724994,614720
S09-surge-supply,errra-no-floor,100037,283471.4888,221758.7,4719.398824,19450,37543.39,0.720740521,0.9814315912,0.9808324206,0.9761431412,0.6714371478,0.001080186858,448,10689,0,2.237767896,6.227212664,10,13,22,1,0.01777648728,660060
S09-surge-supply,errra-no-floor,100038,282969.4652,221808.7,4807.545176,20000,36353.22,0.7283114514,0.9811797869,0.9706999457,0.9632709633,0.6735651052,0.01406241972,454,10109,0,2.291106109,5.789772956,12,16,23,1,0.0107298965,640230
S09-surge-supply,errra-no-floor,100039,283305.8358,221984.6,4820.030824,20075,36426.205,0.7256027092,0.9754893829,0.9741001142,0.9668690906,0.6722767467,0.007708339543,591,10173,0,2.927903168,5.853186228,12,16,21,1,0.01898167599,668990
S09-surge-supply,errra-no-floor,100040,280702.5176,219665,4782.017647,19650,36605.5,0.7263397948,0.9783165945,0.9747391543,0.9677419355,0.671071457,0.01076556102,516,10191,0,2.316352324,5.994950318,8,10,17,1,0.0187719658,648270
S09-surge-supply,errra-no-floor,100041,278648.9749,218047.9,4689.549882,19275,36636.525,0.7256847956,0.9836820968,0.9815958423,0.9764438879,0.6691973112,0.006997313643,386,10276,0,2.043492691,6.105994442,10,12,18,1,0.02882436516,611305
S09-surge-supply,errra-no-floor,100042,282058.6722,220944.4,4798.497176,20125,36190.775,0.7265413382,0.9774563839,0.9711571675,0.9630939227,0.6747786302,0.01289386915,544,9958,0,2.798211129,5.826062934,13,14,23,1,0.02506554705,658760
S09-surge-supply,errra-no-floor,100043,282615.8652,222459.3,4761.700235,19325,36069.865,0.7331242513,0.9853198037,0.9805481874,0.9750453721,0.6867394452,0.009711552815,353,9640,0,1.823722268,5.485940802,11,12,19,1,0.02039051622,616925
S09-surge-supply,errra-no-floor,100044,275069.49,215142.3,4660.74,20375,34891.45,0.7205660612,0.9613163482,0.959543311,0.9483114,0.6641908529,0.0131108445,911,9956,0,4.88642801,6.00481401,23,25,28,1,0.01345837466,684980
S09-surge-supply,errra-no-floor,100045,282064.4799,220712.3,4790.649882,20525,36036.53,0.7297503718,0.9795213422,0.968482906,0.9610921502,0.6743326489,0.01323829742,498,10133,0,2.677313396,5.721523228,13,17,24,1,0.01666935083,644435
S09-surge-supply,errra-no-floor,100046,281417.5482,220449.2,4748.368235,20400,35819.98,0.7254227224,0.976806904,0.9714285714,0.9634007729,0.6726828792,0.0156820623,559,10051,0,2.914557271,5.860262068,12,13,22,1,0.03040923026,664360
S09-surge-supply,errra-no-floor,100047,280845.4048,220299.8,4796.659765,20325,35423.945,0.7319242851,0.9727950673,0.9640962151,0.9539160045,0.6812714438,0.01378943757,653,9919,0,3.363030333,5.569418869,12,17,26,1,0.02030275526,635940
S09-surge-supply,errra-no-floor,100048,279722.441,218915.4,4747.536,19475,36584.505,0.719836179,0.9880743158,0.9840055633,0.9795373665,0.6686606188,0.005751551536,285,10317,8,1.513344668,6.096041443,10,12,16,1,0.01967633369,656745
S09-surge-supply,errra-no-floor,100049,286778.3499,225141.5,4867.509882,19575,37194.34,0.7303089672,0.9732947364,0.9725349207,0.965083171,0.6810286921,0.007113044068,655,10212,0,3.201817542,5.722842922,11,15,21,1,0.02339567602,675510
S09-surge-supply,errra-no-floor,100050,277311.8216,216824,4704.286588,19100,36683.535,0.722880184,0.9806931942,0.9736889207,0.9663923182,0.6694689031,0.01416309475,459,10362,0,2.495559764,6.191820584,15,17,22,1,0.01184747586,631655
S09-surge-supply,errra-no-floor,100051,281394.789,220394.1,4755.444,20025,36220.245,0.721219689,0.9709802948,0.9644282492,0.9542716931,0.667622,0.02510343126,701,10165,0,3.451855966,5.97023282,14,17,21,1,0.02086477124,700660
S09-surge-supply,errra-no-floor,100052,282556.3748,221491.8,4736.894824,19900,36427.68,0.7349656357,0.9780007402,0.971106413,0.962962963,0.6825788645,0.009621510661,535,9861,0,2.824828335,5.588823561,13,17,25,1,0.01728879207,638160
S09-surge-supply,errra-no-floor,100053,278209.5476,217343.4,4769.057647,20050,36047.09,0.7260922182,0.9809432066,0.9788732394,0.9731958763,0.6743772952,0.00810592723,455,10294,0,2.374152167,6.02656949,11,14,21,1,0.01659154051,631655
S09-surge-supply,errra-no-floor,100054,284118.1942,222676.1,4760.709176,19500,37181.385,0.7171795766,0.9705096039,0.9689008043,0.9604814899,0.6664858162,0.007226516665,717,10428,1,3.700433756,6.094470232,17,21,26,1,0.01321066401,706725
S09-surge-supply,errra-no-floor,100055,283251.1547,221592.7,4772.784706,20050,36835.67,0.7106759657,0.9725379574,0.965112202,0.9555307263,0.6545266567,0.02894185209,662,10801,0,3.320592363,6.422585837,14,17,19,1,0.01830392684,718255
S09-surge-supply,errra-no-floor,100056,284557.1951,222873,4825.495059,19825,37033.7,0.7176270095,0.9759887589,0.9712354878,0.9633796603,0.6653010262,0.009427495642,581,10444,0,3.006020459,6.13327608,13,18,21,1,0.01715155088,681290
S09-surge-supply,errra-no-floor,100057,283354.4742,221934,4776.249176,19625,37019.225,0.7326304226,0.9846879656,0.981569247,0.9772575251,0.6782906049,0.003935405855,370,10355,0,1.962236832,5.837531149,11,14,19,1,0.01401657732,610280
S09-surge-supply,errra-no-floor,100058,286169.5947,224374.4,4748.964706,19550,37496.23,0.7278384439,0.9847200033,0.9828349945,0.9780712096,0.677222715,0.0026180639,373,10437,10,1.970495516,6.003781496,12,14,22,1,0.01861827908,649535
S09-surge-supply,errra-no-floor,100059,285385.8052,223439.5,4813.245176,20525,36608.06,0.7157473723,0.9591870051,0.9566126503,0.9445681211,0.6597862713,0.01116452066,1000,10872,0,5.200777673,6.175611571,16,20,29,1,0.02353496786,740065
S09-surge-supply,errra-no-floor,100060,281716.2159,220607.7,4839.705882,20425,35843.81,0.729972413,0.9790460321,0.972270364,0.9646017699,0.6767414169,0.01569405258,503,9903,0,2.547715156,5.655176611,12,14,21,1,0.01687577378,642260
S09-surge-supply,errra-no-floor,100061,283878.8154,222117.5,4773.445412,19700,37287.87,0.7210930805,0.9793378143,0.9746721213,0.9674652241,0.665607502,0.01655594889,498,10636,0,2.399126878,6.093147494,11,12,15,1,0.02605977912,667675
S09-surge-supply,errra-no-floor,100062,278204.2608,217880.1,4709.930824,19875,35739.23,0.7301963579,0.9860693568,0.9741256246,0.967112724,0.6826058346,0.01635174374,329,9923,0,1.791725457,5.792351224,10,12,21,1,0.0219177317,604975
S09-surge-supply,errra-no-floor,100063,282980.9595,221207.8,4769.144471,20025,36979.015,0.7166451474,0.9774482673,0.9733001068,0.9659477866,0.6601131789,0.01240661633,546,10673,0,2.848967198,6.456356251,12,14,25,1,0.02171435408,664895
S09-surge-supply,errra-no-floor,100064,285186.6763,222793,4853.051294,20000,37540.625,0.7185079711,0.9795474147,0.9714137214,0.9635520212,0.6640473794,0.01253603434,498,10664,0,2.396591747,6.394219253,10,14,20,1,0.01608775242,669810
S09-surge-supply,errra-no-floor,100065,281219.9111,219614.7,4759.051059,19650,37196.16,0.7234472992,0.979996673,0.9733286541,0.9658426966,0.6724208957,0.01270036251,481,10263,0,2.42462172,6.194888394,12,14,22,1,0.01810583477,642450
S09-surge-supply,errra-no-floor,100066,283462.1396,221635.2,4746.749647,20425,36655.19,0.7190680199,0.9715582577,0.9659627924,0.9563884418,0.6589846554,0.01961413071,683,10563,0,3.311802695,6.188896247,11,15,24,1,0.02069301785,690450
S09-surge-supply,errra-no-floor,100067,283605.7951,221801.8,4718.275059,18875,38210.72,0.7271669809,0.9842229492,0.9825879547,0.9778771119,0.6744917249,0.01465570574,381,10343,0,1.9581595,5.996082521,10,11,13,1,0.02974684749,633570
S09-surge-supply,errra-no-floor,100068,280936.322,220086.2,4734.432,19750,36365.69,0.7249346942,0.9816006978,0.9799751905,0.9745093616,0.6701081229,0.003738164547,443,9990,0,2.203430983,5.947997738,10,13,22,1,0.0245508123,644525
S09-surge-supply,errra-no-floor,100069,282751.6591,221916.6,4787.599059,20675,35372.46,0.7227634356,0.96075,0.95838918,0.9469019669,0.6674825313,0.01392352361,942,9947,0,4.794815175,5.74069113,16,19,24,1,0.02222356854,717055
S09-surge-supply,errra-no-floor,100070,281301.8964,220527.5,4738.141412,19725,36311.255,0.7313026851,0.9878845914,0.985915493,0.981981982,0.6793941733,0.0028980042,291,9978,0,1.420993197,5.711790687,8,11,21,1,0.0148688125,618820
S09-surge-supply,errra-no-floor,100071,279966.0629,219224.5,4738.732941,19750,36252.83,0.7332934913,0.9773869347,0.9719789842,0.9642218247,0.6784855889,0.02098257505,540,9846,0,2.83608472,5.742869173,12,14,21,1,0.03123246187,620275
S09-surge-supply,errra-no-floor,100072,287114.8081,225234.2,4786.363059,19925,37169.245,0.7221860335,0.987483585,0.9836333879,0.9797202797,0.6715858694,0.005225371838,305,10437,8,1.571654469,6.179506268,8,11,24,1,0.01613046269,640370
S09-surge-supply,errra-no-floor,100073,280268.2985,219225.9,4762.983529,20450,35829.415,0.7298020986,0.9856281873,0.9770198796,0.9706635623,0.6748519371,0.01206548623,341,9933,0,1.734280042,5.625441744,9,11,18,1,0.02186064287,639350
S09-surge-supply,errra-no-floor,100074,282347.7832,221073.1,4831.348235,20875,35568.335,0.7200633451,0.9751343246,0.9737210932,0.9662390277,0.6587715143,0.0103044659,597,10308,0,3.003434895,5.858285621,12,14,26,1,0.02422412337,682105
S09-surge-supply,errra-no-floor,100075,282381.089,221158.2,4830.084,19625,36767.805,0.7203125633,0.9801291398,0.9779320164,0.9717346706,0.6658216405,0.002963180134,477,10202,0,2.493082362,6.018367815,11,14,21,1,0.02127540172,672585
S09-surge-supply,errra-no-floor,100076,280888.1492,219948.6,4693.929176,19300,36945.62,0.7255720909,0.9664557224,0.964148376,0.9541048167,0.6702850707,0.02045008382,811,9849,0,4.041241928,5.810659205,15,18,25,1,0.02023341729,676160
S09-surge-supply,errra-no-floor,100077,280739.1457,220022,4723.500706,19950,36043.645,0.7254680742,0.9821798591,0.9638033495,0.9545454545,0.6733664442,0.02165425517,430,10054,0,2.198607012,5.706785398,12,15,19,1,0.01402860259,653785
S09-surge-supply,errra-no-floor,100078,282233.3709,221469.1,4812.640941,19725,36226.63,0.7277484787,0.9802197802,0.9664715274,0.9594046008,0.6780832741,0.01846768508,477,10008,0,2.60892645,5.793022312,14,16,24,1,0.0200523643,630390
S09-surge-supply,errra-no-floor,100079,287050.4808,225488.3,4815.050824,20500,36247.13,0.7358034207,0.9751517373,0.9724921953,0.9649662416,0.6838601689,0.009794721548,610,10083,0,3.052005663,5.639201563,13,17,24,1,0.01765312767,632010
S09-surge-supply,errra-no-floor,100080,282984.9135,221622.4,4770.908471,19925,36666.605,0.7337614556,0.9713060686,0.960668291,0.9498000888,0.6856407657,0.03120603188,696,10046,0,3.39008356,5.574192254,12,14,17,1,0.02944338081,653435
S09-surge-supply,errra-no-floor,100081,278659.5502,218602,4760.085176,19575,35722.465,0.7349425538,0.9810645908,0.9755832881,0.9689440994,0.6849735766,0.006132259803,450,9450,0,2.432781637,5.523401468,12,16,23,1,0.01364029918,600285
S09-surge-supply,errra-no-floor,100082,283173.0831,221030.2,4806.698118,20750,36586.185,0.7144951512,0.9694079762,0.9553571429,0.9429223744,0.6583164774,0.03888067799,741,10460,0,3.80388922,6.204548817,18,20,24,1,0.01595632796,701580
S09-surge-supply,errra-no-floor,100083,283365.0637,221361.1,4786.248706,19650,37567.715,0.7171944179,0.9752508084,0.9686999822,0.9599818099,0.6617034996,0.0176445556,597,10727,0,3.111264966,6.269092573,13,14,20,1,0.03316756119,692380
S09-surge-supply,errra-no-floor,100084,278374.6591,217398.9,4765.459059,19925,36285.3,0.7134420814,0.9775404695,0.9667857143,0.957514847,0.6586551987,0.03107295809,530,10233,0,2.774441586,6.258544979,13,14,16,1,0.02560183566,684600
S09-surge-supply,errra-no-floor,100085,281936.1441,220770.6,4799.594118,19875,36490.95,0.7153812977,0.9716173537,0.9653528873,0.9556962025,0.6654905002,0.01839121342,683,10138,0,3.524215002,5.888575896,14,16,19,1,0.02542252418,720865
S09-surge-supply,errra-no-floor,100086,283746.9568,222433.5,4802.966824,20500,36010.49,0.7159684633,0.9790697674,0.9739193872,0.9667828107,0.6615253449,0.01652647268,504,10449,0,2.699848674,6.048594415,12,15,19,1,0.02361755646,698195
S09-surge-supply,errra-no-floor,100087,282099.0995,220766.3,4764.459529,19700,36868.34,0.7233293781,0.9761311748,0.9690867338,0.960496614,0.6702594654,0.009528706584,575,10600,0,2.836421182,6.311701095,11,14,22,1,0.02126740501,631480
S09-surge-supply,errra-no-floor,100088,284453.6332,222503.3,4726.048235,20575,36649.285,0.7153190183,0.971394615,0.9664754392,0.95703125,0.65615311,0.02654656829,698,10917,0,3.567603567,6.125245219,15,19,25,1,0.01515307737,702410
S09-surge-supply,errra-no-floor,100089,285917.7698,224163.2,4789.034824,20250,36715.535,0.7263533294,0.9797305598,0.9705561614,0.9625779626,0.6754445108,0.01268141486,495,10250,0,2.448511876,5.86096769,13,15,20,1,0.01885938679,663540
S09-surge-supply,errra-no-floor,100090,278579.6801,217855.7,4743.115059,19375,36605.865,0.7248996532,0.9856517714,0.9745337159,0.9675502742,0.6735348624,0.01487423118,341,10151,0,1.73587545,6.030759359,10,12,15,1,0.02325437197,633350
S09-surge-supply,errra-no-floor,100091,283208.4144,222161.1,4735.249412,19225,37087.065,0.7346553731,0.9816817937,0.9802513465,0.9747184555,0.6842804855,0.01151594219,442,10150,0,2.332479634,5.790815302,12,14,19,1,0.02081927804,616610
S09-surge-supply,errra-no-floor,100092,279819.621,218512.1,4728.636,19950,36628.885,0.7116381191,0.9648747325,0.9519873373,0.9390488948,0.6584551148,0.03034286699,837,10479,0,4.358953006,6.242226707,14,23,29,1,0.01592451863,713365
S09-surge-supply,errra-no-floor,100093,283779.8801,222119.7,4730.930118,19925,37004.25,0.726387849,0.9823526986,0.9751082251,0.9682831533,0.6773989536,0.009550899455,428,10399,0,2.190619862,6.013945342,10,13,21,1,0.02439626979,650850
S09-surge-supply,errra-no-floor,100094,282345.0841,221228.7,4725.679059,19475,36915.705,0.7264838039,0.9847845861,0.9750851407,0.9679871027,0.6738263865,0.01337754142,368,10051,0,1.954979902,5.771336597,11,13,20,1,0.02115645681,639965
S09-surge-supply,errra-no-floor,100095,276363.3164,215549.2,4661.701412,19450,36702.415,0.7253932153,0.9916204664,0.9870475515,0.9834316841,0.6731030895,0.009174790693,198,10038,0,1.071840793,5.944648435,8,11,13,1,0.01597404527,611945
S09-surge-supply,errra-no-floor,100096,279943.6995,219256,4793.984471,19875,36018.715,0.730124782,0.9847013828,0.9811990067,0.9758871702,0.6747426164,0.004970159722,364,9905,0,1.866806117,5.606555144,11,13,21,1,0.0160116589,621800
S09-surge-supply,errra-no-floor,100097,281949.9129,220755.7,4797.357882,20200,36196.855,0.7304123295,0.9877152936,0.9785867238,0.9732693626,0.6849176763,0.01265922898,296,9981,0,1.572909134,5.823811829,10,14,22,1,0.01245090535,642490
S09-surge-supply,errra-no-floor,100098,281123.9417,220227.6,4792.716706,20450,35653.625,0.7324876941,0.9770346157,0.9714031972,0.963367463,0.6783734191,0.02699166641,548,9845,0,2.862694279,5.650119003,13,15,19,1,0.02543173338,644720
S09-surge-supply,errra-no-floor,100099,283588.0941,222360.9,4765.514118,20050,36411.68,0.7257554111,0.9681034483,0.9619081524,0.9513083049,0.6702294207,0.02798008606,777,10304,0,4.080767423,5.913316331,16,19,24,1,0.02303889599,690840
S09-surge-supply,errra-no-floor,100100,277064.3518,216967.4,4733.071765,20000,35363.88,0.7324580019,0.9864224685,0.9725511302,0.9654934438,0.6802913556,0.01678599433,321,9979,0,1.654721397,5.66219417,7,9,24,1,0.01133437778,620525
S09-surge-supply,errra-no-vulnerability,100001,287596.9008,223149.9,4780.435765,22450,37216.565,0.7222498221,0.9959185356,0.9862239491,0.982376864,0.670444128,0.01371627443,99,10506,0,0.502227129,6.309048431,0,8,13,1,0.005231555647,632205
S09-surge-supply,errra-no-vulnerability,100002,283146.1455,219590,4782.200471,22525,36248.945,0.7212228501,0.9928328932,0.975371179,0.968442256,0.6686474025,0.02462882096,171,10345,0,0.9150045255,6.122611834,7,10,13,1,0.01612297952,631235
S09-surge-supply,errra-no-vulnerability,100003,282089.2688,218822.6,4764.403765,23025,35477.265,0.7262076277,0.9956463496,0.9861839804,0.9824210058,0.6686489389,0.01381601959,104,10095,0,0.4998885008,5.918028108,0,7,11,1,0.004778442466,602310
S09-surge-supply,errra-no-vulnerability,100004,285653.3102,222118.2,4794.940235,21925,36815.17,0.7235883976,0.9965101786,0.9879958246,0.9847816498,0.6781126821,0.01176130955,84,10252,0,0.4163952449,6.103371694,0,0,10,1,,610055
S09-surge-supply,errra-no-vulnerability,100005,286289.5542,223311.1,4805.164235,21050,37123.29,0.7392297519,0.9968959523,0.9937219731,0.991954023,0.683230413,0.004361400169,75,9806,0,0.3888092713,5.550862288,0,6,10,1,0.005572441743,572770
S09-surge-supply,errra-no-vulnerability,100006,282970.0596,219294.7,4702.529647,22750,36222.83,0.7356366879,0.9942385808,0.9771171171,0.9706358382,0.6882587142,0.02282307785,139,9938,0,0.7102162112,5.811520376,0,9,12,1,0.01120200079,581080
S09-surge-supply,errra-no-vulnerability,100007,284963.5105,221766.6,4777.275529,22400,36019.635,0.7313605488,0.9881992464,0.9716845878,0.9635776856,0.682616655,0.02286989726,285,9840,0,1.475718526,5.693644495,8,10,17,1,0.02699720924,618060
S09-surge-supply,errra-no-vulnerability,100008,282474.0485,219246.1,4664.168471,22250,36313.78,0.7354013371,0.9994591671,0.9972067039,0.9978448276,0.6861924686,0.002793296089,13,10021,0,0.05649601941,5.653452427,0,0,0,1,,577690
S09-surge-supply,errra-no-vulnerability,100009,284926.1561,221113.5,4718.371059,21775,37319.285,0.7287164067,0.9916857202,0.978425027,0.9723374827,0.678960636,0.01851227786,200,10227,0,1.034591064,6.236448573,7,10,14,1,0.01419424388,609040
S09-surge-supply,errra-no-vulnerability,100010,288310.6605,224410.7,4833.680471,21825,37241.28,0.7266045535,0.9980755845,0.9921273931,0.9899336536,0.6761831769,0.007872606906,47,10226,0,0.2383353471,5.928321748,0,0,10,1,,618990
S09-surge-supply,errra-no-vulnerability,100011,279668.8979,217596.3,4678.072941,21800,35594.525,0.736096173,0.9924846755,0.9751861042,0.9683186241,0.6863726266,0.02481389578,179,9775,0,0.9359051521,5.628187499,6,10,16,1,0.01389587159,578485
S09-surge-supply,errra-no-vulnerability,100012,283866.4767,220555.1,4780.296706,22325,36206.08,0.7338381998,0.9971295449,0.9906340058,0.9879796579,0.6814119575,0.009124943254,69,10013,0,0.3208612618,5.964794341,0,0,10,1,,586340
S09-surge-supply,errra-no-vulnerability,100013,282595.939,219565.6,4732.944,22225,36072.395,0.7282126831,0.9992094862,0.9969680756,0.9961433757,0.6698826905,0.00303192438,19,10074,0,0.1072597099,5.971995459,0,0,8,1,,598615
S09-surge-supply,errra-no-vulnerability,100014,286501.0976,223365,4832.122588,21800,36503.975,0.7307820655,0.9975210709,0.9910682387,0.9885478699,0.6780361557,0.008511744543,60,9998,0,0.3280732743,5.77907551,0,0,11,1,,586295
S09-surge-supply,errra-no-vulnerability,100015,285195.5718,221262.9,4706.611765,22675,36551.06,0.7355529836,0.9936075713,0.9754069356,0.9686513306,0.6878864476,0.02423300679,154,10144,0,0.7714397303,5.878125589,0,10,12,1,0.01028691087,582290
S09-surge-supply,errra-no-vulnerability,100016,281596.2075,218775.3,4809.452471,22325,35686.455,0.72981035,0.9960432715,0.988628532,0.9854657564,0.6780434826,0.01037792598,94,9845,0,0.509927003,5.908500041,0,7,14,1,0.005174322758,579755
S09-surge-supply,errra-no-vulnerability,100017,287816.6785,223780.1,4920.303529,22850,36266.275,0.7296614116,0.9860225601,0.9849063151,0.9806838366,0.6761054405,0.005738175586,342,10248,0,1.722252667,5.85211202,9,10,15,1,0.02683847727,632460
S09-surge-supply,errra-no-vulnerability,100018,285783.9703,222324.4,4786.415294,22450,36223.155,0.735000337,0.9929664874,0.9757426613,0.969023569,0.6845654688,0.02365554538,170,9886,0,0.8597381091,5.831758442,0,9,13,1,0.01316038501,575950
S09-surge-supply,errra-no-vulnerability,100019,283666.4349,220354.3,4773.189882,23075,35463.945,0.7433194875,0.9986652763,0.9955539747,0.9943272067,0.6893969178,0.00426388695,32,9512,0,0.1674685415,5.44077176,0,0,9,1,,560640
S09-surge-supply,errra-no-vulnerability,100020,285977.0614,221732.5,4773.426353,22525,36946.135,0.719934191,0.9890619821,0.9855959669,0.9815668203,0.671509423,0.007452161472,264,10531,0,1.343244717,6.266755671,8,9,12,1,0.02484674347,644490
S09-surge-supply,errra-no-vulnerability,100021,281848.7528,219440.4,4771.927765,21225,36411.425,0.7308152012,0.9964671742,0.9903034656,0.9876146789,0.6794528108,0.008778316953,84,10118,0,0.4206490401,5.915464646,0,0,10,1,,610080
S09-surge-supply,errra-no-vulnerability,100022,283848.1279,221470.5,4749.112941,21050,36578.515,0.7401742342,0.9963591229,0.9869989166,0.9840166782,0.692910332,0.01300108342,88,9789,0,0.4614768916,5.51296051,0,6,12,1,0.001006036217,576470
S09-surge-supply,errra-no-vulnerability,100023,286816.2109,223588.3,4855.305882,21400,36972.605,0.7338126617,0.9974997951,0.9861775651,0.9824442944,0.6908844328,0.01268695409,61,10227,0,0.3103160914,5.893445028,0,0,16,1,,597960
S09-surge-supply,errra-no-vulnerability,100024,284606.7808,221340.2,4829.750824,21750,36686.83,0.7363469204,0.9946400594,0.9892640693,0.9863043958,0.6807968315,0.007781275647,130,9889,0,0.6656962891,5.757552982,0,8,12,1,0.0160403951,572470
S09-surge-supply,errra-no-vulnerability,100025,283877.6295,220913.4,4732.664471,21625,36606.565,0.7319332838,0.9794333856,0.9722073757,0.9644808743,0.6796546942,0.01049532697,498,9914,0,2.448218307,5.823215612,10,11,15,1,0.03309910117,624675
S09-surge-supply,errra-no-vulnerability,100026,280251.7981,217900.8,4756.718118,21875,35719.28,0.7263408132,0.9962371047,0.985318407,0.9812514647,0.6812063858,0.01437567029,89,10090,0,0.4697867906,5.943000838,0,7,11,1,0.007218686291,610930
S09-surge-supply,errra-no-vulnerability,100027,288071.4266,223918.3,4773.821647,22750,36629.305,0.7324284245,0.9917695473,0.9687280394,0.9599910092,0.6812165478,0.03127196065,200,10233,0,1.03860494,5.909086051,8,11,15,1,0.01323698399,588780
S09-surge-supply,errra-no-vulnerability,100028,282896.4931,220053.6,4766.683059,22525,35551.21,0.7351741705,0.9952774992,0.9880043621,0.9846689895,0.6810608301,0.009741876605,113,9898,0,0.5946630181,5.653948812,0,7,15,1,0.004629457877,569805
S09-surge-supply,errra-no-vulnerability,100029,283346.5949,219918.8,4723.204941,21950,36754.59,0.7312243321,0.9989176138,0.9917853231,0.9895470383,0.6784299886,0.008214676889,26,10322,0,0.1194481678,5.984562003,0,0,0,1,,587510
S09-surge-supply,errra-no-vulnerability,100030,280400.8198,218049.8,4706.659765,21825,35819.36,0.7390639924,0.99294503,0.9813289401,0.9763560501,0.6863519143,0.01549354687,168,9748,22,0.9297198869,5.784227043,6,9,17,1,0.01356948586,557920
S09-surge-supply,errra-no-vulnerability,100031,285208.5674,221153.6,4729.422353,22900,36425.545,0.72826994,0.9897234833,0.967903891,0.9591324201,0.680506781,0.0297127449,249,10162,0,1.288886398,6.078535088,8,10,15,1,0.01869882111,623385
S09-surge-supply,errra-no-vulnerability,100032,285417.8091,221808.5,4834.879059,22375,36399.43,0.7304725298,0.9814149424,0.9750579013,0.9681745851,0.6826668226,0.01314585205,450,10122,0,2.316953589,5.699830663,9,11,15,1,0.0333088556,630580
S09-surge-supply,errra-no-vulnerability,100033,279390.0891,216281.4,4730.539059,23275,35103.15,0.7270070999,0.9870397644,0.9684431978,0.9595050619,0.6727181845,0.02447246786,308,10168,0,1.594524831,5.909011469,9,12,16,1,0.01860415835,606315
S09-surge-supply,errra-no-vulnerability,100034,283974.4592,221036.5,4780.689176,21675,36482.27,0.7338152828,0.9922141727,0.9713578501,0.9633235228,0.6835365734,0.02827873382,187,9970,0,1.00852429,5.880156746,8,10,13,1,0.01815154475,586325
S09-surge-supply,errra-no-vulnerability,100035,279315.7289,216662,4602.148941,21600,36451.58,0.722948513,0.9944451458,0.9771630152,0.9708944628,0.6720736605,0.02283698478,132,10253,0,0.6680876543,6.049069027,0,8,11,1,0.01349791781,628990
S09-surge-supply,errra-no-vulnerability,100036,281306.0779,218770.9,4777.372941,22650,35107.805,0.7381955523,0.9945339108,0.9814002457,0.9763287182,0.6879535848,0.01810674886,130,9863,0,0.6836662642,5.697263468,0,8,11,1,0.01569298335,548775
S09-surge-supply,errra-no-vulnerability,100037,285506.2455,221544.5,4732.940471,21650,37578.805,0.725999137,0.9970572388,0.9899713467,0.9871086556,0.6781184035,0.009609917876,71,10418,0,0.3608648052,6.248705571,0,0,10,1,,604305
S09-surge-supply,errra-no-vulnerability,100038,285246.7095,221672.8,4781.619529,22400,36392.29,0.7339037376,0.9939476848,0.9804946012,0.9751718023,0.6817924215,0.01950539882,146,10073,0,0.7855395444,5.817908726,0,10,17,1,0.01141842235,586125
S09-surge-supply,errra-no-vulnerability,100039,285233.2631,221423.7,4802.683059,22650,36356.88,0.7321202999,0.9915809555,0.9784005712,0.9724247949,0.6813526382,0.01757322843,203,9994,0,1.039064597,5.829722902,7,9,13,1,0.01769181593,605815
S09-surge-supply,errra-no-vulnerability,100040,281274.1794,217432.7,4731.709412,22325,36784.77,0.7281180431,0.9989914695,0.9956068094,0.9943899018,0.6753835148,0.004393190555,24,10269,0,0.1253257271,6.089550415,0,0,10,1,,585550
S09-surge-supply,errra-no-vulnerability,100041,281881.9094,219347,4726.074353,21225,36583.835,0.7240831748,0.9946734306,0.9875067898,0.9847539848,0.6683471728,0.0099251882,126,10395,0,0.6849243477,6.084064558,0,8,16,1,0.01388623339,587475
S09-surge-supply,errra-no-vulnerability,100042,284489.0579,220922.5,4824.117882,22600,36142.44,0.7315679536,0.991546144,0.978238342,0.9721546961,0.6817599148,0.01835947091,204,9905,0,1.032695412,5.813705276,8,10,14,1,0.01418435349,609850
S09-surge-supply,errra-no-vulnerability,100043,284052.4018,221580.3,4828.471765,21450,36193.63,0.7351702045,0.996007652,0.992219275,0.9900181488,0.687932856,0.005241886843,96,9906,0,0.4801198368,5.567011697,0,7,12,1,0.006427582645,599365
S09-surge-supply,errra-no-vulnerability,100044,277275.0429,214765.4,4663.857882,23150,34695.785,0.7330299216,0.9934607219,0.9811456276,0.9758120249,0.6789044524,0.01637236696,154,9759,0,0.8250344419,5.874462228,6,9,12,1,0.01731811799,568225
S09-surge-supply,errra-no-vulnerability,100045,285892.0778,222215.3,4824.722824,22850,36002.055,0.7337835484,0.994160704,0.9774305556,0.9711943275,0.6786545419,0.02256944444,142,10062,0,0.7611807313,5.719808123,0,9,16,1,0.01021288926,593895
S09-surge-supply,errra-no-vulnerability,100046,283687.0223,220252.9,4768.367294,22925,35740.755,0.7341403182,0.9942743341,0.9822537711,0.9772675608,0.6826643227,0.01575887572,138,9821,0,0.7378291416,5.803570706,0,8,11,1,0.01259729746,578860
S09-surge-supply,errra-no-vulnerability,100047,282402.8626,220175.3,4789.457647,22050,35388.105,0.7385317374,0.9920426613,0.9766536965,0.9700340522,0.6870095043,0.02061820408,191,9838,1,0.9925387008,5.547741551,0,10,16,1,0.01064749893,563115
S09-surge-supply,errra-no-vulnerability,100048,282623.2002,219654.2,4789.905176,21700,36479.095,0.7184393604,0.9958992384,0.985744089,0.9817615658,0.6655508458,0.01376523385,98,10163,0,0.5572489348,6.03761917,0,9,11,1,0.01008169874,631065
S09-surge-supply,errra-no-vulnerability,100049,288287.3349,224936.2,4812.304941,21325,37213.83,0.734478833,0.9962898031,0.9879832811,0.9845637584,0.6850014394,0.01125052571,91,10192,0,0.4722507739,5.723438617,0,7,11,1,0.006474339828,608615
S09-surge-supply,errra-no-vulnerability,100050,280650.1656,217728.4,4729.745647,21525,36667.02,0.7247970207,0.9904096913,0.9867549669,0.9830818473,0.6708235388,0.007723221959,228,10356,0,1.199897047,6.189397155,8,9,11,1,0.02758932975,609865
S09-surge-supply,errra-no-vulnerability,100051,284788.2954,221562.5,4793.730353,22400,36032.065,0.7310615215,0.9939145554,0.9809127191,0.9754628597,0.6795344212,0.01727765371,147,10189,0,0.7978409722,5.860683692,7,9,12,1,0.0148800918,616965
S09-surge-supply,errra-no-vulnerability,100052,283937.0902,220622.6,4708.480235,22150,36456.01,0.7375161082,0.988609729,0.9765680056,0.9699638663,0.6859608544,0.0159140946,277,9815,0,1.375307589,5.60376396,8,10,15,1,0.01976161135,602790
S09-surge-supply,errra-no-vulnerability,100053,281060.0025,218399.2,4743.752471,21975,35942.05,0.7289884829,0.9971519518,0.9902491874,0.987628866,0.6803847996,0.009750812568,68,9956,0,0.3641492249,5.954448418,0,0,10,1,,580505
S09-surge-supply,errra-no-vulnerability,100054,287351.7075,222832,4799.612471,22300,37420.095,0.7278849508,0.9930489861,0.9740840036,0.9670679082,0.6793132848,0.02573777507,169,10353,0,0.8754480032,6.266816023,6,10,16,1,0.01204347013,602845
S09-surge-supply,errra-no-vulnerability,100055,285748.3802,222247.6,4776.285176,21925,36799.495,0.7186963519,0.9922840787,0.9770336606,0.970726257,0.6644558453,0.02036846604,186,10789,0,0.9360843125,6.406169528,7,9,13,1,0.01610834445,643980
S09-surge-supply,errra-no-vulnerability,100056,286516.2705,222411.5,4787.595529,22375,36942.175,0.7209817235,0.9958259288,0.9883977901,0.9853454292,0.6679932889,0.010157819,101,10254,0,0.5153852735,6.076380129,0,8,11,1,0.004868121118,620660
S09-surge-supply,errra-no-vulnerability,100057,285052.5015,222492.6,4785.056471,20850,36924.845,0.737480239,0.9971445125,0.990521327,0.9881091163,0.6843376287,0.009478672986,69,10165,0,0.3546622061,5.7815573,0,0,11,1,,560090
S09-surge-supply,errra-no-vulnerability,100058,288128.2231,224526.7,4746.583059,21500,37354.94,0.7354677777,0.9979107779,0.9928017719,0.9908040556,0.6878668353,0.007198228128,51,10344,0,0.2525443142,5.897793464,0,0,10,1,,594030
S09-surge-supply,errra-no-vulnerability,100059,288085.0742,223601.6,4821.849176,23150,36511.625,0.7290351728,0.9868990287,0.970552361,0.9623775601,0.6761336286,0.02153362998,321,10666,0,1.603726458,6.127257265,8,10,14,1,0.02339757265,617890
S09-surge-supply,errra-no-vulnerability,100060,283162.2068,220848.7,4832.971765,22150,35330.535,0.7431303078,0.9856696522,0.97694974,0.9705752212,0.6895018853,0.01310782145,344,9719,0,1.742851163,5.322415752,8,10,15,1,0.02657407879,584420
S09-surge-supply,errra-no-vulnerability,100061,286733.3383,222979.7,4796.123294,21775,37182.515,0.7304921808,0.9951041407,0.9841008772,0.9798733605,0.6775812295,0.01589912281,118,10323,11,0.6107521586,6.0489503,0,8,14,1,0.007858098852,580435
S09-surge-supply,errra-no-vulnerability,100062,279143.0521,216736.7,4724.467059,21875,35806.885,0.7344304526,0.9958504467,0.9851891506,0.9811748696,0.6863147819,0.01456350831,98,9901,0,0.4856992999,5.825045561,0,6,12,1,0.008735868448,564040
S09-surge-supply,errra-no-vulnerability,100063,284140.6912,220293.6,4790.656235,22750,36306.435,0.7261943189,0.9941348974,0.9779280883,0.9718501703,0.6726950975,0.02183244811,142,10172,0,0.7767502079,6.018694857,0,9,11,1,0.01486720641,609000
S09-surge-supply,errra-no-vulnerability,100064,289080.9535,224280.7,4857.488471,22475,37467.765,0.7166449312,0.9839418457,0.9759246336,0.9692376282,0.6618409847,0.01939761169,391,10711,15,1.962428106,6.365528438,8,10,12,1,0.04500342657,663295
S09-surge-supply,errra-no-vulnerability,100065,283979.6882,220604.6,4788.388235,21400,37186.7,0.7285993661,0.9926391084,0.9864888577,0.9826966292,0.6779920356,0.008719197625,177,10197,0,0.8360624763,6.19055904,0,8,15,1,0.01310054472,591280
S09-surge-supply,errra-no-vulnerability,100066,283735.8258,220194.8,4714.135765,22275,36551.89,0.7314745989,0.9937952861,0.9805843195,0.9751125859,0.6772973288,0.01738182272,149,10285,0,0.7731980468,6.127633695,0,9,12,1,0.01590827894,589960
S09-surge-supply,errra-no-vulnerability,100067,286183.9162,222686.5,4739.961176,20500,38257.455,0.7302287647,0.9975154251,0.9893980234,0.9864523536,0.6778094981,0.01060197664,60,10535,0,0.3038745645,6.039402083,0,0,10,1,,595215
S09-surge-supply,errra-no-vulnerability,100068,285430.3251,221863.6,4785.530118,22425,36356.195,0.7315729944,0.9986709308,0.9945711183,0.9950372208,0.6771731918,0.00542888165,32,10078,0,0.1531484536,5.949653947,0,0,8,1,,590555
S09-surge-supply,errra-no-vulnerability,100069,283783.5356,220454,4770.850588,23375,35183.685,0.7358472696,0.9859583333,0.9728412256,0.9655932951,0.6865303383,0.01955834006,337,9676,0,1.744034743,5.624276127,8,11,15,1,0.02659761652,614000
S09-surge-supply,errra-no-vulnerability,100070,283392.5718,220592.6,4735.586824,21775,36289.385,0.7337400016,0.9977517798,0.9918743229,0.9896049896,0.6822689562,0.00812567714,54,9860,0,0.3001809649,5.699321322,0,0,12,1,,585265
S09-surge-supply,errra-no-vulnerability,100071,282515.0238,219128,4763.558824,22075,36548.465,0.7334293165,0.9966499162,0.988441331,0.9852415027,0.6763403055,0.011558669,80,10187,2,0.3769085564,5.949187765,0,0,11,1,,572380
S09-surge-supply,errra-no-vulnerability,100072,285670.8859,222482.2,4706.325882,21600,36882.36,0.72929822,0.9981533158,0.9933584635,0.9915273643,0.6809527451,0.006641536528,45,10301,0,0.2454097982,5.959613416,0,0,11,1,,611215
S09-surge-supply,errra-no-vulnerability,100073,280443.1495,218229.9,4740.159529,21575,35898.09,0.7293535584,0.9928351667,0.9863213569,0.9825378347,0.6721366311,0.008495716249,170,10046,0,0.9101632456,5.671002555,7,9,12,1,0.02144240029,625670
S09-surge-supply,errra-no-vulnerability,100074,284264.9021,220531.4,4809.062118,23475,35449.44,0.7340182185,0.9950851764,0.9816047652,0.9763673194,0.6775619769,0.01839523476,118,9968,0,0.6135125079,5.792490627,0,8,12,1,0.01302040953,578050
S09-surge-supply,errra-no-vulnerability,100075,282727.2812,219938.7,4830.441176,21250,36708.14,0.73001606,0.9955842533,0.9871863321,0.9835878733,0.6791062375,0.01166131469,106,10051,0,0.5558975268,5.973791112,0,8,12,1,0.009398038147,595600
S09-surge-supply,errra-no-vulnerability,100076,283335.0985,220107.9,4671.243529,21625,36930.955,0.7345741589,0.9893287008,0.9789222874,0.972953904,0.682052975,0.01887749259,258,9777,0,1.359471581,5.787870186,8,10,15,1,0.02392627986,594155
S09-surge-supply,errra-no-vulnerability,100077,283956.9151,221092,4750.970118,21925,36188.945,0.7284632122,0.995151264,0.9865200426,0.9827898551,0.6786046873,0.01233819912,117,9972,7,0.6213597722,5.78327558,0,9,14,1,0.01009933928,606480
S09-surge-supply,errra-no-vulnerability,100078,284416.1544,220901.6,4825.554353,22325,36364,0.7301555105,0.9968069666,0.9893560404,0.9876736889,0.681618867,0.01052298937,77,10050,0,0.363855778,5.87015551,0,0,10,1,,587635
S09-surge-supply,errra-no-vulnerability,100079,288083.1106,224299.5,4809.790588,22775,36198.82,0.7348199928,0.9930750743,0.979831638,0.9742786849,0.6822440695,0.01822455565,170,10139,0,0.8747005583,5.611240315,0,9,18,1,0.01258485022,597810
S09-surge-supply,errra-no-vulnerability,100080,286195.2968,222851.4,4799.491765,21925,36619.405,0.739126363,0.9884976913,0.9691959624,0.9606841404,0.6926585832,0.02558320226,279,9935,0,1.400228825,5.559207974,8,10,12,1,0.02615453018,591180
S09-surge-supply,errra-no-vulnerability,100081,281124.789,218164.8,4755.924,22375,35829.065,0.7365799743,0.9934357248,0.9756401138,0.9687286008,0.6874264633,0.0243598862,156,9574,0,0.8614881679,5.582307671,6,10,14,1,0.01389428639,576615
S09-surge-supply,errra-no-vulnerability,100082,285872.5483,221477.3,4782.923294,23550,36062.325,0.7252821154,0.9821236892,0.9642857143,0.9543378995,0.6724949432,0.02838060316,433,10256,0,2.070282647,5.862553632,10,11,14,1,0.02866608379,644890
S09-surge-supply,errra-no-vulnerability,100083,284839.1602,220356.8,4744.000235,22475,37263.36,0.7326030494,0.9971809966,0.9895073804,0.9865848113,0.6816147879,0.0104926196,68,10524,0,0.3237592955,6.075051474,0,0,9,1,,575740
S09-surge-supply,errra-no-vulnerability,100084,279374.9496,216322.8,4761.449647,22075,36215.7,0.7217014247,0.9905924231,0.9867857143,0.9830973047,0.6680197741,0.01107295809,222,10001,0,1.122171053,6.215155895,7,9,10,1,0.02170286048,615265
S09-surge-supply,errra-no-vulnerability,100085,282958.4288,220058.6,4762.063765,21800,36337.765,0.7249642828,0.993018617,0.982695333,0.9777327935,0.6725668864,0.01389190208,168,9941,0,0.8608378007,5.774725719,0,8,16,1,0.01196759166,636110
S09-surge-supply,errra-no-vulnerability,100086,285659.4486,222004.7,4776.778588,22800,36077.97,0.7251286046,0.9948920266,0.9799379902,0.9744483159,0.6749147419,0.02006200985,123,10272,0,0.7021139085,6.09199092,0,9,14,1,0.01116409752,616950
S09-surge-supply,errra-no-vulnerability,100087,285763.4655,221836.5,4836.795529,22300,36790.17,0.7286554123,0.99750934,0.9915209327,0.9891647856,0.6744924355,0.008479067303,60,10668,0,0.3209834916,6.26782536,0,0,9,1,,561915
S09-surge-supply,errra-no-vulnerability,100088,288982.4129,224704.6,4759.197882,23000,36518.615,0.7232861356,0.9961476989,0.9845822876,0.9802389706,0.6661626794,0.01512290112,94,10614,0,0.4783436338,6.05861236,0,8,11,1,0.00701133273,611255
S09-surge-supply,errra-no-vulnerability,100089,287744.9287,224032.8,4759.788706,22200,36752.34,0.727710651,0.9927111912,0.9808906031,0.9754780652,0.6763306428,0.01668091856,178,10362,0,0.8953511108,5.867727684,0,9,15,1,0.01347057531,624825
S09-surge-supply,errra-no-vulnerability,100090,280778.6452,218094.3,4770.705176,21375,36538.64,0.7299511236,0.9965917698,0.9881635581,0.9849177331,0.680270211,0.01183644189,81,10073,0,0.4165066728,5.992832373,0,6,9,1,0.001918716204,590335
S09-surge-supply,errra-no-vulnerability,100091,285357.8074,222625.7,4748.737412,21025,36958.37,0.7388168547,0.9955655021,0.9940754039,0.9924155367,0.6884222693,0.003729206369,107,9991,0,0.5631386603,5.7074251,0,8,9,1,0.01621511973,568205
S09-surge-supply,errra-no-vulnerability,100092,280326.1493,217039.1,4685.219294,22075,36526.83,0.7166566659,0.9828780058,0.9678156877,0.9591426658,0.6677999801,0.02776686342,408,10436,0,2.082405246,6.169839625,10,13,18,1,0.01813034316,659060
S09-surge-supply,errra-no-vulnerability,100093,284563.2419,221709.9,4705.456941,21275,36872.885,0.7308803081,0.9945986064,0.9781746032,0.9721903011,0.6822859771,0.02152924093,131,10113,0,0.6949602655,5.929404214,0,10,12,1,0.01133171563,609180
S09-surge-supply,errra-no-vulnerability,100094,286126.2855,223301.8,4747.220471,20975,37102.265,0.728079941,0.9933846027,0.9786700125,0.972593275,0.681953636,0.01924851258,160,10168,1,0.8683018611,5.890724968,7,9,11,1,0.02053366831,622310
S09-surge-supply,errra-no-vulnerability,100095,279434.0356,217224,4693.325647,20800,36716.71,0.7261741656,0.9980532397,0.9925479063,0.9904675443,0.6734632624,0.007390135815,46,10177,0,0.2496446806,5.968898997,0,0,9,1,,595960
S09-surge-supply,errra-no-vulnerability,100096,282311.7159,219416.2,4801.185882,21950,36144.33,0.7337892328,0.9960912874,0.9854558354,0.9813466788,0.6793337838,0.0145441646,93,10123,0,0.4604512823,5.71443167,0,6,11,1,0.006185830281,575405
S09-surge-supply,errra-no-vulnerability,100097,285669.5676,222459.2,4775.002588,22250,36185.365,0.7323085613,0.9840630836,0.9688232114,0.9603119982,0.6876553277,0.02582346955,384,9866,0,1.945502869,5.807942656,9,12,14,1,0.02324163607,640430
S09-surge-supply,errra-no-vulnerability,100098,280971.9088,218086.2,4749.038824,22525,35611.67,0.7389246498,0.9969407426,0.9875666075,0.98407281,0.685989385,0.01243339254,73,9701,0,0.3568740209,5.631376102,0,0,10,1,,561465
S09-surge-supply,errra-no-vulnerability,100099,287245.7371,223533,4769.882118,22600,36342.855,0.7329656977,0.9897783251,0.9775720897,0.971331058,0.6788302828,0.02029911838,249,10076,0,1.223519611,5.866956858,8,9,13,1,0.01949939875,607720
S09-surge-supply,errra-no-vulnerability,100100,278365.9081,216642.1,4755.343059,21525,35443.465,0.7334027027,0.9937399543,0.9875599787,0.9840800546,0.6812745806,0.008231319215,148,9970,0,0.7885229416,5.73181451,6,8,11,1,0.02268957553,598720
S09-surge-supply,errra-no-rolling,100001,285146.8692,222410.7,4743.069176,21625,36368.1,0.7400539764,0.9922905673,0.9774798928,0.9724137931,0.6905732509,0.01845793839,187,9929,0,0.8634033972,5.790203687,5,8,10,1,0.0179303366,564025
S09-surge-supply,errra-no-rolling,100002,278402.3452,216970.1,4684.900235,20275,36472.345,0.728971199,0.9980300935,0.9832974138,0.9787087912,0.6778886283,0.0166411536,47,10353,0,0.19872801,6.285517805,0,0,8,1,,566690
S09-surge-supply,errra-no-rolling,100003,280595.1605,219408.3,4734.680471,21275,35177.18,0.7383314758,0.9985348292,0.98230563,0.9794238683,0.6882794009,0.01769436997,35,9807,0,0.1178830485,5.737393644,0,0,0,1,,534625
S09-surge-supply,errra-no-rolling,100004,281892.0522,219839.3,4705.852235,20400,36946.9,0.7320411872,0.9979642709,0.9773218143,0.9709543568,0.6828976526,0.02267818575,49,10455,0,0.1869986157,6.214805842,0,0,0,1,,558785
S09-surge-supply,errra-no-rolling,100005,283778.0867,221577.8,4748.676706,19550,37901.61,0.7340733913,0.9983858952,0.9841353781,0.9797843666,0.6837514473,0.01586462189,39,10419,0,0.1629461033,6.102472649,0,0,5,1,,541140
S09-surge-supply,errra-no-rolling,100006,282323.7391,220559.8,4683.679059,20975,36105.26,0.7421089612,0.997181464,0.9849056604,0.9827467219,0.6940747102,0.01341979863,68,9899,0,0.2914853011,5.790806399,0,0,8,1,,516570
S09-surge-supply,errra-no-rolling,100007,284228.8429,221708.3,4724.932941,21750,36045.61,0.7415159056,0.9935820463,0.9860215054,0.9821059876,0.6936979045,0.01218637993,155,9987,3,0.7240422109,5.758732934,0,7,9,1,0.01683764109,549475
S09-surge-supply,errra-no-rolling,100008,281679.5038,219806.4,4681.418824,20100,37091.685,0.731406126,0.9987935266,0.9916201117,0.9906609195,0.6818534015,0.008379888268,29,10502,0,0.1172016987,6.239537793,0,0,5,1,,548775
S09-surge-supply,errra-no-rolling,100009,284004.3913,222064.5,4728.251294,20775,36436.64,0.7415899267,0.9982955726,0.9853340576,0.9825783972,0.693969362,0.0141254668,41,9974,5,0.159304939,5.737227159,0,0,0,1,,526165
S09-surge-supply,errra-no-rolling,100010,286222.8879,223903.3,4792.017882,20225,37302.57,0.7319608182,0.9986078696,0.9829515184,0.97899729,0.6845755892,0.01704848162,34,10389,0,0.1201397055,6.012280865,0,0,0,1,,567850
S09-surge-supply,errra-no-rolling,100011,279711.8871,218830.5,4696.507059,20425,35759.88,0.7396767913,0.9945839281,0.9771490751,0.9707724426,0.6917919304,0.02072401957,129,9920,23,0.6010350469,5.779104437,0,7,8,1,0.009313878121,544635
S09-surge-supply,errra-no-rolling,100012,281328.8258,219195.1,4705.735765,20775,36652.99,0.7317728371,0.9980447625,0.9772727273,0.972899729,0.6809241336,0.02272727273,47,10400,0,0.1577220149,6.266418283,0,0,0,1,,556625
S09-surge-supply,errra-no-rolling,100013,282997.2913,221302.5,4758.251294,21400,35536.54,0.7434854301,0.9983773663,0.9850905218,0.9809782609,0.6951523845,0.0145469404,39,9731,0,0.1659303718,5.688314321,0,0,0,1,,516385
S09-surge-supply,errra-no-rolling,100014,284200.5926,221948.7,4807.222588,20725,36719.67,0.740366005,0.99871922,0.9840206186,0.9795514512,0.6917490729,0.01597938144,31,10261,0,0.1118947889,5.974758733,0,0,0,1,,521670
S09-surge-supply,errra-no-rolling,100015,283435.4352,221158,4671.105176,21150,36456.33,0.743493123,0.9979245361,0.9847887324,0.981870921,0.6962473265,0.01521126761,50,9998,0,0.2031119572,5.888420854,0,0,7,1,,505775
S09-surge-supply,errra-no-rolling,100016,278046.5373,216914.3,4731.587294,20725,35675.65,0.7378287403,0.9981900072,0.9826933478,0.9780370625,0.6881398202,0.01730665224,43,9940,0,0.1814580688,5.9347719,0,0,0,1,,530365
S09-surge-supply,errra-no-rolling,100017,286464.1777,223382.4,4811.592706,21625,36645.185,0.7300339254,0.9959130293,0.9812889813,0.9760319574,0.6764734365,0.01620803897,100,10503,0,0.4824866191,6.141741502,0,6,9,1,0.002150038865,584905
S09-surge-supply,errra-no-rolling,100018,282664.2048,220802.5,4702.994824,20975,36183.71,0.7379658961,0.997600331,0.9817596567,0.9768076398,0.6859965888,0.01721729466,58,9935,0,0.2483383462,5.818925659,0,0,8,1,,540535
S09-surge-supply,errra-no-rolling,100019,281616.4421,219238.2,4713.782118,21400,36264.46,0.7372038588,0.9984984359,0.9835194046,0.9796610169,0.6863107407,0.01629845712,36,10243,0,0.1334716614,6.016872099,0,0,0,1,,526930
S09-surge-supply,errra-no-rolling,100020,282736.9751,220425.8,4726.135059,20975,36610.04,0.7294279472,0.9983841564,0.9834224599,0.9788540246,0.680708715,0.01657754011,39,10335,0,0.1577857096,6.07520835,0,0,3,1,,570500
S09-surge-supply,errra-no-rolling,100021,279691.2595,217908.2,4705.719529,20375,36702.34,0.7306522153,0.9985279892,0.9813034188,0.9761742682,0.6792359852,0.0186965812,35,10261,0,0.1289712427,6.148928368,0,0,0,1,,552220
S09-surge-supply,errra-no-rolling,100022,283935.7,221771.7,4756.26,19975,37432.74,0.7340586401,0.9983864295,0.9788732394,0.9735927728,0.6870152032,0.02112676056,39,10469,0,0.1354591922,6.106922531,0,0,0,1,,553775
S09-surge-supply,errra-no-rolling,100023,285205.4049,222815.8,4767.249882,20900,36722.355,0.7398554011,0.9984424953,0.9797979798,0.974341661,0.6901482127,0.0202020202,38,10016,0,0.1343604975,5.807792866,0,0,0,1,,533830
S09-surge-supply,errra-no-rolling,100024,284199.3957,221860.4,4806.480706,20400,37132.515,0.7354610976,0.9983920178,0.9794195251,0.9750841751,0.6828751814,0.02058047493,39,10203,0,0.1275976921,6.079039553,0,0,0,1,,539890
S09-surge-supply,errra-no-rolling,100025,282026.0576,219773.4,4671.562588,21125,36456.095,0.7441825917,0.9937639382,0.9778378378,0.9718792867,0.6998105506,0.0176251196,151,9898,0,0.6879987851,5.763346614,0,7,8,1,0.007953167447,528530
S09-surge-supply,errra-no-rolling,100026,277763.9236,216317.8,4649.038588,20675,36122.085,0.7309029448,0.9980974125,0.9849381388,0.9807956104,0.6792381558,0.01506186122,45,10399,0,0.2070776744,6.26560675,0,0,8,1,,554470
S09-surge-supply,errra-no-rolling,100027,284670.5916,222414.9,4694.626588,21375,36186.065,0.7402439513,0.9977366255,0.9747113799,0.9689265537,0.6904527274,0.02505036889,55,9814,0,0.2067993159,5.656450816,0,0,0,1,,536505
S09-surge-supply,errra-no-rolling,100028,279276.3129,217629.6,4671.772941,21075,35899.94,0.7393607652,0.9953610832,0.9825517993,0.9777003484,0.6898156364,0.01744820065,111,10124,0,0.5234484721,5.940208923,0,6,8,1,0.004174858276,531570
S09-surge-supply,errra-no-rolling,100029,280681.1467,219126,4671.096706,20425,36459.05,0.7389772157,0.9990008742,0.9890470975,0.9860627178,0.6853703486,0.01095290252,24,10009,0,0.09710748012,5.83785359,0,0,0,1,,530150
S09-surge-supply,errra-no-rolling,100030,280716.7865,218798.2,4707.296471,21100,36111.29,0.7400600355,0.999034141,0.9884678748,0.9853963839,0.6897837731,0.01153212521,23,9983,0,0.08501141266,5.998594624,0,0,0,1,,531200
S09-surge-supply,errra-no-rolling,100031,283858.2188,220909.5,4687.063765,22025,36236.655,0.7358744515,0.9917870409,0.9844919786,0.9808087731,0.685105062,0.008694322269,199,10125,0,1.000445531,6.010915502,7,8,9,1,0.01862402558,551180
S09-surge-supply,errra-no-rolling,100032,283699.7285,221020.8,4756.268471,21725,36197.66,0.7446376734,0.9957047867,0.9806970509,0.9764052741,0.6971663548,0.01930294906,104,9786,0,0.4821845548,5.60615794,0,6,8,1,0.002546393722,517845
S09-surge-supply,errra-no-rolling,100033,278942.4888,217727.3,4676.083765,21325,35214.105,0.7302839978,0.9978960656,0.9808533917,0.9755073478,0.677716685,0.01896179959,50,10123,0,0.2133013588,6.003181322,0,0,7,1,,554630
S09-surge-supply,errra-no-rolling,100034,281453.9828,219567.2,4727.162824,20750,36409.62,0.7424903723,0.9978349571,0.9919006479,0.9896978022,0.693012352,0.008099352052,52,10000,0,0.2520905458,5.883278157,0,0,8,1,,510345
S09-surge-supply,errra-no-rolling,100035,278974.9737,217610.6,4631.688706,20375,36357.685,0.7333169406,0.9984850398,0.9801434087,0.9766619519,0.6808306396,0.01985659129,36,10177,0,0.1144544277,6.077305575,0,0,0,1,,544090
S09-surge-supply,errra-no-rolling,100036,280258.5199,218922.9,4724.409882,21150,35461.21,0.7425450976,0.9990749695,0.9913839526,0.9895543175,0.6917218279,0.008616047388,22,10181,0,0.08579546787,5.990210114,0,0,0,1,,499215
S09-surge-supply,errra-no-rolling,100037,281638.3826,219220.7,4651.637647,20225,37541.045,0.7297206192,0.9970572388,0.9742606791,0.9684210526,0.6803842206,0.02573932092,71,10443,0,0.2688174859,6.236395016,0,0,6,1,,572060
S09-surge-supply,errra-no-rolling,100038,282646.4439,220207.1,4717.413882,21075,36646.93,0.7381281264,0.9985076483,0.9858925665,0.9826749827,0.6885345215,0.01386556632,36,10267,0,0.143452558,6.00991055,0,0,0,1,,542515
S09-surge-supply,errra-no-rolling,100039,282147.1655,219615.7,4700.360471,21225,36606.105,0.7332222431,0.9947743862,0.9791332263,0.9740791269,0.6854338743,0.01979572762,126,10152,0,0.6017287094,6.001652915,0,7,9,1,0.00638119315,574995
S09-surge-supply,errra-no-rolling,100040,281023.6518,219837.1,4704.806824,20200,36281.745,0.7388146821,0.9989074253,0.9857221307,0.9817671809,0.6905651379,0.0142778693,26,10068,0,0.09154798043,5.818333605,0,0,0,1,,537370
S09-surge-supply,errra-no-rolling,100041,279189.642,218075,4632.252,20425,36057.39,0.7450137575,0.9968716973,0.979359044,0.9743589744,0.6973902728,0.02045777227,74,9863,0,0.327302618,5.75406223,0,0,8,1,,487945
S09-surge-supply,errra-no-rolling,100042,281831.8145,219838.2,4769.799529,21450,35773.815,0.7422276127,0.9956073101,0.9776714514,0.9739904175,0.6943814463,0.0207741445,106,9690,0,0.4601216732,5.625375649,0,0,9,1,,522770
S09-surge-supply,errra-no-rolling,100043,281550.0754,220167.6,4721.005412,20575,36086.47,0.742600245,0.998045413,0.9875541126,0.9868055556,0.6934303713,0.01244588745,47,9801,0,0.1858978675,5.548355834,0,0,7,1,,527875
S09-surge-supply,errra-no-rolling,100044,276551.8209,214765.9,4654.245882,21800,35331.675,0.7221707314,0.9929087049,0.9871313673,0.9835728953,0.6728696565,0.01286863271,167,10257,0,0.8363731731,6.317572521,5,8,9,1,0.01761945012,592040
S09-surge-supply,errra-no-rolling,100045,283978.9101,221630.9,4716.890118,21400,36231.12,0.740000804,0.997697179,0.9823717949,0.9788395904,0.6885499169,0.01762820513,56,10145,0,0.2300214368,5.917313181,0,0,7,1,,528190
S09-surge-supply,errra-no-rolling,100046,282441.5039,220712.7,4706.248941,21200,35822.555,0.7377973901,0.998008464,0.9844253491,0.9802047782,0.6854380311,0.01473153137,48,9995,0,0.2160424763,5.869101116,0,0,7,1,,548015
S09-surge-supply,errra-no-rolling,100047,280741.6218,218729.1,4692.686824,21125,36194.835,0.7316805676,0.9958338541,0.976806904,0.9703448276,0.6790038254,0.02283936414,100,10039,0,0.4630241349,6.062269822,0,0,8,1,,557595
S09-surge-supply,errra-no-rolling,100048,280444.6966,218999,4720.486588,20550,36175.21,0.7358928111,0.9986609758,0.9831704669,0.9791086351,0.6859723488,0.01682953312,32,9958,0,0.1147651147,5.875235628,0,0,0,1,,546530
S09-surge-supply,errra-no-rolling,100049,286234.4708,223769.1,4716.355765,20125,37624.015,0.7324402319,0.9988176296,0.9840484048,0.9810791871,0.683312542,0.01595159516,29,10558,0,0.09225921763,6.028937545,0,0,0,1,,571095
S09-surge-supply,errra-no-rolling,100050,278237.8746,217224,4663.594588,20475,35875.28,0.7435272533,0.9975603601,0.9872998343,0.9838483146,0.693732818,0.01126827018,58,9855,0,0.2844033011,5.709037885,0,0,8,1,,519975
S09-surge-supply,errra-no-rolling,100051,283509.7749,221145,4691.644941,21300,36373.13,0.7327935766,0.9988822653,0.9862258953,0.9824561404,0.6781306662,0.01377410468,27,10466,0,0.09960382674,6.12770214,0,0,0,1,,563905
S09-surge-supply,errra-no-rolling,100052,285940.8196,223284.8,4751.849647,21025,36879.17,0.7420666881,0.9976972737,0.9814126394,0.9776422764,0.6933662462,0.01769237253,56,10145,0,0.2265685934,5.960588488,0,0,7,1,,530195
S09-surge-supply,errra-no-rolling,100053,279541.8544,218535.9,4779.109412,20825,35401.845,0.7467468012,0.9986178589,0.9821235103,0.9773195876,0.7005628293,0.01787648971,33,9767,0,0.1229605687,5.639788967,0,0,0,1,,505040
S09-surge-supply,errra-no-rolling,100054,285559.7389,223235.3,4766.608941,20900,36657.83,0.7402538166,0.9951877596,0.9798408488,0.9748641304,0.6920244923,0.02015915119,117,10011,0,0.5342800007,5.817297631,0,6,8,1,0.003926253805,537940
S09-surge-supply,errra-no-rolling,100055,283150.434,221117.8,4730.244,20950,36352.39,0.7333422747,0.9980502779,0.9767567568,0.9730476849,0.6815051792,0.02324324324,47,10589,0,0.1498350693,6.173980687,0,0,0,1,,547510
S09-surge-supply,errra-no-rolling,100056,284697.6748,221789.1,4729.999765,21375,36803.575,0.7347897265,0.9981815928,0.9812154696,0.976273552,0.6844004838,0.01878453039,44,10205,0,0.173829162,5.976141274,0,0,4,1,,565245
S09-surge-supply,errra-no-rolling,100057,283861.1099,222337.4,4760.344941,20100,36663.365,0.7438439484,0.9985101804,0.9836756187,0.9799331104,0.6971851394,0.01632438125,36,9944,0,0.1357362047,5.647651456,0,0,0,1,,527555
S09-surge-supply,errra-no-rolling,100058,284934.0159,223239.4,4712.085882,20200,36782.53,0.7436411161,0.9969276146,0.973347548,0.9672578445,0.6999075245,0.02646788207,75,9952,0,0.2814494191,5.576445925,0,0,6,1,,537375
S09-surge-supply,errra-no-rolling,100059,286491.0358,223414.6,4778.455765,22300,35997.98,0.7408878908,0.9943269937,0.9781540142,0.9735560195,0.6958505825,0.01759368247,139,10057,0,0.648162154,5.793999229,0,7,11,1,0.009535075481,564430
S09-surge-supply,errra-no-rolling,100060,281181.1969,219472.1,4751.001882,20950,36008.095,0.7407232109,0.9955425953,0.9790685505,0.9733333333,0.6914268704,0.01878736717,107,10027,0,0.5060843042,5.808527614,0,6,9,1,0.001618558779,532600
S09-surge-supply,errra-no-rolling,100061,283174.6139,221342.8,4708.593882,20100,37023.22,0.7386461011,0.999004232,0.9879385965,0.985252809,0.6892255827,0.01206140351,24,10160,0,0.08590469261,5.966969259,0,0,0,1,,529680
S09-surge-supply,errra-no-rolling,100062,277766.4194,217337.8,4676.449412,20325,35427.17,0.7438441195,0.9991531524,0.9891363389,0.9867688022,0.6958862589,0.01086366105,20,9751,0,0.07004163085,5.630112772,0,0,0,1,,507290
S09-surge-supply,errra-no-rolling,100063,282303.4754,220808,4691.370353,20950,35854.105,0.74854745,0.9976870018,0.9809422975,0.9756262695,0.7029539311,0.01905770249,56,9899,0,0.2426622542,5.767484399,0,0,9,1,,502885
S09-surge-supply,errra-no-rolling,100064,285462.3924,223047.7,4802.982353,20625,36986.71,0.7325073856,0.9975358331,0.9719334719,0.9642147117,0.6806727568,0.02806652807,60,10545,0,0.2269072552,6.095600564,0,0,5,1,,558875
S09-surge-supply,errra-no-rolling,100065,283561.6718,221280.1,4768.951765,20625,36887.62,0.7353429092,0.998003826,0.980118216,0.9751895245,0.6837004924,0.01939652377,48,10172,0,0.1714715966,6.024087936,0,0,0,1,,550250
S09-surge-supply,errra-no-rolling,100066,283139.044,221060,4693.044,21200,36186,0.7378265512,0.9905055384,0.9782953944,0.973559322,0.6868804438,0.02170460561,228,10153,0,1.009327567,5.932439555,6,8,10,1,0.01749349911,558815
S09-surge-supply,errra-no-rolling,100067,285045.0849,222378.6,4725.064941,19675,38266.42,0.7319936358,0.9990889892,0.9878721058,0.9846153846,0.6824775279,0.01212789416,22,10572,0,0.07768712989,6.094059605,0,0,0,1,,554830
S09-surge-supply,errra-no-rolling,100068,281994.1255,220123.7,4691.055529,21125,36054.37,0.7410120378,0.9965111933,0.9847991314,0.9833217512,0.6888051837,0.01520086862,84,10160,0,0.3627663697,5.816712897,0,0,8,1,,525845
S09-surge-supply,errra-no-rolling,100069,282536.2504,220081.2,4742.310353,22125,35587.74,0.7356443146,0.9920833333,0.9809989142,0.9769713887,0.6876159646,0.01229948958,190,10162,0,0.9341493256,5.913662932,6,8,10,1,0.03064649002,579585
S09-surge-supply,errra-no-rolling,100070,281930.3757,220208.5,4654.260706,20250,36817.615,0.7280574183,0.9960447979,0.9799566631,0.9743589744,0.6780821918,0.01866773886,95,10368,0,0.4144477756,6.090086451,0,0,8,1,,585085
S09-surge-supply,errra-no-rolling,100071,280660.7271,218774,4707.242118,20525,36654.485,0.7321253939,0.9987018425,0.983216026,0.9805013928,0.6777704944,0.01678397401,31,10272,0,0.09617535071,6.029732153,0,0,0,1,,553730
S09-surge-supply,errra-no-rolling,100072,284724.054,222460.1,4734.684,20925,36604.27,0.7410632386,0.9983995404,0.987452264,0.9846153846,0.6916386298,0.01189930398,39,10198,0,0.1685293706,5.847599803,0,0,7,1,,526125
S09-surge-supply,errra-no-rolling,100073,280309.3904,219164.5,4707.085412,20375,36062.805,0.7381748491,0.9983563029,0.9837310195,0.9792387543,0.6884087913,0.01626898048,39,10085,1,0.1618031078,5.849630294,0,0,3,1,,540555
S09-surge-supply,errra-no-rolling,100074,283315.1846,220887.8,4767.269647,21700,35960.115,0.7312434861,0.9980424008,0.9813631523,0.9775051125,0.6807003,0.01833239664,47,10324,1,0.1743029469,6.168189386,0,0,0,1,,554545
S09-surge-supply,errra-no-rolling,100075,282268.4971,220175.6,4762.562118,20525,36805.335,0.735050002,0.9985836284,0.9820864067,0.9777628032,0.683429627,0.01791359326,34,10323,0,0.1162176367,6.076588796,0,0,0,1,,558780
S09-surge-supply,errra-no-rolling,100076,282116.1878,220004,4653.722824,20700,36758.465,0.7396834408,0.993713033,0.9856985699,0.9818815331,0.6934519186,0.01356829231,152,9819,0,0.7305633218,5.706297393,0,7,9,1,0.01133668272,551350
S09-surge-supply,errra-no-rolling,100077,283276.9071,221114.1,4730.467059,20500,36932.34,0.7263008032,0.993162039,0.9735278228,0.9669421488,0.6797493404,0.02416639501,165,10534,0,0.7699950328,6.299446638,0,7,9,1,0.009663692805,589690
S09-surge-supply,errra-no-rolling,100078,281266.9505,219566.7,4742.115529,20525,36433.135,0.7394861393,0.998797429,0.9850984566,0.9830852503,0.6911985463,0.01490154337,29,10106,0,0.08981061444,5.952873563,0,0,0,1,,528565
S09-surge-supply,errra-no-rolling,100079,287388.4917,224134.2,4768.356706,21750,36735.935,0.739165681,0.9935231578,0.985026738,0.9815825375,0.6923639302,0.0128687373,159,10356,0,0.753508321,6.003189496,0,7,9,1,0.01680061583,536365
S09-surge-supply,errra-no-rolling,100080,284357.1401,222541.1,4753.550118,20225,36837.49,0.7459094254,0.9989281003,0.985915493,0.9820441989,0.6978244766,0.01408450704,26,10157,0,0.09360069964,5.758177805,0,0,0,1,,497775
S09-surge-supply,errra-no-rolling,100081,279972.5256,218086,4698.365647,20625,36563.16,0.7350517152,0.9967599411,0.9858925665,0.9820565908,0.6865290657,0.01339619598,77,10053,0,0.3502595383,6.100223781,0,0,8,1,,538975
S09-surge-supply,errra-no-rolling,100082,283562.415,221102.3,4709.34,21825,35925.775,0.7358942286,0.9963256544,0.9748559455,0.968371467,0.6855259063,0.02460555152,89,10044,0,0.3683652821,5.792545966,0,0,9,1,,572040
S09-surge-supply,errra-no-rolling,100083,282200.4198,220894.7,4744.999765,20275,36285.72,0.7504205413,0.9982173949,0.9774159664,0.9709851552,0.7068605037,0.02258403361,43,9687,0,0.1593683371,5.494758374,0,0,0,1,,504270
S09-surge-supply,errra-no-rolling,100084,276757.1638,215721.8,4683.698824,20700,35651.665,0.7340491431,0.9979235528,0.9871520343,0.9835728953,0.6825891242,0.01278596946,49,9939,0,0.2253965709,5.863514351,0,0,9,1,,549745
S09-surge-supply,errra-no-rolling,100085,282498.1614,220857.7,4753.381412,20400,36487.08,0.7363668221,0.9974650931,0.9779758783,0.971659919,0.6882706475,0.02202412166,61,10008,0,0.2329342503,5.968164542,0,0,0,1,,541875
S09-surge-supply,errra-no-rolling,100086,284086.6278,221294.2,4752.067765,21850,36190.36,0.7232750863,0.9943521595,0.9761146497,0.9694708277,0.6697798791,0.02388535032,136,10645,0,0.6527307478,6.23116597,0,7,8,1,0.009202447902,596575
S09-surge-supply,errra-no-rolling,100087,282093.5011,220051.6,4739.606118,21025,36277.295,0.7378107977,0.998298049,0.9888,0.9864773496,0.6882495885,0.0112,41,10177,0,0.1697670454,5.922307319,0,0,7,1,,551750
S09-surge-supply,errra-no-rolling,100088,286197.3834,223529.3,4722.618353,21300,36645.465,0.7276366888,0.9987295603,0.9833601718,0.9807560137,0.672708134,0.01663982823,31,10526,0,0.09332729619,6.178492787,0,0,0,1,,572560
S09-surge-supply,errra-no-rolling,100089,286485.803,224396.5,4745.808,21400,35943.495,0.7519162187,0.9979116334,0.9814612868,0.9764379764,0.7090404731,0.01818332612,51,9763,0,0.2149231821,5.428527705,0,0,8,1,,498445
S09-surge-supply,errra-no-rolling,100090,281011.425,219324.6,4710.06,20250,36726.765,0.7330093111,0.995455693,0.9763058697,0.9695922598,0.6823625531,0.02369413032,108,10278,0,0.4889943118,6.180555935,0,3,8,1,0.002156334232,558280
S09-surge-supply,errra-no-rolling,100091,283530.1155,221778.1,4725.975529,19650,37376.04,0.7384555685,0.9992125658,0.989571899,0.9874125874,0.6910614525,0.01042810099,19,10413,0,0.06307846653,6.037480096,0,0,0,1,,529835
S09-surge-supply,errra-no-rolling,100092,280104.7347,216870,4664.664706,21650,36920.07,0.7226161903,0.9907255865,0.9812258421,0.9774330042,0.6665672532,0.01437739394,221,10560,0,1.042506955,6.472657102,7,8,10,1,0.02169404662,586835
S09-surge-supply,errra-no-rolling,100093,282935.1509,221350.2,4670.085882,20550,36364.865,0.7470050273,0.9987630396,0.9852135816,0.9818054584,0.7006841833,0.01472718722,30,9925,0,0.1088517784,5.636324741,0,0,0,1,,517230
S09-surge-supply,errra-no-rolling,100094,284353.0816,221804.9,4722.221647,20425,37400.96,0.7363959493,0.998759613,0.9910714286,0.9893617021,0.6862107667,0.008928571429,30,10492,0,0.1335755209,6.147381128,0,0,8,1,,535565
S09-surge-supply,errra-no-rolling,100095,277807.6747,216729.9,4680.084706,19600,36797.69,0.7292842659,0.9984341276,0.9816513761,0.9766803841,0.68066672,0.01834862385,37,10069,0,0.1427289853,6.058064339,0,0,0,1,,553775
S09-surge-supply,errra-no-rolling,100096,280199.8136,218842.9,4741.613647,20275,36340.3,0.738625218,0.9986970958,0.9856915739,0.9816949153,0.6847000835,0.0142469557,31,9979,0,0.1200686739,5.87516347,0,0,0,1,,530140
S09-surge-supply,errra-no-rolling,100097,282469.5569,220135.4,4732.636941,20975,36626.52,0.7285833401,0.9970118282,0.9855460385,0.9821795751,0.6793452936,0.01373311085,72,10255,0,0.3309990079,6.173363996,0,0,8,1,,573480
S09-surge-supply,errra-no-rolling,100098,282871.128,221008.1,4746.528,21150,35966.5,0.7375993942,0.9984494175,0.9807383628,0.9766323024,0.685496123,0.01926163724,37,10104,0,0.1238104681,5.923365067,0,0,0,1,,521445
S09-surge-supply,errra-no-rolling,100099,285090.9666,222589.5,4737.881647,21500,36263.585,0.7448493184,0.9935960591,0.9819052688,0.9773507207,0.6979068014,0.01506874334,156,10103,0,0.7509121868,5.876530517,0,8,9,1,0.01942576425,514220
S09-surge-supply,errra-no-rolling,100100,276988.9794,215765.5,4704.049412,20325,36194.43,0.7328276674,0.9988579646,0.9854682454,0.9820565908,0.6826390561,0.01453175457,27,10315,0,0.09900105234,6.252166651,0,0,0,1,,552160
S09-surge-supply,errra-no-essential-priority,100001,370994.6494,223150.3,4772.989412,109175,33896.36,0.5384749654,0.5474521768,0.5297587131,0.3965517241,0.5109116508,0.02305376818,10977,8805,0,51.68629005,3.497039354,41,46,50,1,0.02595220774,2505305
S09-surge-supply,errra-no-essential-priority,100002,370192.3896,219502.5,4778.074588,112350,33561.815,0.5308776469,0.532880674,0.5234934498,0.3894359893,0.5050140393,0.01299751962,11145,8898,0,53.13173006,3.650017022,42,45,49,1,0.02375258919,2533760
S09-surge-supply,errra-no-essential-priority,100003,366224.23,218464.5,4760.16,110475,32524.57,0.5557397994,0.5555509042,0.5283315845,0.3998664887,0.5330304089,0.03658715211,10617,8471,0,50.54321938,3.332807785,41,46,49,1,0.02466629724,2405990
S09-surge-supply,errra-no-essential-priority,100004,368300.6289,221068.6,4760.668941,109425,33046.36,0.5691096305,0.5723307021,0.5443632568,0.4223643582,0.5339960944,0.06794775833,10294,8266,0,48.60493593,3.070731543,39,43,48,1,0.02572381957,2347010
S09-surge-supply,errra-no-essential-priority,100005,365184.128,221423.3,4724.868,105275,33760.96,0.5869300952,0.591300389,0.5678923767,0.4462068966,0.5574074074,0.05294316007,9875,7852,0,46.67440444,2.806209006,37,42,46,1,0.02988328576,2255160
S09-surge-supply,errra-no-essential-priority,100006,369993.0799,220511.6,4708.984941,111200,33572.495,0.5418198033,0.5528475504,0.5443243243,0.4152601156,0.5155785918,0.03195599913,10788,8695,0,51.15442756,3.449951357,41,45,49,1,0.02654249495,2470575
S09-surge-supply,errra-no-essential-priority,100007,367374.934,221574.2,4775.904,107850,33174.83,0.562727823,0.5640346155,0.538172043,0.4088093599,0.5272950676,0.03498336361,10529,8493,0,49.86101244,3.247427534,40,44,48,1,0.02655300239,2382765
S09-surge-supply,errra-no-essential-priority,100008,365735.6272,221799.4,4700.032235,106250,32986.195,0.5849957627,0.5786079794,0.5469273743,0.4188218391,0.5684069456,0.04087355023,10129,8017,0,47.62631115,2.937623589,38,42,46,1,0.03079762836,2284480
S09-surge-supply,errra-no-essential-priority,100009,369806.5806,222110.2,4742.585647,109725,33228.795,0.5773753591,0.5787154438,0.5596907587,0.4354541263,0.5563531114,0.03237876871,10134,8205,0,47.75255894,3.019934491,39,43,48,1,0.03083792684,2305580
S09-surge-supply,errra-no-essential-priority,100010,373006.3876,223174.9,4754.002588,111300,33777.485,0.5637634737,0.5680710805,0.5414206477,0.4136353237,0.535928489,0.07765234111,10549,8374,0,49.02959083,3.114023312,39,43,47,1,0.02888441282,2394670
S09-surge-supply,errra-no-essential-priority,100011,366586.318,219108.7,4711.548,109975,32791.07,0.5635185362,0.5651188177,0.5450194966,0.4190993437,0.5413259092,0.02744959383,10358,8283,0,49.51313389,3.176321629,40,43,47,1,0.02801235811,2354265
S09-surge-supply,errra-no-essential-priority,100012,368741.8172,220335.4,4742.517176,110400,33263.9,0.5422454407,0.5449288626,0.528278098,0.394590846,0.5172433949,0.08694388933,10939,8565,0,51.44818269,3.402678222,41,45,49,1,0.02582531795,2488720
S09-surge-supply,errra-no-essential-priority,100013,366381.9304,219995,4758.625412,108750,32878.305,0.5557252527,0.5511961722,0.520242554,0.3897459165,0.5315190385,0.04578513508,10787,8363,2,51.04232074,3.266043142,40,44,48,1,0.02641613731,2423080
S09-surge-supply,errra-no-essential-priority,100014,370434.3334,222468.4,4818.198353,109600,33547.735,0.5561087604,0.5585027268,0.5380493033,0.4076958314,0.5287976335,0.04751770699,10686,8478,0,50.32102534,3.239158002,40,44,49,1,0.02888815504,2434070
S09-surge-supply,errra-no-essential-priority,100015,368382.4101,221350.2,4709.455059,108650,33672.755,0.5450434689,0.5442696443,0.5245930644,0.3940009021,0.5152573529,0.04273087926,10979,8620,0,51.70785496,3.395984174,41,46,49,1,0.02594133106,2477380
S09-surge-supply,errra-no-essential-priority,100016,365296.7436,217650.2,4758.718588,110375,32512.825,0.5606715744,0.5705265816,0.544624397,0.4179696102,0.5317752249,0.04542427799,10203,8190,0,49.29615372,3.18577762,39,44,48,1,0.02452336803,2335090
S09-surge-supply,errra-no-essential-priority,100017,372184.5015,223866.7,4886.751529,109975,33456.05,0.550202887,0.5496158248,0.5265440666,0.3940941385,0.5273470779,0.032573931,11020,8764,0,51.31504231,3.395742699,41,44,48,1,0.02719771918,2497755
S09-surge-supply,errra-no-essential-priority,100018,369999.4605,220356.1,4759.875529,111525,33358.485,0.5512974321,0.5571369466,0.5329583407,0.4035914703,0.5285211268,0.0373206293,10704,8469,0,50.62272492,3.325308351,40,45,50,1,0.02976467894,2427520
S09-surge-supply,errra-no-essential-priority,100019,368174.8545,219702.1,4754.259529,110050,33668.495,0.5361187406,0.5433576642,0.5340565534,0.4054912639,0.5084326253,0.01320833637,10948,8884,1,51.89039146,3.583690755,42,46,50,1,0.02320523967,2503315
S09-surge-supply,errra-no-essential-priority,100020,368851.9661,220380.7,4736.611059,110200,33534.655,0.5517436686,0.5549386808,0.5417716961,0.41359447,0.5267966965,0.02079514884,10742,8635,0,50.84526745,3.394004369,40,44,49,1,0.0307534995,2439755
S09-surge-supply,errra-no-essential-priority,100021,365112.468,219608.8,4758.288,107475,33270.38,0.5570043191,0.5547798292,0.5165598291,0.3839346494,0.5333761232,0.04844996526,10586,8272,0,50.38945406,3.242101975,41,45,49,1,0.02668942276,2397455
S09-surge-supply,errra-no-essential-priority,100022,367500.3324,221423.3,4783.897412,107825,33468.135,0.5767928593,0.5798924286,0.5550061805,0.4299932142,0.5501412429,0.04521050425,10154,8091,0,47.94138078,2.943822179,38,43,47,1,0.02666390121,2313435
S09-surge-supply,errra-no-essential-priority,100023,372929.3234,223532.8,4844.058353,110375,34177.465,0.5426459995,0.5502910075,0.53302213,0.4015067583,0.5209764405,0.02402083897,10972,8884,0,51.42353841,3.462636395,41,45,50,1,0.02394776018,2507395
S09-surge-supply,errra-no-essential-priority,100024,369474.7712,221835.1,4793.361176,109225,33621.31,0.5656649711,0.5665044941,0.5496103896,0.4254473161,0.5387697517,0.02311030504,10514,8319,0,49.1001789,3.137007261,39,44,48,1,0.02650527903,2377915
S09-surge-supply,errra-no-essential-priority,100025,367835.2413,221271.2,4713.071294,108325,33525.97,0.568573165,0.5664904601,0.5389189189,0.414951989,0.5363297211,0.03591243443,10497,8422,0,49.43453318,3.207954622,39,43,47,1,0.02643281374,2347435
S09-surge-supply,errra-no-essential-priority,100026,365569.6761,217948.6,4707.446118,110425,32488.63,0.5653332967,0.5731861999,0.5567994127,0.4340285915,0.5460005947,0.04459918866,10095,8240,0,48.73823673,3.214571338,40,44,49,1,0.02993700193,2308985
S09-surge-supply,errra-no-essential-priority,100027,369348.6011,223106.9,4739.186118,108450,33052.515,0.5750758173,0.5796296296,0.5435699227,0.4160485502,0.5502168455,0.06940423893,10215,8183,0,48.09496275,3.011636451,39,42,46,1,0.0258040002,2322240
S09-surge-supply,errra-no-essential-priority,100028,365901.6046,219044.6,4710.754588,109925,32221.25,0.5809882531,0.5871782013,0.5515236921,0.4276079137,0.5604024927,0.1589452283,9878,7934,0,47.1089057,2.923327056,38,43,46,1,0.0417018137,2253865
S09-surge-supply,errra-no-essential-priority,100029,365741.5465,220520.4,4704.776471,107500,33016.37,0.5798533458,0.5846550935,0.5595687332,0.4355135882,0.5579866162,0.04010267977,9977,8047,0,47.45185497,2.963824394,38,42,45,1,0.03548817198,2269575
S09-surge-supply,errra-no-essential-priority,100030,365253.3391,218152.1,4691.599059,109700,32709.64,0.5730931914,0.5735942552,0.5145524437,0.3852573018,0.5268206039,0.07432626084,10154,8156,0,48.72042885,3.115131669,39,44,47,1,0.02224762051,2289185
S09-surge-supply,errra-no-essential-priority,100031,366376.6068,221496.2,4697.006824,107275,32908.4,0.5637298447,0.5716467189,0.5499372422,0.4269406393,0.5391121741,0.07519644759,10379,8355,0,48.95881929,3.182790923,39,43,49,1,0.02729665071,2361640
S09-surge-supply,errra-no-essential-priority,100032,371923.4611,221952.9,4777.471059,111800,33393.09,0.5635953123,0.568372362,0.5426688046,0.416458286,0.5416930061,0.04499875576,10451,8364,0,49.41511142,3.132902376,39,43,48,1,0.02570606685,2375200
S09-surge-supply,errra-no-essential-priority,100033,366290.9091,218043.8,4741.874118,111075,32430.235,0.5403331513,0.5455922575,0.528401122,0.3948256468,0.5112914208,0.02454657711,10799,8635,0,51.91493398,3.475395958,42,46,50,1,0.0237652205,2459835
S09-surge-supply,errra-no-essential-priority,100034,368051.666,220029.1,4726.296,110125,33171.27,0.5649753395,0.5649512865,0.5491513437,0.4226850804,0.5377283105,0.03292209042,10449,8212,0,49.38201619,3.110384433,39,43,47,1,0.02896483334,2362180
S09-surge-supply,errra-no-essential-priority,100035,364282.0689,216859.1,4613.973882,109825,32983.995,0.5643484557,0.5709295964,0.5469736354,0.4226218646,0.5390079461,0.05423982301,10196,8284,0,49.03528509,3.187068836,40,43,47,1,0.02884221981,2328650
S09-surge-supply,errra-no-essential-priority,100036,367531.8464,219094.4,4767.186353,111050,32620.26,0.5465564964,0.5510238406,0.5355325496,0.4088878964,0.5214424951,0.02666454251,10678,8556,0,51.11255627,3.419901556,41,46,49,1,0.02824240422,2432125
S09-surge-supply,errra-no-essential-priority,100037,367609.8434,220267.4,4656.438353,109225,33461.005,0.5763173507,0.5816305384,0.5592765043,0.4334714549,0.5533608491,0.03820432812,10094,8113,0,47.79990153,2.996629092,38,42,46,1,0.02640638871,2301850
S09-surge-supply,errra-no-essential-priority,100038,369734.4196,221590.9,4791.154588,110150,33202.365,0.5636675741,0.5675496414,0.5435388366,0.4189758368,0.5394188535,0.03156093358,10432,8369,0,49.54907066,3.172623278,39,43,47,1,0.0298247415,2359845
S09-surge-supply,errra-no-essential-priority,100039,369470.943,222958,4762.428,108625,33125.515,0.5676619991,0.573075647,0.5524812567,0.4286690975,0.5360407266,0.05800563469,10294,8318,0,48.70091513,3.143024162,39,41,49,1,0.03293909981,2351375
S09-surge-supply,errra-no-essential-priority,100040,366670.9964,218445.9,4699.321412,110200,33325.775,0.5610169952,0.5585998235,0.5085118067,0.3723702665,0.5349669111,0.06342665484,10504,8399,0,50.13962605,3.216769832,40,43,48,1,0.02029653834,2364025
S09-surge-supply,errra-no-essential-priority,100041,364589.2991,216334.8,4664.839059,110200,33389.66,0.5568301598,0.5582329317,0.5350353069,0.4074844075,0.5141831239,0.0330478481,10450,8412,0,50.43577127,3.300830926,40,45,48,1,0.02463163598,2362815
S09-surge-supply,errra-no-essential-priority,100042,367775.5563,219875.8,4787.411294,110200,32912.345,0.5640590257,0.5692677469,0.5442141623,0.4167955801,0.5379543533,0.09852905934,10394,8234,0,49.30841004,3.14590661,39,43,48,1,0.02885813124,2367310
S09-surge-supply,errra-no-essential-priority,100043,368676.5964,221206.8,4750.321412,109275,33444.475,0.5601200651,0.5689927639,0.5393457118,0.4090290381,0.5353719763,0.07753740512,10364,8366,0,49.49177953,3.180918795,40,44,47,1,0.0330684495,2371910
S09-surge-supply,errra-no-essential-priority,100044,362398.5564,215611.6,4709.941412,110400,31677.015,0.5594627122,0.5592356688,0.5374393967,0.4065883437,0.5343471113,0.03025730227,10380,8169,0,50.05471275,3.216049468,40,44,48,1,0.02514744173,2349790
S09-surge-supply,errra-no-essential-priority,100045,372022.6495,223039.8,4834.424471,110975,33173.425,0.5542736932,0.5602434411,0.5381944444,0.4105916242,0.5277372263,0.03138484358,10694,8543,0,50.24923419,3.273961223,40,44,47,1,0.02340028801,2431670
S09-surge-supply,errra-no-essential-priority,100046,370392.2176,221394.8,4751.362588,111325,32921.055,0.5544309947,0.5559704589,0.530079858,0.3980450102,0.5332868595,0.04242282725,10702,8494,0,50.62060855,3.326869358,41,44,51,1,0.02733672447,2426350
S09-surge-supply,errra-no-essential-priority,100047,367417.7782,220385.1,4755.088235,109750,32527.59,0.5717341854,0.5748448111,0.5504067917,0.4229284904,0.5462883348,0.08012179519,10205,8111,0,48.15802586,3.061958406,39,42,47,1,0.02807097228,2314180
S09-surge-supply,errra-no-essential-priority,100048,368494.7641,219174.7,4744.394118,111275,33300.67,0.5544284571,0.5557787263,0.5359874826,0.40636121,0.5307923063,0.02694185988,10616,8506,0,50.80622867,3.332347876,40,44,48,1,0.02443571493,2406260
S09-surge-supply,errra-no-essential-priority,100049,371470.0308,223753.3,4783.735765,108375,34557.995,0.5549892775,0.5547763689,0.4939493949,0.3566923616,0.5124129309,0.06990986126,10920,8866,0,50.96670645,3.399367239,40,44,49,1,0.02375657803,2464105
S09-surge-supply,errra-no-essential-priority,100050,361693.4507,216917.6,4645.260706,107300,32830.59,0.5785149992,0.5814755615,0.5553964561,0.4320987654,0.5557102256,0.03620100364,9950,8035,0,47.82807267,3.034297685,39,43,46,1,0.02527251123,2254690
S09-surge-supply,errra-no-essential-priority,100051,367700.0146,221001.3,4715.614588,109175,32808.1,0.5632267247,0.5665259149,0.5493112948,0.4220388133,0.5410477378,0.0247024584,10471,8398,0,49.58295806,3.154730256,39,43,47,1,0.02280890305,2389330
S09-surge-supply,errra-no-essential-priority,100052,366412.6449,221742.7,4754.049882,106900,33015.895,0.5866221005,0.59192401,0.5665961945,0.4444444444,0.560145178,0.08661676354,9924,7874,0,46.56290952,2.840837092,38,42,46,1,0.02903838484,2252390
S09-surge-supply,errra-no-essential-priority,100053,365932.5964,218113.4,4786.621412,110375,32657.575,0.5599853147,0.5642067348,0.5451388889,0.4177777778,0.5345377258,0.02732576999,10405,8279,0,49.58436706,3.192934746,40,43,47,1,0.02518025277,2365935
S09-surge-supply,errra-no-essential-priority,100054,371444.3002,222443.7,4797.525176,110150,34053.075,0.5486973787,0.5520503434,0.5236074271,0.390625,0.5140268339,0.03850271374,10891,8736,0,51.09094859,3.436747069,41,46,49,1,0.02459137798,2474355
S09-surge-supply,errra-no-essential-priority,100055,371099.721,222055.5,4781.976,110825,33437.245,0.5381303648,0.5374180702,0.4924324324,0.3538355218,0.5180339463,0.05378554727,11151,8941,0,52.48248762,3.560850322,42,46,51,1,0.02514865027,2522660
S09-surge-supply,errra-no-essential-priority,100056,372638.7241,222533.4,4759.879059,111525,33820.445,0.5486701914,0.5483324379,0.5093922652,0.3803210049,0.5044231811,0.05097123986,10929,8747,0,51.52906457,3.394809586,41,45,49,1,0.02218699378,2476355
S09-surge-supply,errra-no-essential-priority,100057,370099.3016,221258,4771.846588,109975,34094.455,0.5526647196,0.5607515312,0.5489910925,0.4215434833,0.5274551214,0.02762818077,10614,8606,0,50.20015152,3.33495887,40,44,48,1,0.0264384813,2428025
S09-surge-supply,errra-no-essential-priority,100058,375176.1026,225462.3,4763.597647,110275,34675.205,0.5389892128,0.5477858343,0.5365448505,0.4079226598,0.5191616766,0.06313532008,11039,8986,0,51.60367298,3.557352688,41,44,51,1,0.02814778847,2522280
S09-surge-supply,errra-no-essential-priority,100059,373040.3353,225098.4,4831.775294,109900,33210.16,0.5506198759,0.5527303894,0.5340651681,0.4047195013,0.5261491491,0.02641203478,10959,8797,0,51.05595306,3.367779741,41,45,48,1,0.02340284798,2476305
S09-surge-supply,errra-no-essential-priority,100060,370139.0995,221349.8,4827.459529,110375,33586.84,0.5441256018,0.5429702145,0.5107273679,0.3766666667,0.504447933,0.04128194357,10971,8761,0,52.14648142,3.51932439,41,45,48,1,0.02272787588,2473995
S09-surge-supply,errra-no-essential-priority,100061,370754.3238,221939.6,4772.798824,109775,34266.925,0.5385871894,0.5438967721,0.5235148515,0.3905472637,0.5149614764,0.02696042225,10993,8791,0,52.16576079,3.487186697,42,46,50,1,0.02665111413,2508195
S09-surge-supply,errra-no-essential-priority,100062,366726.9908,216857.1,4709.815765,111725,33435.075,0.534879897,0.5402464327,0.5251605996,0.3964617827,0.5070521862,0.03105884638,10858,8836,0,52.27601531,3.602693926,42,46,50,1,0.02389078467,2480715
S09-surge-supply,errra-no-essential-priority,100063,368624.4,221796.1,4764.6,109125,32938.7,0.5605767162,0.5675519392,0.5404058384,0.4138479001,0.5349540537,0.06361745437,10470,8349,0,49.46106126,3.210861846,40,43,49,1,0.03175750516,2391050
S09-surge-supply,errra-no-essential-priority,100064,369914.1729,222499,4792.977882,109000,33622.195,0.5590184441,0.5520555259,0.5051975052,0.3691186216,0.5359600826,0.05965003569,10907,8516,0,50.46750905,3.241449977,41,45,49,1,0.0239138721,2447080
S09-surge-supply,errra-no-essential-priority,100065,368861.16,220493.8,4743.12,110200,33424.24,0.5623575427,0.5639607419,0.5441305492,0.4161797753,0.5334098079,0.05823377104,10485,8250,0,49.1585773,3.128747724,40,43,47,1,0.03394029041,2378620
S09-surge-supply,errra-no-essential-priority,100066,366291.9789,220354.5,4683.388941,108100,33154.09,0.5549308718,0.5616307154,0.5454881657,0.4173974876,0.5308413447,0.05959388832,10527,8502,0,49.95008345,3.293473707,40,44,48,1,0.02570686711,2401820
S09-surge-supply,errra-no-essential-priority,100067,371297.1301,223516.5,4747.615059,108200,34833.015,0.5637827069,0.5640813284,0.5367475292,0.4080367394,0.5276238155,0.03898294188,10527,8557,0,49.64114286,3.238966213,40,44,47,1,0.02600404319,2382380
S09-surge-supply,errra-no-essential-priority,100068,369932.7239,220361.4,4736.193882,111475,33360.13,0.5517194948,0.555675541,0.5190010858,0.3870743572,0.5236408713,0.04633160468,10698,8609,0,50.98454015,3.367530229,41,45,50,1,0.02334013054,2436410
S09-surge-supply,errra-no-essential-priority,100069,363694.9739,219821.2,4732.053882,106850,32291.72,0.5722249283,0.580125,0.5546657382,0.435818262,0.5565019875,0.1054862705,10077,8225,0,48.06868993,3.150010824,39,42,48,1,0.03177638191,2309285
S09-surge-supply,errra-no-essential-priority,100070,370028.4061,222909.2,4733.611059,108975,33410.595,0.5591688885,0.5650110329,0.540436457,0.4127021326,0.5337259101,0.04244544983,10448,8437,1,50.04206946,3.24875441,40,44,49,1,0.02392996202,2397855
S09-surge-supply,errra-no-essential-priority,100071,364215.1047,218910.1,4718.244706,108050,32536.76,0.5915734,0.5998324958,0.5595446585,0.4376118068,0.563949861,0.0993616761,9556,7717,0,45.96793303,2.772859394,37,41,45,1,0.03684283722,2177920
S09-surge-supply,errra-no-essential-priority,100072,371078.1914,222507,4712.701412,110375,33483.49,0.5592571421,0.567506566,0.5433494884,0.4174490497,0.5306181565,0.06930735828,10539,8472,0,49.31646147,3.196176701,40,44,48,1,0.03289631741,2417055
S09-surge-supply,errra-no-essential-priority,100073,364435.2672,219051.2,4708.317176,108000,32675.75,0.5773120209,0.5798457454,0.5586357833,0.4365541327,0.5504807692,0.05850087611,9969,8049,0,47.57910126,2.997471864,38,43,47,1,0.03171044854,2272030
S09-surge-supply,errra-no-essential-priority,100074,366742.4396,219632.7,4766.609647,109600,32743.13,0.5521175945,0.5562497397,0.5360896987,0.404006302,0.5332263058,0.04644491262,10654,8568,0,50.70529503,3.388070004,41,46,49,1,0.02343039772,2417320
S09-surge-supply,errra-no-essential-priority,100075,367868.3044,219416.4,4759.609412,110575,33117.295,0.569172841,0.5697979588,0.543203372,0.4164420485,0.5464748201,0.03582379931,10327,8109,0,48.63010063,3.028192774,39,43,47,1,0.02655308187,2342250
S09-surge-supply,errra-no-essential-priority,100076,365715.8811,219250.9,4657.951059,107975,33832.03,0.5693334955,0.5744716052,0.5531524927,0.4266227658,0.5463713308,0.03705652823,10288,8344,0,48.39964552,3.163564603,39,43,47,1,0.02725538733,2332275
S09-surge-supply,errra-no-essential-priority,100077,367573.7132,221086.2,4761.748235,108600,33125.765,0.5601579499,0.5659759635,0.5340546293,0.4051177536,0.53381195,0.05265525725,10473,8417,0,49.49675886,3.206839122,39,43,47,1,0.03176801934,2377855
S09-surge-supply,errra-no-essential-priority,100078,369574.1706,220755.4,4822.205647,110750,33246.565,0.5630290737,0.5684843458,0.5486586007,0.4231286419,0.5373498172,0.02930840299,10406,8385,0,49.21082185,3.223867478,40,43,49,1,0.02727800303,2366645
S09-surge-supply,errra-no-essential-priority,100079,369875.6958,223952.8,4781.030824,107375,33766.865,0.5512379231,0.5489021956,0.5257804279,0.3952135987,0.5296193023,0.03215089092,11074,8758,0,50.97951749,3.379656332,41,45,49,1,0.02662141271,2483420
S09-surge-supply,errra-no-essential-priority,100080,366967.3206,222479.3,4824.245647,106125,33538.775,0.5754766205,0.5782074538,0.5527323355,0.4291426033,0.5445428059,0.07511165146,10231,8216,6,47.77907397,3.00908422,38,42,46,1,0.0306935144,2318380
S09-surge-supply,errra-no-essential-priority,100081,363458.7961,217904.6,4713.446118,108400,32440.75,0.5897579347,0.5873343152,0.5616998578,0.4373430724,0.5680802292,0.07042168321,9807,7680,0,46.68815519,2.806566056,38,43,46,1,0.02821505363,2209915
S09-surge-supply,errra-no-essential-priority,100082,369111.1465,221866.1,4748.991529,109375,33121.055,0.5553672544,0.5534637932,0.5346428571,0.4050228311,0.534893196,0.02605839338,10816,8590,0,50.63112425,3.318713096,40,45,49,1,0.02888763898,2436400
S09-surge-supply,errra-no-essential-priority,100083,368366.9552,220619,4792.785176,109250,33705.17,0.5667684937,0.565583285,0.5354792815,0.4060936789,0.5353745027,0.0395734452,10479,8358,0,49.18833794,3.157706334,39,44,48,1,0.02730460155,2370945
S09-surge-supply,errra-no-essential-priority,100084,360791.7031,215375.6,4695.278118,108475,32245.825,0.5773556336,0.5824646156,0.5608928571,0.4383280037,0.5548752041,0.06705146834,9853,7908,0,47.75495264,3.001748228,38,43,46,1,0.02899630978,2253305
S09-surge-supply,errra-no-essential-priority,100085,367116.3381,219623.4,4721.503059,109375,33396.435,0.5576057363,0.5619182181,0.5516518091,0.4230769231,0.5353541381,0.01307097857,10542,8411,0,49.84510241,3.261409278,40,44,48,1,0.02720921004,2403805
S09-surge-supply,errra-no-essential-priority,100086,371241.5383,223038.9,4784.423294,110450,32968.215,0.5477280969,0.5514950166,0.5153927813,0.3805970149,0.5117739403,0.04614614048,10800,8706,0,51.34656906,3.438961492,41,46,49,1,0.02345539086,2455565
S09-surge-supply,errra-no-essential-priority,100087,368915.5151,221628.3,4750.735059,109225,33311.48,0.5544603851,0.5575342466,0.5426603074,0.4155756208,0.5265277535,0.02107302597,10659,8532,0,50.31774099,3.339167251,40,45,48,1,0.02396246145,2416795
S09-surge-supply,errra-no-essential-priority,100088,371825.079,223549.8,4752.024,110300,33223.255,0.556003363,0.5604688332,0.5319110792,0.4000459559,0.5351493849,0.09718178174,10725,8573,0,49.77191849,3.29112674,40,45,48,1,0.0281258511,2444125
S09-surge-supply,errra-no-essential-priority,100089,372143.7935,223639.9,4772.228471,109825,33906.665,0.5495555437,0.5489537693,0.5288985823,0.4012474012,0.5274374001,0.02538679349,11015,8757,0,51.31424918,3.403257572,41,45,50,1,0.02886758263,2487135
S09-surge-supply,errra-no-essential-priority,100090,366353.6272,218511.6,4732.077176,109900,33209.95,0.5621740436,0.5715307582,0.5505738881,0.4273308958,0.5388508656,0.0762435594,10183,8341,0,49.04831945,3.211356252,40,43,47,1,0.02801544286,2337815
S09-surge-supply,errra-no-essential-priority,100091,370084.9918,223091.2,4767.331765,108100,34126.46,0.5611309595,0.5738737619,0.5621184919,0.4394392094,0.5358635097,0.02844133245,10282,8594,0,48.96936861,3.274443686,40,42,48,1,0.0288371113,2370310
S09-surge-supply,errra-no-essential-priority,100092,367665.6082,217952.5,4685.973176,111525,33502.135,0.5431213179,0.5427840027,0.5046935395,0.3688293371,0.5102623595,0.04680046003,10895,8738,0,51.55767506,3.503873009,40,45,49,1,0.02454434994,2466485
S09-surge-supply,errra-no-essential-priority,100093,370084.2384,222205.4,4683.318353,109650,33545.52,0.55943149,0.5678885086,0.536976912,0.4100206849,0.53228171,0.07912385473,10480,8415,0,49.14785056,3.184217563,40,44,48,1,0.02817305802,2403790
S09-surge-supply,errra-no-essential-priority,100094,372136.2015,222795,4751.096471,110550,34040.105,0.5550264905,0.5577193418,0.5511740455,0.4233072317,0.5339458023,0.04704024019,10697,8592,0,50.41835044,3.29528536,40,44,48,1,0.02735868596,2430560
S09-surge-supply,errra-no-essential-priority,100095,365728.3806,216545.5,4695.190588,111475,33012.69,0.5761084014,0.5798806551,0.5526969482,0.4278256922,0.5566796965,0.09220321371,9927,7902,0,47.80475081,2.950019181,38,43,46,1,0.04003213627,2266835
S09-surge-supply,errra-no-essential-priority,100096,363084.6904,217464.1,4743.745412,108000,32876.845,0.5793646469,0.5824402135,0.5546293012,0.4287989081,0.5545622332,0.06116296168,9935,8030,0,47.58521998,2.981732236,39,42,46,1,0.02714372295,2262325
S09-surge-supply,errra-no-essential-priority,100097,370043.3865,221786.4,4753.611529,109775,33728.375,0.5377901504,0.5433077402,0.5310492505,0.4002741604,0.5117091926,0.01685817242,11004,8962,0,52.16862105,3.578256543,42,46,50,1,0.0272722258,2511805
S09-surge-supply,errra-no-essential-priority,100098,364458.8441,219128.9,4698.259059,107900,32731.685,0.5639368205,0.5684351689,0.5397868561,0.4104664391,0.5314812706,0.09852240016,10298,8267,0,49.00851074,3.145210148,39,43,47,1,0.02878887542,2349010
S09-surge-supply,errra-no-essential-priority,100099,371005.6658,223924.6,4777.315765,108975,33328.75,0.5511195973,0.5519704433,0.535243859,0.4059158134,0.5308027024,0.04219094672,10914,8518,0,50.93895017,3.280012818,41,45,49,1,0.02573649055,2476235
S09-surge-supply,errra-no-essential-priority,100100,362823.7969,216930.3,4702.576941,108650,32540.92,0.5646298553,0.5645461467,0.5471832237,0.4205139868,0.5465422487,0.05453905828,10295,8210,0,49.4741367,3.208792563,40,43,48,1,0.02818766085,2337665
S09-surge-supply,errra-no-compound-awareness,100001,285321.9376,221366.9,4794.377647,21925,37235.66,0.7208534178,0.986724934,0.9780160858,0.9731034483,0.665021748,0.0118816965,322,10559,0,1.575495079,6.349839548,8,9,16,1,0.03748783796,637195
S09-surge-supply,errra-no-compound-awareness,100002,281402.9032,219272.5,4753.893176,21200,36176.51,0.7264655818,0.9831929251,0.9773313675,0.9711154599,0.6711117294,0.02092190762,401,10326,0,1.863231626,6.078967795,8,10,11,1,0.02354718334,617405
S09-surge-supply,errra-no-compound-awareness,100003,282051.9531,219929,4796.138118,21850,35476.815,0.7275803952,0.9935113865,0.9876675603,0.9862825789,0.6706975079,0.006567336949,155,10077,0,0.7724040378,5.931334439,0,8,9,1,0.01570401187,590905
S09-surge-supply,errra-no-compound-awareness,100004,284961.0261,222558.9,4791.751059,20875,36735.375,0.7345581802,0.9974241795,0.9886609071,0.9854771784,0.6838977899,0.01042834606,62,10310,0,0.3156048095,6.064418871,0,0,11,1,,567580
S09-surge-supply,errra-no-compound-awareness,100005,285090.4514,223185.9,4778.526353,19700,37426.025,0.7409129163,0.9986756063,0.9962331839,0.9951724138,0.6889617908,0.003527237801,32,10161,0,0.1672516069,5.778490228,0,0,9,1,,540875
S09-surge-supply,errra-no-compound-awareness,100006,281331.3405,219142.5,4692.260471,21350,36146.58,0.7385282672,0.9884357125,0.9834234234,0.9787283237,0.6908739607,0.006768550741,279,9963,0,1.337664822,5.789441682,7,9,13,1,0.02600557072,568225
S09-surge-supply,errra-no-compound-awareness,100007,286073.9411,222542.8,4782.571059,22450,36298.57,0.7373865088,0.9917187694,0.9842293907,0.979714154,0.6890044403,0.01080382098,200,10169,1,0.9996667449,5.932772883,6,8,14,1,0.02068779685,567525
S09-surge-supply,errra-no-compound-awareness,100008,284145.1812,221841.5,4729.521176,21075,36499.16,0.7417237251,0.9989183342,0.9960893855,0.996408046,0.6923136526,0.003550405604,26,10016,0,0.1028227665,5.820228951,0,0,0,1,,548690
S09-surge-supply,errra-no-compound-awareness,100009,285372.3144,222094.9,4763.929412,21800,36713.485,0.730287003,0.9888588651,0.9820208558,0.9769479023,0.6780492534,0.00927148145,268,10073,0,1.298805268,5.874567079,8,9,12,1,0.0228610487,607280
S09-surge-supply,errra-no-compound-awareness,100010,286987.7485,223827.2,4794.728471,21050,37315.82,0.7305785563,0.9943905335,0.9930220075,0.9910775566,0.677677716,0.001788395269,137,10416,0,0.6476884924,5.996810165,0,7,9,1,0.01092663984,582325
S09-surge-supply,errra-no-compound-awareness,100011,280265.1143,218622.7,4718.399294,21300,35624.015,0.7409701706,0.9903854228,0.9870613258,0.9834804254,0.6882515823,0.004369693938,229,9898,0,1.159417867,5.667669603,8,9,11,1,0.02184771153,557920
S09-surge-supply,errra-no-compound-awareness,100012,283630.5975,221290.2,4754.972471,21725,35860.425,0.7427611064,0.9947582994,0.9894291755,0.9870550162,0.6938807368,0.007557687246,126,9906,0,0.5413384746,5.76045843,0,0,12,1,,537810
S09-surge-supply,errra-no-compound-awareness,100013,282338.2731,220776,4763.618118,21200,35598.655,0.7389711845,0.995090493,0.9948036254,0.9933590734,0.6827533356,0.00306644917,118,9853,0,0.6174920157,5.678880359,0,8,11,1,0.01802168768,564455
S09-surge-supply,errra-no-compound-awareness,100014,284602.9302,222329.4,4839.580235,21075,36358.95,0.7378165169,0.9956618741,0.9891752577,0.9861477573,0.6852016378,0.008424646264,105,10100,0,0.5488158572,5.714764339,0,8,11,1,0.0109710142,556635
S09-surge-supply,errra-no-compound-awareness,100015,282652.6258,220335.4,4678.070824,21225,36414.155,0.7410437919,0.9977169897,0.9802816901,0.9760696157,0.6919891114,0.01923823305,55,9930,0,0.2166743234,5.841439453,0,0,0,1,,534040
S09-surge-supply,errra-no-compound-awareness,100016,279789.1009,217814.9,4775.085882,21425,35774.115,0.7331080157,0.9968430357,0.9924283396,0.9903912148,0.6799541441,0.006143443765,75,9945,0,0.3926605302,5.996784434,0,0,10,1,,553885
S09-surge-supply,errra-no-compound-awareness,100017,288334.5668,224609.3,4845.386824,22650,36229.88,0.7322024879,0.9862677783,0.9814365024,0.9762433393,0.6750208208,0.01284624185,336,10239,3,1.612364793,5.838980909,8,10,14,1,0.02272964233,622900
S09-surge-supply,errra-no-compound-awareness,100018,283096.9086,220542.1,4709.038588,21600,36245.77,0.7448945205,0.9959040132,0.9892703863,0.9863574352,0.6942892431,0.008141902354,99,9843,0,0.5003853724,5.847489385,0,6,9,1,0.003840245776,518505
S09-surge-supply,errra-no-compound-awareness,100019,283758.2055,221156,4784.480471,22400,35417.725,0.750761071,0.9949947862,0.982038058,0.9770819151,0.6977119044,0.01717267604,120,9876,0,0.6084060286,5.454586045,0,8,12,1,0.00720489628,519665
S09-surge-supply,errra-no-compound-awareness,100020,282190.2416,219838.3,4695.646588,21025,36631.295,0.7287941311,0.9896420285,0.9891694591,0.9861631374,0.6817395025,0.006017706704,250,10153,0,1.206855946,6.045796585,7,8,10,1,0.02415615002,615750
S09-surge-supply,errra-no-compound-awareness,100021,280872.0102,218943.8,4729.660235,20625,36573.55,0.7313313232,0.9944484165,0.9855769231,0.9816201498,0.6776393598,0.01215814059,132,10251,0,0.6565664278,6.063360769,0,7,11,1,0.01520019046,576775
S09-surge-supply,errra-no-compound-awareness,100022,284557.4155,222303.7,4774.695529,20525,36954.02,0.7449114778,0.9976417046,0.9902491874,0.9881862404,0.6961293826,0.009750812568,57,10120,0,0.2577911124,5.819663575,0,0,10,1,,519730
S09-surge-supply,errra-no-compound-awareness,100023,285865.0778,223419.2,4791.367765,20750,36904.51,0.7368273617,0.9947536683,0.9888357257,0.9858203916,0.6907100649,0.008052241127,128,10264,0,0.6233768838,5.872248753,0,7,12,1,0.01345853789,577105
S09-surge-supply,errra-no-compound-awareness,100024,285073.9818,222155.1,4865.846824,21300,36753.035,0.7359174306,0.9962068112,0.9936675462,0.9932659933,0.6808556527,0.003908211402,92,10230,23,0.4583492738,5.806407452,0,7,9,1,0.005691517803,574805
S09-surge-supply,errra-no-compound-awareness,100025,282691.8707,219561.4,4692.660706,21475,36962.81,0.7321088527,0.9802180557,0.9757705327,0.9690346084,0.6793031386,0.01395919704,479,10393,0,2.383587692,6.090188399,9,10,12,1,0.04333490444,593810
S09-surge-supply,errra-no-compound-awareness,100026,275574.3816,214699.5,4629.881647,20925,35320,0.7385981064,0.9976746153,0.9870898332,0.9835390947,0.6912264657,0.01266542863,55,9646,0,0.2659440142,5.677847553,0,0,9,1,,560455
S09-surge-supply,errra-no-compound-awareness,100027,285615.0546,222057.4,4742.314588,22150,36665.34,0.732802501,0.9842386831,0.9792691497,0.9734771859,0.675439105,0.00649533897,383,10369,0,1.912193775,5.936326836,9,11,13,1,0.02723899053,605365
S09-surge-supply,errra-no-compound-awareness,100028,282182.0838,219866.7,4749.518824,21925,35640.865,0.7331689406,0.9836593113,0.9809953097,0.9756459293,0.679167899,0.008611877155,391,10019,0,1.918431494,5.745024185,9,10,17,1,0.0271524439,593715
S09-surge-supply,errra-no-compound-awareness,100029,281184.3551,218338.1,4642.370118,21225,36978.885,0.7298689329,0.9903834145,0.9884995508,0.9852602487,0.6739795318,0.00248060558,231,10428,0,1.158603093,6.151018583,7,9,13,1,0.02245066701,588800
S09-surge-supply,errra-no-compound-awareness,100030,280864.2136,218640.7,4753.618588,21675,35794.895,0.7453131396,0.9895015328,0.9884485516,0.9852774632,0.6953779012,0.001666769626,250,9923,0,1.300015445,5.800627644,7,8,13,1,0.027944397,531705
S09-surge-supply,errra-no-compound-awareness,100031,283194.043,219864.1,4687.728,22800,35842.215,0.7423483808,0.9950061907,0.9872691411,0.9837899543,0.6936031509,0.01088375169,121,9938,0,0.6164628389,5.724259065,0,8,11,1,0.01369507874,545040
S09-surge-supply,errra-no-compound-awareness,100032,284966.1088,222080.7,4753.358824,21975,36157.05,0.7509004408,0.9926898773,0.9857473722,0.9818140486,0.7053320861,0.009950267506,177,9881,0,0.9119755132,5.592637888,0,8,15,1,0.01808235697,503660
S09-surge-supply,errra-no-compound-awareness,100033,279556.2684,216839.9,4701.438353,22500,35514.93,0.7292053523,0.9893540922,0.9775596073,0.9712035996,0.6747375787,0.0167729252,253,10325,0,1.285670623,6.209284544,8,10,13,1,0.02005386266,574420
S09-surge-supply,errra-no-compound-awareness,100034,283676.3662,220926.7,4793.721176,21675,36280.945,0.7384636173,0.9888000666,0.9837340877,0.9791713833,0.6879297098,0.01140630107,269,10005,0,1.360450649,5.746665766,8,9,12,1,0.0260351362,572105
S09-surge-supply,errra-no-compound-awareness,100035,279099.0272,217554.7,4621.312235,20350,36573.015,0.7281122358,0.9982746286,0.9944842802,0.9931377189,0.6771084337,0.00539497602,41,10365,0,0.1935459918,6.172069451,0,0,10,1,,577155
S09-surge-supply,errra-no-compound-awareness,100036,280920.3968,219096.8,4761.926824,21975,35086.67,0.7428177963,0.9977715175,0.9892299408,0.9867688022,0.6911835075,0.009845673952,53,10001,0,0.22945799,5.708375943,0,0,8,1,,510635
S09-surge-supply,errra-no-compound-awareness,100037,282361.1434,220271,4646.293412,20850,36593.85,0.7390512917,0.978861856,0.9739785847,0.9667380333,0.6941340512,0.01780673844,510,9884,0,2.363165425,5.604565557,9,11,12,1,0.03193147881,603565
S09-surge-supply,errra-no-compound-awareness,100038,285429.9464,223015.9,4816.026353,21750,35848.02,0.7426073196,0.9877710069,0.9864351601,0.9833679834,0.6886126908,0.002418897754,295,9827,0,1.447134294,5.484262475,8,9,14,1,0.02580231724,581930
S09-surge-supply,errra-no-compound-awareness,100039,284480.8291,221481.1,4765.694118,21500,36734.035,0.7253742575,0.9801343729,0.9781864071,0.9720962411,0.6760859003,0.006832319525,479,10373,0,2.233868608,6.070497487,10,11,13,1,0.02897043045,654290
S09-surge-supply,errra-no-compound-awareness,100040,280227.8594,218676.2,4725.289412,20550,36276.37,0.7348781018,0.9985712485,0.9901153213,0.9873772791,0.6844646689,0.009761601825,34,9928,0,0.1248422744,5.784967693,0,0,0,1,,552535
S09-surge-supply,errra-no-compound-awareness,100041,279716.9269,218246.4,4682.481882,20400,36388.045,0.7346374451,0.9920524202,0.989679522,0.9875259875,0.6839264531,0.002677555347,188,10079,0,0.9468545824,5.959480363,6,8,11,1,0.02830723484,544405
S09-surge-supply,errra-no-compound-awareness,100042,283101.4643,220693.2,4764.419294,21525,36118.845,0.7312849538,0.9884381087,0.9776714514,0.9739904175,0.6752519376,0.01260801401,279,10109,0,1.41329348,5.81534937,8,9,13,1,0.03354461121,598675
S09-surge-supply,errra-no-compound-awareness,100043,282952.5938,220653,4734.103765,21250,36315.49,0.7379968503,0.9859020211,0.9851296621,0.980967118,0.6895566772,0.009459082496,339,9937,1,1.672630221,5.671314929,8,10,13,1,0.02891665167,586395
S09-surge-supply,errra-no-compound-awareness,100044,277989.3861,215638.1,4712.611059,23025,34613.675,0.7348005921,0.9823354565,0.9789908422,0.9730476849,0.6833649538,0.01725580663,416,9704,0,2.136640637,5.850170842,9,10,13,1,0.03848127659,582315
S09-surge-supply,errra-no-compound-awareness,100045,284622.9302,221471.9,4790.980235,21700,36660.05,0.7373209524,0.9950242619,0.9898504274,0.9883959044,0.681979075,0.007093118137,121,10359,0,0.6305821185,6.17238145,0,8,11,1,0.01523812087,546675
S09-surge-supply,errra-no-compound-awareness,100046,282675.3129,220274.4,4752.657882,22000,35648.255,0.7336545079,0.9887146295,0.9845607808,0.9802227779,0.6788944233,0.005442230307,272,9917,0,1.416779042,5.755488982,8,9,13,1,0.02828077188,587260
S09-surge-supply,errra-no-compound-awareness,100047,281314.0195,218824.1,4755.999529,22375,35358.92,0.7440695407,0.9945006874,0.9837283339,0.9791146425,0.6930827779,0.01463480642,132,9775,0,0.6460932101,5.517642439,0,8,11,1,0.01016026308,537520
S09-surge-supply,errra-no-compound-awareness,100048,280549.3723,218758.4,4720.847294,20975,36095.125,0.7361775994,0.9952715708,0.9907709012,0.9888579387,0.6828625758,0.00888139366,113,9723,0,0.5758427221,5.806479611,0,7,9,1,0.006915926363,573540
S09-surge-supply,errra-no-compound-awareness,100049,286573.0766,224349.6,4776.886588,20525,36921.59,0.7393238199,0.9950258898,0.9900990099,0.9887876664,0.6882256981,0.006718341428,122,9972,0,0.6109378439,5.540255752,0,8,12,1,0.01348814666,590040
S09-surge-supply,errra-no-compound-awareness,100050,278240.905,217020.1,4675.44,20450,36095.365,0.7394334378,0.9968032304,0.9899767317,0.9871970736,0.6865014542,0.009840073382,76,9795,0,0.3591527618,5.810014102,0,0,10,1,,543115
S09-surge-supply,errra-no-compound-awareness,100051,283818.3619,221606.2,4725.201882,21650,35836.96,0.7325518945,0.9908511343,0.9895316804,0.9866666667,0.6727885984,0.001965803509,221,10065,0,1.108455474,5.732216225,7,8,12,1,0.03291489394,616875
S09-surge-supply,errra-no-compound-awareness,100052,284685.6998,222436,4794.139765,20700,36755.56,0.7373416022,0.9866770838,0.9839675828,0.9794489612,0.6851639488,0.005411068284,324,10183,0,1.553557074,5.851696735,8,9,13,1,0.03309582501,586285
S09-surge-supply,errra-no-compound-awareness,100053,279820.4918,218122.9,4738.946824,21025,35933.645,0.7318847477,0.9937594237,0.985915493,0.9821305842,0.6781294907,0.009905035622,149,10076,0,0.7464087152,5.965543967,0,8,10,1,0.01386055558,572240
S09-surge-supply,errra-no-compound-awareness,100054,283818.6789,221030,4753.168941,21175,36860.51,0.7317485444,0.9897174351,0.9787798408,0.9735054348,0.6796233142,0.01219027737,250,10199,0,1.2070766,5.891577902,7,9,11,1,0.02109660652,596865
S09-surge-supply,errra-no-compound-awareness,100055,284753.2784,222158.4,4765.033412,21500,36329.845,0.7307403433,0.9963079731,0.9918918919,0.992398065,0.6733316427,0.00538940342,89,10435,0,0.4128996894,6.141362661,0,6,9,1,0.007239382239,564505
S09-surge-supply,errra-no-compound-awareness,100056,286160.4455,222744,4731.020471,21775,36910.425,0.7311397976,0.9895441584,0.9790055249,0.9734822052,0.6762456592,0.01317069083,253,10290,0,1.218790489,6.0473954,7,8,13,1,0.02139436834,605350
S09-surge-supply,errra-no-compound-awareness,100057,283205.0106,221080.6,4766.650588,20750,36607.76,0.7495243965,0.9984274127,0.9915745129,0.9899665552,0.7031935241,0.00830618383,38,10142,0,0.1726903321,5.611331422,0,0,9,1,,509640
S09-surge-supply,errra-no-compound-awareness,100058,286247.7288,223372.4,4757.203765,21000,37118.125,0.7374845755,0.9929539961,0.9868955334,0.9832586654,0.6943023761,0.008547593309,172,10182,0,0.769926896,5.754109889,0,7,10,1,0.01505835189,592685
S09-surge-supply,errra-no-compound-awareness,100059,288062.3601,224180.2,4782.115059,22850,36250.045,0.7373400481,0.9810219574,0.971423593,0.96349065,0.6841436411,0.0220226113,465,10448,0,2.311840153,5.970315054,9,11,15,1,0.03394545992,595560
S09-surge-supply,errra-no-compound-awareness,100060,282510.9765,220932,4787.996471,21175,35615.98,0.7387218045,0.9842949386,0.9819897084,0.9769646635,0.6804921611,0.01173085674,377,9672,0,1.792073094,5.505733759,9,10,14,1,0.02531449081,594810
S09-surge-supply,errra-no-compound-awareness,100061,283515.1829,221776.9,4699.917882,20450,36588.365,0.7391816624,0.9975520704,0.9923245614,0.9908707865,0.6860674636,0.007133987508,59,9961,0,0.2842126486,5.649662596,0,0,10,1,,561745
S09-surge-supply,errra-no-compound-awareness,100062,278258.5456,216792.3,4723.565647,20900,35842.68,0.7321147179,0.9837828683,0.9796561959,0.9739879823,0.678817125,0.01382560747,383,10119,0,1.783982884,5.883171871,8,10,12,1,0.02585736485,589595
S09-surge-supply,errra-no-compound-awareness,100063,283923.4817,221111.1,4798.296706,21575,36439.085,0.7304847213,0.9829416381,0.9786278736,0.9726771774,0.6730062423,0.01621014708,413,10294,1,1.94324409,6.103749731,8,9,10,1,0.03613510119,609615
S09-surge-supply,errra-no-compound-awareness,100064,287154.8374,223965.8,4796.442353,21450,36942.595,0.7351821787,0.9972894164,0.9916839917,0.9893969516,0.681079198,0.00783676552,66,10287,0,0.3018205929,6.024898198,0,0,9,1,,565030
S09-surge-supply,errra-no-compound-awareness,100065,283600.8818,221542.4,4767.751765,20750,36540.73,0.7427877807,0.9973800216,0.9903277808,0.9882839421,0.6905859505,0.008794872334,63,9980,0,0.3065334013,5.786796143,0,0,8,1,,532390
S09-surge-supply,errra-no-compound-awareness,100066,283741.1353,220679.9,4716.035294,21600,36745.2,0.7276228832,0.9946281336,0.9874260355,0.9838824366,0.6710314458,0.009941913292,129,10444,0,0.6624135977,6.273985377,0,8,12,1,0.01948051948,582790
S09-surge-supply,errra-no-compound-awareness,100067,285537.3975,222660,4746.932471,19975,38155.465,0.7368604014,0.998219388,0.9922822492,0.9902097902,0.6874734771,0.006823296444,43,10323,0,0.1848514806,5.989704919,0,0,0,1,,563370
S09-surge-supply,errra-no-compound-awareness,100068,283257.5321,221190.2,4740.427059,21000,36326.905,0.7279778095,0.9938530548,0.9890129364,0.986013986,0.6707716929,0.006828432953,148,10077,9,0.7771480171,5.921458002,6,8,12,1,0.02177086749,605820
S09-surge-supply,errra-no-compound-awareness,100069,282914.5265,220419.5,4776.416471,22400,35318.61,0.7398793094,0.9903333333,0.9811977716,0.9761799735,0.6895306147,0.01337334676,232,9959,0,1.136172446,5.727526114,7,9,13,1,0.01672261817,571980
S09-surge-supply,errra-no-compound-awareness,100070,282238.8719,220163.7,4671.741882,20700,36703.43,0.7350057903,0.9927141013,0.9922248804,0.9900184275,0.6834072931,0.003983136952,175,10273,0,0.8740458683,6.009008645,6,8,12,1,0.01673614124,559765
S09-surge-supply,errra-no-compound-awareness,100071,281362.0543,219264.4,4716.659294,21050,36330.995,0.7404107356,0.9934254606,0.9913373037,0.9907982698,0.6876030431,0.0044595439,157,10063,0,0.7779223889,5.828751494,6,8,10,1,0.02409263621,538215
S09-surge-supply,errra-no-compound-awareness,100072,285031.2618,222587.2,4740.871765,21050,36653.19,0.7411164139,0.9988919895,0.9950900164,0.9944055944,0.6884844777,0.004556293466,27,10166,0,0.1103346252,5.846536299,0,0,0,1,,545675
S09-surge-supply,errra-no-compound-awareness,100073,282310.738,220216,4732.128,21350,36012.61,0.7289322025,0.9858389177,0.9822560976,0.9773628938,0.669421325,0.01281959093,336,10142,0,1.625942508,5.788411352,8,9,10,1,0.03688036873,628415
S09-surge-supply,errra-no-compound-awareness,100074,283091.7241,220354.7,4769.179059,22400,35567.845,0.7394052598,0.9887125661,0.9871521646,0.9835848763,0.6828912048,0.008055503084,271,10144,0,1.34896248,5.882337814,7,8,11,1,0.0348771738,561275
S09-surge-supply,errra-no-compound-awareness,100075,282776.1153,220486.5,4774.235294,20900,36615.38,0.7331066035,0.9957925432,0.9863013699,0.9831536388,0.679401014,0.011151323,101,10260,0,0.4883777115,5.954478589,0,0,10,1,,573945
S09-surge-supply,errra-no-compound-awareness,100076,282577.4249,219989.3,4677.729882,21150,36760.395,0.7415487342,0.9840344129,0.9812981298,0.9763066202,0.6896457977,0.003305975759,386,9927,0,1.981035952,5.715150778,9,11,17,1,0.02739246515,563985
S09-surge-supply,errra-no-compound-awareness,100077,284953.753,221901.2,4738.248,21825,36489.305,0.7260859054,0.9828014919,0.9813112193,0.9761136713,0.6748409126,0.008964307465,415,10400,0,2.044733527,5.996521342,9,10,14,1,0.03795720931,635230
S09-surge-supply,errra-no-compound-awareness,100078,280213.8004,218128.6,4737.085412,20850,36498.115,0.7367680865,0.9944018246,0.9850984566,0.9830852503,0.6878407205,0.01163534849,135,10086,0,0.6692720668,5.981933739,0,8,11,1,0.01665842025,551555
S09-surge-supply,errra-no-compound-awareness,100079,288415.2983,224650.2,4804.163294,22725,36235.935,0.7448801946,0.9917308241,0.982637671,0.9778573026,0.6980010389,0.0130623938,203,10098,0,1.058070094,5.660757239,7,9,18,1,0.01573926153,543555
S09-surge-supply,errra-no-compound-awareness,100080,284291.5627,222461.3,4767.612706,20600,36462.65,0.747581778,0.9962895778,0.9869989166,0.9834254144,0.6953097587,0.01073863998,90,9991,0,0.4334876813,5.466573015,0,0,8,1,,546835
S09-surge-supply,errra-no-compound-awareness,100081,280467.3514,219154.5,4767.786353,20950,35595.065,0.7448353028,0.988428361,0.9826370049,0.977915804,0.6936085352,0.01202871347,275,9545,33,1.374805618,5.456867615,7,9,16,1,0.02690639258,547855
S09-surge-supply,errra-no-compound-awareness,100082,285875.0692,222296.1,4772.529176,22750,36056.44,0.731765054,0.9925687392,0.9791071429,0.9732876712,0.677862922,0.01814050867,180,10183,0,0.873710985,5.88232525,0,9,14,1,0.01454743293,586235
S09-surge-supply,errra-no-compound-awareness,100083,282869.4532,220029,4734.393176,21025,37081.06,0.7346081901,0.9954398474,0.9919971545,0.9897680764,0.6786251636,0.004869371518,110,10301,0,0.5574852083,5.986529223,0,7,10,1,0.01497525646,563445
S09-surge-supply,errra-no-compound-awareness,100084,280542.1108,217894.5,4755.415765,21600,36292.195,0.7244407736,0.997669294,0.9951785714,0.9938328004,0.6689240786,0.003519506687,55,10159,0,0.2940739633,6.298465139,0,0,10,1,,573125
S09-surge-supply,errra-no-compound-awareness,100085,284052.6156,221837.9,4812.425647,21000,36402.29,0.7339407499,0.9925199468,0.9868904038,0.9831309042,0.6824932144,0.006876782292,180,9880,0,0.9387029173,5.841644877,7,8,12,1,0.02825228207,597325
S09-surge-supply,errra-no-compound-awareness,100086,285289.6479,222234.2,4781.872941,22400,35873.575,0.7305548467,0.9965946844,0.9910632865,0.9886178862,0.6756898155,0.007680206567,82,10477,0,0.3954595189,5.9879387,0,0,10,1,,587260
S09-surge-supply,errra-no-compound-awareness,100087,283932.641,220512.7,4786.416,22150,36483.525,0.7341027992,0.997633873,0.9916975799,0.9893905192,0.6802343811,0.008302420067,57,10487,0,0.2900734988,6.060649372,0,0,10,1,,544230
S09-surge-supply,errra-no-compound-awareness,100088,285776.7883,222820.5,4705.823294,21775,36475.465,0.7319472062,0.9921724519,0.9913947651,0.9889705882,0.675923445,0.003774316977,191,10348,0,0.911691507,6.040009075,7,8,11,1,0.02489432754,587500
S09-surge-supply,errra-no-compound-awareness,100089,285401.061,222782.4,4711.716,21450,36456.945,0.7424016607,0.9970107694,0.9836423119,0.9792099792,0.6937450637,0.01493613981,73,10179,0,0.3255739357,5.696718476,0,0,9,1,,558120
S09-surge-supply,errra-no-compound-awareness,100090,280598.3519,218474.8,4728.916941,20825,36569.635,0.7287906507,0.9962130775,0.9838449111,0.9792674499,0.6758464022,0.01542037998,90,10135,1,0.4066387458,6.030199601,0,0,10,1,,590020
S09-surge-supply,errra-no-compound-awareness,100091,283703.0484,221733.6,4752.673412,20425,36791.775,0.7440488138,0.9992954536,0.9939626784,0.993006993,0.6937006357,0.006037321625,17,10154,0,0.07014569489,5.631434574,0,0,0,1,,541830
S09-surge-supply,errra-no-compound-awareness,100092,281628.9709,218514.5,4688.925882,22200,36225.545,0.7310304386,0.9946703596,0.9884041966,0.9866008463,0.6792524108,0.007922034136,127,9955,2,0.5397921642,5.994654157,0,0,12,1,,573525
S09-surge-supply,errra-no-compound-awareness,100093,285868.2745,223634.9,4694.619529,20600,36938.755,0.7342630228,0.9906815652,0.9890470975,0.9867039888,0.681442726,0.003016394583,226,10211,0,1.12076381,6.001136485,7,8,10,1,0.02814187229,589005
S09-surge-supply,errra-no-compound-awareness,100094,284224.2362,221968.6,4734.316235,20550,36971.32,0.7371336597,0.9899942115,0.9889979185,0.9859165652,0.6880877743,0.003747617189,242,10240,1,1.225422687,5.821688686,7,8,11,1,0.03006208845,590640
S09-surge-supply,errra-no-compound-awareness,100095,278227.9865,216260.6,4704.836471,20075,37187.55,0.7303803365,0.9986880528,0.9951430113,0.9938271605,0.6773051065,0.004856988667,31,10292,0,0.1583602333,6.310133173,0,0,9,1,,545275
S09-surge-supply,errra-no-compound-awareness,100096,281838.7279,219582.3,4769.997882,20950,36536.43,0.7366499564,0.9946202665,0.9888712242,0.9857627119,0.6781213976,0.00657996836,128,10088,0,0.6080092121,6.010680035,0,6,10,1,0.003681885125,549645
S09-surge-supply,errra-no-compound-awareness,100097,284189.8293,221280.3,4743.719294,21625,36540.81,0.7265795207,0.9805768832,0.9774553304,0.9711213518,0.67305452,0.01665601866,468,10382,0,2.34640713,6.08245246,9,10,14,1,0.0414930517,641220
S09-surge-supply,errra-no-compound-awareness,100098,281036.5144,218662.3,4755.114353,22000,35619.1,0.7341645481,0.9726762216,0.9612540488,0.9505691564,0.6783142277,0.03714081479,652,10164,0,3.06474514,5.658029967,9,10,13,1,0.05320915452,632645
S09-surge-supply,errra-no-compound-awareness,100099,286686.7569,223579.1,4787.116941,22075,36245.54,0.7413910512,0.9943760263,0.9928800285,0.9908987486,0.6882622393,0.006587773542,137,10027,0,0.7195138634,5.823307919,6,8,11,1,0.0212001415,552445
S09-surge-supply,errra-no-compound-awareness,100100,279983.0417,218004.7,4756.356706,21225,35996.985,0.7270088583,0.9892564081,0.9870828848,0.9841269841,0.6701581186,0.002609668936,254,10412,1,1.242725529,6.128438232,7,8,11,1,0.02687197613,599905
S10-surge-supply-road,equity-constrained-rolling-horizon,100001,288157.4914,223051.5,4785.666353,23225,37095.325,0.7129180821,0.9833443272,0.9533512064,0.9413793103,0.6642805594,0.03726389309,404,10603,0,1.87820322,6.415792795,8,10,13,1,0.02795734733,700030
S10-surge-supply-road,equity-constrained-rolling-horizon,100002,284653.2176,220418.7,4798.397647,23500,35936.12,0.7218901069,0.9902342931,0.9601293103,0.9491758242,0.6749075877,0.03882633531,233,10345,18,1.110101519,6.115993736,0,10,13,1,0.01329555592,635295
S10-surge-supply-road,equity-constrained-rolling-horizon,100003,282017.7591,218284.1,4739.119059,23700,35294.54,0.7204990894,0.9869809109,0.9501340483,0.9382716049,0.6700212813,0.04778070182,311,10065,0,1.488100634,5.987495583,8,11,13,1,0.01963343469,647720
S10-surge-supply-road,equity-constrained-rolling-horizon,100004,284119.5601,220343.9,4777.430118,22225,36773.23,0.7144491554,0.9932696302,0.9786012526,0.9728716365,0.6704253525,0.02115588157,162,10578,0,0.8215055672,6.225291069,0,9,12,1,0.01223133111,666135
S10-surge-supply-road,equity-constrained-rolling-horizon,100005,285544.0641,222747.5,4799.059059,21100,36897.505,0.7358901401,0.9926330602,0.9809624537,0.9757412399,0.682690081,0.01490481987,178,9726,0,0.888806223,5.55445571,6,8,11,1,0.0199700006,596585
S10-surge-supply-road,equity-constrained-rolling-horizon,100006,282815.3129,219291,4675.852941,22700,36148.46,0.7240703708,0.9875652823,0.965045045,0.9551445087,0.6802178071,0.03178528807,300,9967,0,1.448041447,5.926102584,8,11,13,1,0.01813263459,653000
S10-surge-supply-road,equity-constrained-rolling-horizon,100007,286432.2724,222488.3,4803.102353,23375,35765.87,0.7270159392,0.977806302,0.9523297491,0.93868142,0.6834540781,0.03594144951,536,9855,0,2.582474919,5.731656466,10,12,15,1,0.02833415328,665150
S10-surge-supply-road,equity-constrained-rolling-horizon,100008,284015.4979,220989.8,4700.337882,22150,36175.36,0.731163992,0.9936764155,0.956424581,0.9454022989,0.6860956144,0.04357541899,152,10076,0,0.6567157408,5.742934395,0,8,11,1,0.007767217264,621915
S10-surge-supply-road,equity-constrained-rolling-horizon,100009,285141.156,221040.9,4756.116,22300,37044.14,0.7174671786,0.9844522968,0.9467680608,0.9331010453,0.6708745395,0.04980892691,374,10573,0,1.778600574,6.253349263,9,11,13,1,0.02156437595,672655
S10-surge-supply-road,equity-constrained-rolling-horizon,100010,287840.3635,223796.8,4803.188471,22100,37140.375,0.7167027738,0.9840723908,0.957911561,0.9471544715,0.6713163441,0.03188616265,389,10434,0,1.842478052,6.020228871,8,10,12,1,0.03075491566,697675
S10-surge-supply-road,equity-constrained-rolling-horizon,100011,281408.7856,219102.1,4713.905647,22050,35542.78,0.7279819199,0.9861029474,0.9542981502,0.9415448852,0.6802017405,0.03958114963,331,9982,0,1.616624144,5.785516875,8,10,13,1,0.02505594557,637865
S10-surge-supply-road,equity-constrained-rolling-horizon,100012,284298.2122,220473.5,4774.012235,22950,36100.7,0.7252122734,0.992553457,0.9803674352,0.9748035136,0.6740555729,0.01740284326,179,10332,0,0.8446205659,6.036758056,0,10,13,1,0.01091673814,624690
S10-surge-supply-road,equity-constrained-rolling-horizon,100013,282169.3169,218955.5,4719.856941,22650,35843.96,0.7229280424,0.990472228,0.9670055288,0.958030853,0.6723389204,0.03275277935,229,10033,0,1.156073373,5.980402227,8,10,12,1,0.01631350296,629750
S10-surge-supply-road,equity-constrained-rolling-horizon,100014,285981.1031,222215.7,4843.118118,22550,36372.285,0.7263771908,0.9947942489,0.9572164948,0.9452506596,0.6768580037,0.04278350515,126,10058,0,0.5324932111,5.878852597,0,0,0,1,,614070
S10-surge-supply-road,equity-constrained-rolling-horizon,100015,285548.1404,220890.6,4688.850353,23525,36443.69,0.7310311415,0.9906189033,0.9678873239,0.9601160261,0.6868753646,0.03157258964,226,10228,0,1.059697985,5.982383657,0,10,13,1,0.01216582278,615090
S10-surge-supply-road,equity-constrained-rolling-horizon,100016,280819.4489,217781.1,4770.868941,22750,35517.48,0.7233929011,0.9903607358,0.9769124742,0.9704910813,0.6746646286,0.01979641804,229,10070,0,1.135180537,5.967871706,7,9,12,1,0.01818606343,626465
S10-surge-supply-road,equity-constrained-rolling-horizon,100017,286839.6348,223184.2,4839.194824,22675,36141.24,0.7223840883,0.9879434363,0.9625779626,0.9520639148,0.6732002092,0.03670690035,295,10368,0,1.385021654,5.935807889,8,10,13,1,0.01481411175,663690
S10-surge-supply-road,equity-constrained-rolling-horizon,100018,285511.7261,222071.4,4781.191059,22600,36059.135,0.7258879827,0.9836574266,0.9543991416,0.9420190996,0.6755082436,0.03886077291,395,10179,0,1.882244634,5.905250388,8,10,14,1,0.0231159821,648805
S10-surge-supply-road,equity-constrained-rolling-horizon,100019,284487.7155,220847.8,4767.555529,23550,35322.36,0.7315753156,0.9881960375,0.9681020734,0.96,0.681180217,0.02740518181,283,9673,0,1.428005522,5.510654995,8,10,13,1,0.02413130076,640380
S10-surge-supply-road,equity-constrained-rolling-horizon,100020,285315.2534,220913.3,4764.133412,22900,36737.82,0.7184912479,0.9877361618,0.964171123,0.9542974079,0.6761187934,0.03098206035,296,10498,0,1.42541139,6.312039809,8,9,12,1,0.02651582244,660700
S10-surge-supply-road,equity-constrained-rolling-horizon,100021,280248.052,217916.4,4758.792,21375,36197.86,0.7230326243,0.9913782227,0.9460470085,0.9312457454,0.6748009146,0.05376934797,205,10125,0,0.9006614046,5.956632168,0,8,11,1,0.006310413901,651785
S10-surge-supply-road,equity-constrained-rolling-horizon,100022,286866.9353,223735.4,4831.055294,21900,36400.48,0.7371231282,0.9951179148,0.9674972914,0.9589993051,0.6926388458,0.03250270856,118,9836,0,0.5389247086,5.588368327,0,0,11,1,,590760
S10-surge-supply-road,equity-constrained-rolling-horizon,100023,286366.1531,223070.1,4831.303059,21675,36789.75,0.7259957848,0.9941388638,0.9590643275,0.9480081026,0.6875520682,0.04093567251,143,10318,0,0.6188966941,5.953872422,0,0,10,1,,642625
S10-surge-supply-road,equity-constrained-rolling-horizon,100024,286139.444,222197.4,4823.724,22575,36543.32,0.7281866133,0.9961655809,0.9725593668,0.9663299663,0.6760519195,0.027259736,93,10025,0,0.4037652883,5.820916156,0,0,10,1,,603215
S10-surge-supply-road,equity-constrained-rolling-horizon,100025,284231.6354,220512.6,4712.070353,22525,36481.965,0.7242352623,0.9793094904,0.9448648649,0.9300411523,0.6740883967,0.04140461158,501,10076,0,2.440871342,5.923978662,9,11,13,1,0.03541808508,663055
S10-surge-supply-road,equity-constrained-rolling-horizon,100026,279215.7137,216198,4732.968706,22650,35634.745,0.7170516538,0.9906139016,0.9704142012,0.9622770919,0.672816557,0.02530288154,222,10301,0,1.089121154,6.05041705,7,9,12,1,0.01925425106,666580
S10-surge-supply-road,equity-constrained-rolling-horizon,100027,286386.1638,222074.6,4746.283765,23150,36415.28,0.7247064167,0.9890123457,0.9713633169,0.9633625534,0.6744729774,0.02524160295,267,10292,0,1.333438401,5.942004783,8,11,13,1,0.01781805022,631850
S10-surge-supply-road,equity-constrained-rolling-horizon,100028,283208.4353,220216.7,4752.575294,22825,35414.16,0.7236034522,0.9867101304,0.973827699,0.9665505226,0.66993986,0.01746181795,318,10063,0,1.621655783,5.764100966,8,10,15,1,0.02168738172,648130
S10-surge-supply-road,equity-constrained-rolling-horizon,100029,282964.6609,219649,4718.800941,21925,36671.86,0.7211808238,0.9925065568,0.9622124863,0.9519163763,0.6725875387,0.03754698453,180,10369,0,0.841429543,6.093319237,0,8,11,1,0.009501743806,643010
S10-surge-supply-road,equity-constrained-rolling-horizon,100030,280758.2398,218760.5,4726.754824,21700,35570.985,0.734506754,0.9880737412,0.9478308622,0.9339360223,0.6841102956,0.04758618642,284,9691,0,1.364697,5.80890981,7,9,12,1,0.02741143557,590690
S10-surge-supply-road,equity-constrained-rolling-horizon,100031,285719.7236,221469.6,4711.558588,23250,36288.565,0.7216748768,0.97957078,0.9652406417,0.9561343386,0.6741623174,0.01908873921,495,10425,0,2.458229743,6.138698215,10,12,15,1,0.03183571491,679235
S10-surge-supply-road,equity-constrained-rolling-horizon,100032,285976.0107,222712.6,4809.060706,22275,36179.35,0.7298139985,0.9883120638,0.9766613219,0.9702205047,0.6859798877,0.01682538258,283,10135,0,1.379092591,5.728711966,8,10,13,1,0.02347051609,620925
S10-surge-supply-road,equity-constrained-rolling-horizon,100033,282477.2765,219147.5,4767.176471,23675,34887.6,0.7225559803,0.988302125,0.9578774617,0.9461161652,0.6693791862,0.03768712894,278,10017,5,1.372212052,5.971736756,8,10,12,1,0.01972737607,626790
S10-surge-supply-road,equity-constrained-rolling-horizon,100034,283011.7368,219489.6,4808.911765,22375,36338.225,0.7255590838,0.9861353985,0.9717114569,0.9637763188,0.6748291011,0.02029338869,333,10241,0,1.656580114,5.956219174,8,10,13,1,0.02483167334,639565
S10-surge-supply-road,equity-constrained-rolling-horizon,100035,280259.337,217356.5,4648.392,21925,36329.445,0.7218146797,0.9888061272,0.9669056812,0.959688826,0.6757958664,0.0265741546,266,10381,0,1.260250528,6.13335519,7,9,11,1,0.02874110005,651735
S10-surge-supply-road,equity-constrained-rolling-horizon,100036,281688.0459,218756.3,4737.400941,23300,34894.345,0.7305190821,0.9888155405,0.9649973075,0.9554317549,0.6830688253,0.03019588904,266,9978,0,1.340755052,5.749348932,7,9,13,1,0.02740021905,594280
S10-surge-supply-road,equity-constrained-rolling-horizon,100037,287188.7828,222529.7,4700.047765,22600,37359.035,0.7175583841,0.9923736892,0.9649507119,0.9564912281,0.6723086159,0.03361362377,184,10602,0,0.834274432,6.282509034,0,9,14,1,0.005232241857,656120
S10-surge-supply-road,equity-constrained-rolling-horizon,100038,286991.8692,223703,4806.609176,22325,36157.26,0.7276811458,0.9894291755,0.9696147585,0.9618849619,0.6754802525,0.02288735779,255,10008,0,1.235917729,5.828530047,7,10,13,1,0.01807159743,627160
S10-surge-supply-road,equity-constrained-rolling-horizon,100039,287732.2436,223322.3,4811.818588,23450,36148.125,0.7243260677,0.9884704711,0.9657570894,0.9570259209,0.6724905257,0.02727217572,278,10305,0,1.349652751,5.868895638,8,9,12,1,0.02858906023,650930
S10-surge-supply-road,equity-constrained-rolling-horizon,100040,282165.3632,218088.9,4703.368235,22800,36573.095,0.7200955639,0.9852922637,0.933003844,0.9144460028,0.6714291392,0.05955000211,350,10706,0,1.637389485,6.153865993,8,9,13,1,0.02877185424,661085
S10-surge-supply-road,equity-constrained-rolling-horizon,100041,280686.9473,218109.7,4723.007294,21450,36404.24,0.7244801577,0.991671951,0.9570885388,0.9459459459,0.6729735073,0.0408325862,197,10165,0,0.9139995019,6.130881165,0,8,12,1,0.01389711329,598440
S10-surge-supply-road,equity-constrained-rolling-horizon,100042,284906.2123,221001.3,4817.627294,23050,36037.285,0.7241560542,0.9882723468,0.967357513,0.9582320442,0.6769873982,0.02911879324,283,9961,2,1.385897127,5.902122498,8,11,15,1,0.01552684999,648730
S10-surge-supply-road,equity-constrained-rolling-horizon,100043,283434.6468,220751.6,4764.326824,21875,36043.72,0.7337972622,0.9925143475,0.9648268398,0.9576388889,0.6907109598,0.0322111823,180,9869,0,0.8475371042,5.618806617,0,8,12,1,0.02386413782,619495
S10-surge-supply-road,equity-constrained-rolling-horizon,100044,278839.8375,215467.9,4679.007529,24100,34592.93,0.719680726,0.9709978769,0.9520560244,0.9384934347,0.6678036572,0.02647462835,683,9931,0,3.55913493,6.00633568,12,14,19,1,0.03308042584,671715
S10-surge-supply-road,equity-constrained-rolling-horizon,100045,286272.4896,222321.6,4820.734588,23325,35805.155,0.7312510887,0.9942840694,0.9626068376,0.9535836177,0.6781460839,0.03739316239,139,10108,7,0.6343008577,5.778362879,0,7,12,1,0.002857142857,592530
S10-surge-supply-road,equity-constrained-rolling-horizon,100046,283713.3544,220174.9,4771.189412,23150,35617.265,0.7300514149,0.9936934694,0.9742212675,0.9672354949,0.6821759937,0.02577873255,152,10027,0,0.7296467379,5.909801223,0,8,10,1,0.01195821196,601355
S10-surge-supply-road,equity-constrained-rolling-horizon,100047,284774.9332,221098,4781.368235,23575,35320.565,0.7308817158,0.9895013123,0.9648036788,0.9548240636,0.6810742596,0.03416570585,252,10139,0,1.298777424,5.653528488,9,12,15,1,0.01738711736,613045
S10-surge-supply-road,equity-constrained-rolling-horizon,100048,282631.9284,219011.2,4759.038353,22525,36336.69,0.7116993721,0.992551678,0.9565689468,0.9449860724,0.6610347423,0.0434310532,178,10526,0,0.7807435775,6.118159997,0,7,11,1,0.006586301513,673795
S10-surge-supply-road,equity-constrained-rolling-horizon,100049,289659.7581,225335.5,4857.883059,22450,37016.375,0.7315533081,0.9886247809,0.9515951595,0.9397337071,0.6871893292,0.04480962624,279,10161,0,1.31166592,5.788091393,7,10,14,1,0.01658218352,648090
S10-surge-supply-road,equity-constrained-rolling-horizon,100050,279563.1111,216908.4,4700.911059,21450,36503.8,0.7240713611,0.9921342643,0.9646604086,0.9550561798,0.6751862624,0.03240847268,187,10263,0,0.9002139278,6.269575695,0,8,12,1,0.009866981684,610790
S10-surge-supply-road,equity-constrained-rolling-horizon,100051,285456.8372,221881.4,4770.952235,22875,35929.485,0.7196487553,0.9835237622,0.9449035813,0.9298245614,0.6696691427,0.04665149172,398,10451,0,1.955613956,5.989097452,9,10,13,1,0.03167288499,693080
S10-surge-supply-road,equity-constrained-rolling-horizon,100052,285524.244,221821.8,4768.524,22600,36333.92,0.7310056916,0.9862658826,0.9676048858,0.9600271003,0.683103656,0.02630919533,334,9993,0,1.614955306,5.701447058,8,10,13,1,0.02686051095,643225
S10-surge-supply-road,equity-constrained-rolling-horizon,100053,281825.8578,218399.5,4744.387765,22850,35831.97,0.723046381,0.9899899481,0.9496208017,0.9360824742,0.6795665017,0.04945725604,239,10251,0,1.097593949,6.08435881,0,9,12,1,0.01141820645,634675
S10-surge-supply-road,equity-constrained-rolling-horizon,100054,287007.6322,222188.9,4827.052235,22750,37241.68,0.7154221781,0.9803808662,0.950132626,0.9368206522,0.6669508603,0.03454033783,477,10749,0,2.240629991,6.349078372,9,10,12,1,0.03818994733,694605
S10-surge-supply-road,equity-constrained-rolling-horizon,100055,286549.4374,222206.1,4764.282353,23050,36529.055,0.7150751073,0.9917033104,0.9405405405,0.9267449896,0.6630318163,0.05788865231,200,10876,0,0.8470013306,6.430673283,0,8,10,1,0.01148713161,659655
S10-surge-supply-road,equity-constrained-rolling-horizon,100056,286349.8115,221892.1,4777.071529,22850,36830.64,0.7170634175,0.9877670786,0.9408839779,0.9253314724,0.6681883804,0.05676888681,296,10442,0,1.359320659,6.160315075,8,10,14,1,0.01543285969,663245
S10-surge-supply-road,equity-constrained-rolling-horizon,100057,284190.0466,221052.8,4765.426588,21550,36821.82,0.733313684,0.9952408542,0.972090574,0.9652173913,0.6822704353,0.02790942601,115,10235,0,0.5341926999,5.889726963,0,0,12,1,,587905
S10-surge-supply-road,equity-constrained-rolling-horizon,100058,287737.6274,224192.2,4715.257412,21575,37255.17,0.7259675986,0.9919298677,0.9701492537,0.963165075,0.679506294,0.02570282315,197,10503,0,0.9444583667,5.976594531,6,8,11,1,0.02077221123,651705
S10-surge-supply-road,equity-constrained-rolling-horizon,100059,288844.4324,223674.6,4809.757412,24025,36335.075,0.7227101798,0.9673496041,0.9473775919,0.9327693678,0.6736112448,0.02722670764,800,10604,0,3.943184127,6.154218212,12,13,15,1,0.04433553506,693655
S10-surge-supply-road,equity-constrained-rolling-horizon,100060,283563.1851,220851.5,4862.575059,22650,35199.11,0.7323795099,0.9848781504,0.9586603872,0.9473333333,0.6778329034,0.02884267574,363,9756,0,1.734496055,5.411167307,8,9,12,1,0.02867491457,636530
S10-surge-supply-road,equity-constrained-rolling-horizon,100061,288260.7473,224315,4809.227294,22125,37011.52,0.7238779991,0.9839432412,0.9643640351,0.9550561798,0.6721174898,0.02520456463,387,10386,0,1.764939455,6.124959833,8,9,11,1,0.02446023739,637360
S10-surge-supply-road,equity-constrained-rolling-horizon,100062,279750.6105,217328,4735.580471,22075,35612.03,0.7315392099,0.9947072024,0.9625203694,0.9526462396,0.6875311572,0.03723228955,125,9831,0,0.5434312856,5.875032544,0,0,10,1,,585645
S10-surge-supply-road,equity-constrained-rolling-horizon,100063,286718.9363,222136.3,4796.831294,23575,36210.805,0.7223074026,0.9926892735,0.9597670725,0.9485443466,0.6732784941,0.04005332977,177,10243,0,0.8197292007,6.124811706,0,8,11,1,0.008415815107,635440
S10-surge-supply-road,equity-constrained-rolling-horizon,100064,289126.4309,223936.8,4841.680941,23025,37322.95,0.7143959758,0.9894451518,0.9490644491,0.9350563287,0.663911899,0.05051621349,257,10765,0,1.153147954,6.454022836,0,10,13,1,0.01037181462,666990
S10-surge-supply-road,equity-constrained-rolling-horizon,100065,283978.6736,220256.8,4837.493647,21925,36959.38,0.7194281475,0.988064543,0.9736700699,0.966919366,0.6691645252,0.01923299942,287,10453,0,1.386983369,6.219461865,8,9,12,1,0.02731464423,645370
S10-surge-supply-road,equity-constrained-rolling-horizon,100066,283231.4924,219501.4,4710.697412,22475,36544.395,0.7147297717,0.9838427584,0.9652366864,0.9554396776,0.6606335719,0.0247734829,388,10559,0,1.885814812,6.28518914,9,11,13,1,0.0270470417,693390
S10-surge-supply-road,equity-constrained-rolling-horizon,100067,286641.221,222911.7,4751.316,20900,38078.205,0.727287313,0.9966458238,0.96030871,0.9496503497,0.679584121,0.03969128997,81,10402,0,0.3168581604,6.102750257,0,0,0,1,,613010
S10-surge-supply-road,equity-constrained-rolling-horizon,100068,282765.4615,219500.4,4696.371529,22400,36168.69,0.7241267875,0.9917763841,0.9641693811,0.956914524,0.6739724423,0.03504710877,198,10127,0,0.9593571389,5.991409259,6,10,12,1,0.01256626464,634625
S10-surge-supply-road,equity-constrained-rolling-horizon,100069,284786.3115,220747.7,4788.176471,24125,35125.435,0.7163771175,0.9700416667,0.9542130919,0.9419938244,0.6628242075,0.03655780927,719,10113,0,3.625653948,5.778440764,11,13,15,1,0.04823884369,742155
S10-surge-supply-road,equity-constrained-rolling-horizon,100070,285129.9081,222109.1,4726.903059,22100,36193.905,0.7255527726,0.9912152879,0.9794149512,0.9736659737,0.6751688211,0.01304916359,211,10092,0,1.02924983,5.834989631,6,8,10,1,0.02211784725,641430
S10-surge-supply-road,equity-constrained-rolling-horizon,100071,282733.8606,218906.5,4784.825647,22625,36417.535,0.7259453439,0.9885259631,0.9718462371,0.9658774373,0.6700435016,0.02343649275,274,10288,0,1.307253065,6.038859611,7,9,12,1,0.0244783689,623720
S10-surge-supply-road,equity-constrained-rolling-horizon,100072,287463.3062,223458.5,4750.701176,22525,36729.105,0.7193810404,0.9946651346,0.9765411893,0.9706293706,0.6721593516,0.02339986233,130,10423,0,0.6245421937,6.039947888,0,8,11,1,0.008024707667,663910
S10-surge-supply-road,equity-constrained-rolling-horizon,100073,279981.0142,217727.7,4732.384235,21900,35620.93,0.7206002283,0.9807813883,0.9539045553,0.9411764706,0.6649548433,0.03606443976,456,10068,0,2.134616388,5.676289893,9,11,12,1,0.02823471415,693685
S10-surge-supply-road,equity-constrained-rolling-horizon,100074,283272.8294,219947.9,4818.709412,23150,35356.22,0.7247194813,0.988587613,0.9782761037,0.9720909296,0.6698049897,0.014843302,274,9972,0,1.357675032,5.870846361,8,9,12,1,0.03003828732,634055
S10-surge-supply-road,equity-constrained-rolling-horizon,100075,284612.8953,221086.5,4831.955294,22100,36594.44,0.7163447913,0.989502187,0.9388830348,0.9225067385,0.6676492552,0.06111696523,252,10470,0,1.138700445,6.102986626,0,9,12,1,0.01274468531,673240
S10-surge-supply-road,equity-constrained-rolling-horizon,100076,283885.885,220412.3,4668.6,22075,36729.985,0.7222470027,0.9746866857,0.9638929619,0.9536688617,0.6722269691,0.01421743273,612,10082,0,3.144899175,5.849965533,10,12,17,1,0.04566596531,674710
S10-surge-supply-road,equity-constrained-rolling-horizon,100077,283958.3079,221014.4,4745.697882,22175,36023.21,0.7231982163,0.9926647327,0.9540788763,0.9421487603,0.6774018314,0.04399816236,177,9972,0,0.7906473603,5.87073898,0,7,10,1,0.01050261104,641965
S10-surge-supply-road,equity-constrained-rolling-horizon,100078,283994.7224,221227.2,4837.782353,21750,36179.74,0.7271399594,0.9874352063,0.9558275679,0.9458728011,0.6866161018,0.04108769253,303,10133,6,1.41962072,5.943218391,8,9,13,1,0.01920637588,620225
S10-surge-supply-road,equity-constrained-rolling-horizon,100079,288018.6384,223956.5,4773.738353,23225,36063.4,0.7306337794,0.9768218665,0.9631016043,0.9536152797,0.6809550378,0.01822607435,569,10134,0,2.715497969,5.664704241,10,11,15,1,0.03583254864,650955
S10-surge-supply-road,equity-constrained-rolling-horizon,100080,284702.3422,222011.2,4758.657176,21500,36432.485,0.734778246,0.9902704485,0.9726766446,0.9651266104,0.6901438653,0.02534303853,236,9880,0,1.143221934,5.586728209,7,9,12,1,0.01959847831,617860
S10-surge-supply-road,equity-constrained-rolling-horizon,100081,281111.4407,217952,4759.620706,22775,35624.82,0.7288840979,0.9910372396,0.9701573521,0.9620427881,0.6811047961,0.02953586175,213,9552,0,1.037253034,5.632644707,6,10,12,1,0.01425514885,616750
S10-surge-supply-road,equity-constrained-rolling-horizon,100082,287536.3365,222908.6,4806.651529,23950,35871.085,0.7180325223,0.9794814631,0.9523310634,0.9394347241,0.6677493387,0.03719804569,497,10388,1,2.276241094,5.933301053,9,11,14,1,0.02485965351,692030
S10-surge-supply-road,equity-constrained-rolling-horizon,100083,283613.8314,220229.6,4745.946353,21525,37113.285,0.7219852239,0.9821324932,0.9516806723,0.9379217274,0.6722551146,0.03361610387,431,10415,0,2.027245187,6.161111036,8,10,12,1,0.03367497271,660175
S10-surge-supply-road,equity-constrained-rolling-horizon,100084,280233.5698,217200.8,4734.254824,22150,36148.515,0.7092435818,0.9905924231,0.9748394004,0.9678302533,0.6549575982,0.01995291203,222,10478,0,1.126712597,6.354807626,7,9,12,1,0.02349896549,675865
S10-surge-supply-road,equity-constrained-rolling-horizon,100085,284740.5409,220853.8,4782.525882,22925,36179.215,0.7179421517,0.9892785904,0.954902989,0.9419703104,0.6699883676,0.04348043815,258,9988,0,1.272692856,5.884411138,8,10,12,1,0.0192222797,682585
S10-surge-supply-road,equity-constrained-rolling-horizon,100086,285647.5264,221878.7,4780.146353,23175,35813.68,0.7173653177,0.9849252492,0.9495753715,0.9355495251,0.6693148349,0.04533876714,363,10364,1,1.75258946,6.111788645,8,11,14,1,0.02072999185,677655
S10-surge-supply-road,equity-constrained-rolling-horizon,100087,286931.5062,222088.9,4805.116235,23325,36712.49,0.7176123186,0.9851805729,0.9673202614,0.9582392777,0.6652034177,0.02585359382,357,10927,0,1.818000415,6.409403484,9,12,16,1,0.01860065666,645425
S10-surge-supply-road,equity-constrained-rolling-horizon,100088,287045.697,222666.9,4738.212,23225,36415.585,0.7180681409,0.9942625302,0.9865807837,0.9841452206,0.6624688995,0.01070695217,140,10620,0,0.6576280238,6.165107496,0,8,10,1,0.01602234108,646650
S10-surge-supply-road,equity-constrained-rolling-horizon,100089,288224.7568,223421.6,4785.271765,23550,36467.885,0.7235056156,0.9860366078,0.9460196292,0.9313929314,0.6766581264,0.0504857312,341,10281,0,1.569796093,5.892957896,8,10,14,1,0.01878410351,658720
S10-surge-supply-road,equity-constrained-rolling-horizon,100090,281879.3177,218292,4751.352706,22425,36410.965,0.7185375311,0.9929731549,0.9741518578,0.9668279198,0.6699280633,0.02554201347,167,10227,0,0.8179711044,6.105329984,0,8,11,1,0.01246908884,649190
S10-surge-supply-road,equity-constrained-rolling-horizon,100091,286341.0655,223524.5,4772.480471,21300,36744.085,0.733384181,0.9941978532,0.9720087816,0.965034965,0.687497592,0.02769247912,140,10060,7,0.6657035676,5.750364631,0,8,12,1,0.007944121183,596845
S10-surge-supply-road,equity-constrained-rolling-horizon,100092,281919.9518,218017.6,4709.726824,22875,36317.625,0.7139837443,0.9848923581,0.9536167863,0.9421720733,0.6691321205,0.04026026488,360,10495,0,1.687911065,6.225125464,8,11,16,1,0.01549439307,666575
S10-surge-supply-road,equity-constrained-rolling-horizon,100093,285890.6774,222461.6,4719.642353,21900,36809.435,0.7215878704,0.9849503154,0.9808802309,0.9756377844,0.6738151364,0.005555829062,365,10322,0,1.799889053,6.042905658,9,10,13,1,0.02927572019,679685
S10-surge-supply-road,equity-constrained-rolling-horizon,100094,286401.3808,222903.8,4736.870824,21850,36910.71,0.7224196902,0.9855701646,0.9768775766,0.9702901889,0.6782189713,0.01200140048,349,10272,0,1.780710366,5.926135068,8,10,13,1,0.03733640835,670655
S10-surge-supply-road,equity-constrained-rolling-horizon,100095,279685.6864,217159.5,4654.566353,21375,36496.62,0.7233517839,0.996572009,0.973556395,0.9663923182,0.6747838963,0.02644360496,81,10013,0,0.350401375,5.987299282,0,0,8,1,,615930
S10-surge-supply-road,equity-constrained-rolling-horizon,100096,281236.0112,218499.3,4813.881176,22025,35897.83,0.7284083479,0.9791535326,0.9725079816,0.9647406733,0.67621338,0.009050907062,496,9968,0,2.316682599,5.723572363,9,10,13,1,0.02671737731,643710
S10-surge-supply-road,equity-constrained-rolling-horizon,100097,284580.3806,220928.8,4778.585647,22875,35997.995,0.7276150515,0.9894583939,0.9593147752,0.948594928,0.6868398571,0.0403854287,254,10200,12,1.244429142,5.871015896,8,10,13,1,0.01795509612,653360
S10-surge-supply-road,equity-constrained-rolling-horizon,100098,281991.2864,218489.2,4800.546353,23150,35551.54,0.7323524639,0.9974436342,0.9892990904,0.987628866,0.6805043111,0.01070090958,61,9936,0,0.2751832364,5.740682642,0,0,10,1,,595570
S10-surge-supply-road,equity-constrained-rolling-horizon,100099,286207.601,222277.2,4733.316,23100,36097.085,0.7297611259,0.9870689655,0.963510146,0.9533560865,0.6802025551,0.03245735686,315,10013,0,1.571948154,5.872644973,9,11,14,1,0.01924653688,622760
S10-surge-supply-road,equity-constrained-rolling-horizon,100100,280480.2668,217811.4,4785.931765,22725,35157.935,0.7287065814,0.9923864309,0.9580193757,0.9468599034,0.6820972791,0.04154737558,180,9715,0,0.8437379814,5.699872671,0,8,11,1,0.01137369394,627050
S10-surge-supply-road,errra-no-floor,100001,283910.9526,221780.1,4769.297647,20175,37186.555,0.711454543,0.9675544195,0.9442359249,0.9296551724,0.662856697,0.02748982078,787,10736,0,3.846478456,6.468305651,13,18,27,1,0.02024082532,744735
S10-surge-supply-road,errra-no-floor,100002,280033.5269,218937.3,4760.356941,20300,36035.87,0.7079185674,0.9515905947,0.9407327586,0.9244505495,0.6584522437,0.01612313658,1155,10556,2,5.793555244,6.160945053,15,19,29,1,0.02558977639,777300
S10-surge-supply-road,errra-no-floor,100003,279079.9889,218381.6,4768.168941,20550,35380.22,0.7131459483,0.9721617549,0.9410187668,0.926611797,0.6626225661,0.03739276345,665,10256,0,3.380705615,6.025892299,12,17,21,1,0.02120114907,714460
S10-surge-supply-road,errra-no-floor,100004,282408.7962,221484,4777.336235,19750,36397.46,0.7165085134,0.9775238887,0.9692224622,0.9605809129,0.6723667954,0.009466062387,541,10424,0,2.661398314,5.979527559,11,13,25,1,0.02080799071,704225
S10-surge-supply-road,errra-no-floor,100005,285166.2108,224037.2,4794.650824,19075,37259.36,0.7292109165,0.9847280854,0.974616605,0.9676549865,0.6768236202,0.01533855198,369,10022,0,1.76509733,5.779518829,8,11,17,1,0.0136504647,646975
S10-surge-supply-road,errra-no-floor,100006,281540.7276,220494.5,4741.702588,20075,36229.525,0.7120716679,0.9677940811,0.9630630631,0.9526011561,0.6641359928,0.006316758718,777,10240,0,3.8734159,5.963557994,14,17,20,1,0.02086878873,751725
S10-surge-supply-road,errra-no-floor,100007,282048.0005,221244.9,4793.900471,20200,35809.2,0.7146411998,0.9545360441,0.9399641577,0.9227754726,0.666101893,0.01910471908,1098,10274,0,5.462419156,5.747151792,18,21,23,1,0.01966459569,770660
S10-surge-supply-road,errra-no-floor,100008,281032.0645,220333.6,4686.524471,19875,36136.94,0.7298726106,0.9747056621,0.9340782123,0.9166666667,0.6854563769,0.04689074971,608,10022,0,2.734563704,5.707461763,10,15,18,1,0.01488456446,670395
S10-surge-supply-road,errra-no-floor,100009,282708.5292,221032.5,4731.664235,19800,37144.365,0.7132252262,0.9674080233,0.9288430201,0.9101045296,0.6656389374,0.04449351605,784,10679,0,3.929676,6.2907214,15,17,26,1,0.02090910783,738025
S10-surge-supply-road,errra-no-floor,100010,286752.1941,224608.1,4826.479059,20125,37192.615,0.7127952259,0.9753511035,0.957911561,0.9471544715,0.6662004215,0.02233258596,602,10553,0,2.895091213,6.047874108,11,13,18,1,0.02513484336,738925
S10-surge-supply-road,errra-no-floor,100011,278617.5721,218678.4,4702.147059,19775,35462.025,0.7263209487,0.9706524477,0.9542981502,0.9415448852,0.6791732595,0.02323888007,699,9914,0,3.652379467,5.732134348,14,16,19,1,0.02603254924,678485
S10-surge-supply-road,errra-no-floor,100012,282303.1522,220967.6,4797.712235,20300,36237.84,0.7180577492,0.9692570097,0.9648775216,0.9549237171,0.6655479238,0.01556645302,739,10461,0,3.755853765,6.107898325,14,17,21,1,0.02382454752,712640
S10-surge-supply-road,errra-no-floor,100013,281940.0435,220869.3,4788.548471,20425,35857.195,0.716710818,0.9797378823,0.9643237487,0.9544836957,0.6626515494,0.01748894015,487,10198,0,2.380865448,5.994120668,9,11,24,1,0.02743205038,694305
S10-surge-supply-road,errra-no-floor,100014,284934.2314,223287.4,4858.921412,20425,36362.91,0.7164328524,0.9779788465,0.9572164948,0.9452506596,0.664033529,0.02358273712,533,10204,0,2.676966888,5.898247394,12,14,16,1,0.02344798448,695480
S10-surge-supply-road,errra-no-floor,100015,282188.9572,221180.4,4681.857176,19925,36401.7,0.7252980917,0.9697812461,0.9538028169,0.9419869471,0.6791172467,0.02039305444,728,10093,0,3.673700554,5.947433585,16,17,23,1,0.01885205214,677700
S10-surge-supply-road,errra-no-floor,100016,276228.9561,215771.3,4727.306118,20075,35655.35,0.7207657152,0.9798796144,0.9745808545,0.9677419355,0.6696767965,0.007473293522,478,10045,0,2.572010198,6.037765797,13,14,17,1,0.02538901061,659495
S10-surge-supply-road,errra-no-floor,100017,284789.6214,223236.9,4858.861412,20525,36168.86,0.7195769308,0.9633398725,0.9469118668,0.9320603908,0.6704499235,0.0226352131,897,10408,0,4.330466417,5.94844675,16,21,25,1,0.01553698007,732120
S10-surge-supply-road,errra-no-floor,100018,284491.8946,222367.7,4789.889647,20425,36909.305,0.7099952821,0.9635084816,0.9522532189,0.9392905866,0.6533552902,0.01236133248,882,10841,0,4.232165038,6.474462492,13,16,19,1,0.02506680378,735315
S10-surge-supply-road,errra-no-floor,100019,281617.8779,220619.1,4813.977882,20475,35709.8,0.7252973251,0.9744734098,0.965676685,0.9562060359,0.674477119,0.01252743128,612,10083,0,3.226179183,5.754941888,14,16,24,1,0.02044088025,692030
S10-surge-supply-road,errra-no-floor,100020,281966.9632,220615.6,4746.088235,20100,36505.275,0.7116001834,0.9600596619,0.9379679144,0.9208731241,0.6637882412,0.02890280936,964,10628,0,4.521142095,6.140356555,14,16,19,1,0.02481087066,768555
S10-surge-supply-road,errra-no-floor,100021,280670.9018,219440.7,4791.506824,20125,36313.695,0.7218645587,0.9851957774,0.9385683761,0.9217154527,0.6735985177,0.05451438593,352,10214,0,1.744720231,6.025656697,9,10,13,1,0.02981882794,663295
S10-surge-supply-road,errra-no-floor,100022,283746.0733,222644.8,4783.883294,19850,36467.39,0.7267520441,0.974637981,0.9674972914,0.9589993051,0.6796462923,0.008914688632,613,10140,0,3.069828113,5.627965795,13,15,19,1,0.02325032729,692750
S10-surge-supply-road,errra-no-floor,100023,285207.5355,223256.9,4829.895529,19525,37595.74,0.7137368941,0.9747930158,0.9510898458,0.9378798109,0.6662210598,0.02655911132,615,11006,0,2.901069765,6.472827682,11,13,22,1,0.02609232123,706050
S10-surge-supply-road,errra-no-floor,100024,284134.0639,222342.1,4828.168941,20000,36963.795,0.7185499349,0.9766636431,0.9646437995,0.9562289562,0.6633073213,0.01509570849,566,10438,0,2.864740937,6.09417907,13,15,19,1,0.02407709904,688785
S10-surge-supply-road,errra-no-floor,100025,282342.4611,221483.9,4740.271059,19650,36468.29,0.7184009724,0.9522590237,0.9432432432,0.9279835391,0.6673502471,0.01174451868,1156,10054,0,5.808900666,5.91740158,19,21,24,1,0.02228917561,737555
S10-surge-supply-road,errra-no-floor,100026,277479.4455,217253.8,4696.875529,20175,35353.77,0.7169417229,0.9755623203,0.9515868747,0.9382716049,0.6723195292,0.02858933679,578,10112,0,2.977178784,5.881370838,13,15,18,1,0.02161586511,698920
S10-surge-supply-road,errra-no-floor,100027,285196.5214,223545.3,4772.346353,20550,36328.875,0.7189883903,0.9706995885,0.9682009838,0.9593167004,0.6664541186,0.003566244706,712,10275,0,3.57843871,5.871437923,15,19,23,1,0.01566457468,709070
S10-surge-supply-road,errra-no-floor,100028,279734.3021,219090.8,4744.142118,20475,35424.36,0.7164496592,0.9679455032,0.9670463544,0.9577706658,0.6617568767,0.004600319548,767,10105,0,3.818948935,5.763518365,12,14,23,1,0.03590911997,716445
S10-surge-supply-road,errra-no-floor,100029,280194.1502,218994.9,4685.445176,19875,36638.805,0.7177652177,0.9619915907,0.9572327044,0.94518655,0.6690781477,0.006748053264,913,10435,0,4.564971317,6.076647827,13,15,17,1,0.03421607806,726055
S10-surge-supply-road,errra-no-floor,100030,279058.6036,218775.1,4734.173647,19875,35674.33,0.7325965343,0.975349599,0.9472817133,0.933240612,0.6827415195,0.0325533004,587,9932,0,3.058886287,5.873557102,13,14,18,1,0.03408962352,630450
S10-surge-supply-road,errra-no-floor,100031,283992.1576,222587.4,4731.497647,20350,36323.26,0.7120918463,0.9545604622,0.9462076385,0.9315068493,0.6629673464,0.0190330032,1101,10568,0,5.675477892,6.160677273,18,20,22,1,0.02619924506,777335
S10-surge-supply-road,errra-no-floor,100032,282407.8778,220977.9,4780.327765,20400,36249.65,0.7272201914,0.9742287201,0.9620523784,0.9515799045,0.6838361397,0.016734595,624,10136,0,3.288029693,5.763399097,13,15,18,1,0.0257178872,665840
S10-surge-supply-road,errra-no-floor,100033,279005.8444,218515.5,4771.914353,20800,34918.43,0.7135581649,0.9585524932,0.9558923181,0.9434885556,0.6577626712,0.01044709282,985,10329,0,4.918774644,5.975505188,14,22,27,1,0.01723531758,731955
S10-surge-supply-road,errra-no-floor,100034,283723.2621,222687.4,4829.042118,19900,36306.82,0.7235727316,0.9737696727,0.9616336634,0.9508716323,0.6737455921,0.01656136995,630,10125,0,3.22826056,5.924923992,14,16,19,1,0.02007930944,681810
S10-surge-supply-road,errra-no-floor,100035,278877.4775,217893,4635.092471,20050,36299.385,0.716227477,0.9763077053,0.9586321015,0.9490806223,0.6672152023,0.02047922428,563,10279,0,2.685794117,6.113642883,11,13,15,1,0.02631185643,702750
S10-surge-supply-road,errra-no-floor,100036,277289.5601,217067.8,4712.995059,20600,34908.765,0.724369725,0.9685489635,0.9587646956,0.9475212148,0.675831406,0.0136269973,748,10074,0,3.839071233,5.743349559,14,16,19,1,0.0325444652,674035
S10-surge-supply-road,errra-no-floor,100037,282680.1671,220957.6,4711.567059,19600,37411,0.7117604228,0.9738881751,0.956736035,0.9459649123,0.6651819432,0.01987460083,630,10771,0,3.076227038,6.306091904,13,16,21,1,0.01745234399,716895
S10-surge-supply-road,errra-no-floor,100038,283573.7951,222381.9,4765.190118,20225,36201.705,0.7197285663,0.968784977,0.9560499186,0.9445599446,0.6646147232,0.01608522594,753,10258,0,3.77670532,5.863907627,13,15,24,1,0.02814785823,700810
S10-surge-supply-road,errra-no-floor,100039,283948.9771,222520.6,4805.522118,20425,36197.855,0.7183863252,0.9661994028,0.960371296,0.9494074749,0.6674375668,0.008260396841,815,10228,0,3.920102357,5.886849249,15,18,22,1,0.01657140202,720210
S10-surge-supply-road,errra-no-floor,100040,280003.9692,218658.2,4754.469176,20075,36516.3,0.712249552,0.9665504055,0.9242174629,0.9032258065,0.6592480725,0.05098337535,796,10549,0,3.698479352,6.121192377,13,16,17,1,0.01746712467,731285
S10-surge-supply-road,errra-no-floor,100041,277892.5862,217281.7,4677.081176,19525,36408.805,0.7175808682,0.9755231452,0.9560021727,0.9445599446,0.6623171214,0.03392272194,579,10260,0,2.766412399,6.141640772,10,11,13,1,0.03301581441,659880
S10-surge-supply-road,errra-no-floor,100042,283128.5968,221658.4,4809.866824,20550,36110.33,0.7161781551,0.9743483486,0.9683937824,0.959558011,0.6646814049,0.009277668972,619,10178,19,3.135191528,5.938737282,15,18,21,1,0.01457469312,718095
S10-surge-supply-road,errra-no-floor,100043,281792.7491,221207.5,4767.374118,19750,36067.875,0.7206062482,0.9752973468,0.9621212121,0.9541666667,0.6722424385,0.01436431046,594,10077,0,2.917034613,5.636802929,12,14,19,1,0.02673437652,708070
S10-surge-supply-road,errra-no-floor,100044,275691.557,215733.1,4718.412,20600,34640.045,0.7191273914,0.9653927813,0.945844504,0.9308692676,0.6673999919,0.02306837759,815,9892,0,4.237344053,6.019200708,13,22,27,1,0.01538648426,687275
S10-surge-supply-road,errra-no-floor,100045,283099.0444,221946.6,4819.854353,20475,35857.59,0.724765848,0.9723250267,0.9626068376,0.9535836177,0.6704605456,0.01132340331,673,10215,0,3.380019711,5.807265078,12,15,20,1,0.02814860452,671880
S10-surge-supply-road,errra-no-floor,100046,280530.6614,219784.6,4727.466353,20350,35668.595,0.721941082,0.9749813294,0.9607948443,0.9501706485,0.6720773513,0.01818739001,603,10173,0,3.046324084,5.901394006,13,15,19,1,0.02211332705,681980
S10-surge-supply-road,errra-no-floor,100047,281327.3712,220491.9,4807.636235,20775,35252.835,0.7290267548,0.9698371037,0.9591439689,0.9475595914,0.6787080491,0.01412065677,724,9999,0,3.696379462,5.630591963,14,17,19,1,0.02123127405,663695
S10-surge-supply-road,errra-no-floor,100048,279852.2901,219035.5,4736.450118,19650,36430.34,0.7073733031,0.9761486317,0.9495114007,0.9359331476,0.6546567365,0.03345104719,570,10733,0,2.863593393,6.159467853,11,12,13,1,0.03336315355,734030
S10-surge-supply-road,errra-no-floor,100049,285892.6872,224163.5,4799.152235,19925,37005.035,0.7236239443,0.9712969381,0.9433443344,0.9292221444,0.6767872565,0.03227391705,704,10257,0,3.434200653,5.780360594,13,15,16,1,0.02702506504,712415
S10-surge-supply-road,errra-no-floor,100050,279530.8929,218800.6,4738.912941,19475,36516.38,0.7187179101,0.9827122066,0.9563776919,0.9445224719,0.6687119009,0.03006588408,411,10519,0,2.092405691,6.284431179,13,16,18,1,0.00897620495,652230
S10-surge-supply-road,errra-no-floor,100051,282901.5788,221846.7,4778.858824,20325,35951.02,0.7168694111,0.9682894519,0.9432506887,0.9277192982,0.6690647482,0.03213838115,766,10381,0,3.822166276,5.990050753,14,16,18,1,0.02668014997,731950
S10-surge-supply-road,errra-no-floor,100052,283506.8786,222206.9,4788.538588,20175,36336.44,0.7263208763,0.9639376619,0.9496124031,0.9354110208,0.6765534801,0.0187646852,877,10050,0,4.390121761,5.709353522,16,18,21,1,0.02355533065,713735
S10-surge-supply-road,errra-no-floor,100053,278204.5102,217646.2,4747.245176,19900,35911.065,0.7159077003,0.9755821746,0.9474539545,0.9333333333,0.6691880888,0.03355403567,583,10478,0,2.857612212,6.111567382,12,14,20,1,0.02158485661,690640
S10-surge-supply-road,errra-no-floor,100054,284473.7351,222607.9,4771.915059,20075,37018.92,0.7111829573,0.964504586,0.9480106101,0.9341032609,0.6643543637,0.02121650333,863,10652,0,4.334927996,6.202047168,15,21,26,1,0.01656930481,748430
S10-surge-supply-road,errra-no-floor,100055,283363.9894,221917.3,4775.989412,20050,36620.7,0.7088653433,0.9632041815,0.9405405405,0.9267449896,0.6566724538,0.02611001528,887,10972,2,4.232807552,6.474651288,14,16,19,1,0.02239880517,748675
S10-surge-supply-road,errra-no-floor,100056,284759.8066,222883.3,4777.601647,20200,36898.905,0.7085021873,0.9621853949,0.9342541436,0.916957432,0.658238714,0.03378870662,915,10703,0,4.467841111,6.203416441,16,18,20,1,0.02045188372,750825
S10-surge-supply-road,errra-no-floor,100057,282791.1419,221555.8,4770.321882,19625,36840.02,0.724511669,0.9721486509,0.962611901,0.9531772575,0.671181005,0.01185719945,673,10360,0,3.277790926,5.903218027,12,14,16,1,0.02674164549,677215
S10-surge-supply-road,errra-no-floor,100058,285657.7606,223715.5,4774.685647,19825,37342.575,0.7210450197,0.9788210233,0.9680170576,0.9604365621,0.673165116,0.01480703544,517,10588,0,2.514818795,6.047540701,12,14,16,1,0.02184084329,701350
S10-surge-supply-road,errra-no-floor,100059,285648.6508,223898.1,4797.290824,20525,36428.26,0.7107511594,0.9475144886,0.9316954173,0.9127337489,0.6581881198,0.03116640682,1286,10705,0,6.642576765,6.229121544,20,22,26,1,0.02532003302,798945
S10-surge-supply-road,errra-no-floor,100060,281212.1688,220231.9,4849.303765,20400,35730.965,0.7208984692,0.972422412,0.9576138148,0.946,0.6668188133,0.02713488542,662,10094,0,3.143711406,5.758046195,11,13,16,1,0.02518161871,706240
S10-surge-supply-road,errra-no-floor,100061,283334.1538,221905.2,4773.463765,19525,37130.49,0.7143182305,0.9807484856,0.9533991228,0.941011236,0.6622556333,0.03210299883,464,10549,0,2.204444064,6.182894173,11,12,15,1,0.02108270591,694600
S10-surge-supply-road,errra-no-floor,100062,278636.6208,218354.5,4741.430824,19900,35640.69,0.7177407199,0.9772197993,0.9619771863,0.9519498607,0.668866777,0.01749350377,538,10092,0,2.765047779,5.907069157,12,13,16,1,0.03370049293,687855
S10-surge-supply-road,errra-no-floor,100063,282312.8172,220698.8,4740.892235,20075,36798.125,0.7048364536,0.9639420098,0.94917946,0.9350033852,0.6496120413,0.01687657445,873,10831,0,4.521334217,6.487384334,16,19,25,1,0.02379043868,748830
S10-surge-supply-road,errra-no-floor,100064,287663.7672,225042.8,4869.657176,20375,37376.31,0.7100311394,0.9685408025,0.9386694387,0.9218025182,0.6574088411,0.03509201823,766,10966,15,3.698529615,6.493080137,11,13,27,1,0.03002710154,731880
S10-surge-supply-road,errra-no-floor,100065,282920.0514,221412.9,4794.241412,19650,37062.91,0.7191584058,0.9763786077,0.9699086513,0.9620951068,0.6692037586,0.007648063526,568,10444,3,2.886118552,6.25220851,14,15,19,1,0.0263143904,671890
S10-surge-supply-road,errra-no-floor,100066,281616.2708,219859.5,4711.730824,20550,36495.04,0.707175003,0.9645623386,0.9611686391,0.9502251718,0.6500417079,0.02136180033,851,10698,0,4.261096728,6.245185355,14,16,20,1,0.02729004894,769945
S10-surge-supply-road,errra-no-floor,100067,283641.7825,221557.8,4726.892471,19325,38032.09,0.7224740283,0.9870802104,0.9570011025,0.9454545455,0.6731800471,0.0350680686,312,10595,0,1.525359995,6.068094608,9,11,13,1,0.02674865201,657790
S10-surge-supply-road,errra-no-floor,100068,281454.6607,220263.7,4738.560706,20100,36352.4,0.7107020709,0.97067741,0.9587404995,0.9499652536,0.6556462001,0.01323394606,706,10434,0,3.562144902,6.119758705,14,17,22,1,0.01767708237,738070
S10-surge-supply-road,errra-no-floor,100069,282206.8569,221021.3,4799.356941,21075,35311.2,0.7108838015,0.9555416667,0.9477715877,0.9338332598,0.6557972445,0.03865620813,1067,10259,0,5.41322713,5.872233046,18,20,24,1,0.02043806346,795170
S10-surge-supply-road,errra-no-floor,100070,281522.6818,220630.7,4736.491765,20000,36155.49,0.7240984622,0.9775594321,0.9734561213,0.966042966,0.6737989581,0.004534309279,539,10119,0,2.75884816,5.802927473,11,13,21,1,0.02771081513,675285
S10-surge-supply-road,errra-no-floor,100071,280239.3714,219067.7,4742.706353,20250,36178.965,0.7243426057,0.971440536,0.9713287999,0.963193079,0.6693879983,0.0005174372883,682,10069,0,3.486714906,5.889071498,13,15,17,1,0.03247591338,673915
S10-surge-supply-road,errra-no-floor,100072,283778.6452,222278.4,4736.440235,19775,36988.805,0.7157252436,0.9768548917,0.9672667758,0.9587412587,0.6679346995,0.01180655598,564,10591,0,2.763074451,6.203860521,11,14,18,1,0.02300214374,701930
S10-surge-supply-road,errra-no-floor,100073,279302.9661,218371.9,4746.986118,20475,35709.08,0.7220953624,0.9750916677,0.9522776573,0.939100346,0.6691852114,0.02528331834,591,10112,0,2.857921905,5.751685424,13,15,18,1,0.01798524397,700415
S10-surge-supply-road,errra-no-floor,100074,279643.7012,218890,4775.236235,20575,35403.465,0.7207942502,0.967595485,0.9616327961,0.9507089804,0.6648705195,0.01760043076,778,10117,0,4.07682885,5.892448667,14,16,20,1,0.03039582801,695610
S10-surge-supply-road,errra-no-floor,100075,280517.8116,219270.5,4819.126588,19800,36628.185,0.7134027019,0.9708810664,0.9309799789,0.9123989218,0.6646032308,0.04651880807,699,10360,0,3.54420458,6.115078883,15,17,24,1,0.01614409977,723435
S10-surge-supply-road,errra-no-floor,100076,280884.0756,219861,4670.230588,19550,36802.845,0.7189894976,0.9508210282,0.944980181,0.9295667979,0.6670032624,0.03026734372,1189,10131,0,5.785792717,5.881621454,15,17,20,1,0.03194120678,737355
S10-surge-supply-road,errra-no-floor,100077,283421.4995,222626.9,4770.279529,20150,35874.32,0.721599914,0.9750932449,0.9540788763,0.9421487603,0.6742782865,0.02428780841,601,10135,1,2.958595802,5.783745668,11,14,17,1,0.0238788769,682180
S10-surge-supply-road,errra-no-floor,100078,279945.825,219541.1,4766.22,19550,36088.505,0.7163759297,0.9661621397,0.9536987759,0.9431664411,0.667535751,0.01771977569,816,10198,0,4.113397785,5.87551048,15,18,24,1,0.01722049772,720780
S10-surge-supply-road,errra-no-floor,100079,285405.4551,223623.4,4768.850118,20875,36138.205,0.7236035988,0.9639903866,0.9572192513,0.946111869,0.6701040845,0.007529959466,884,10178,0,4.398728165,5.714712879,15,17,20,1,0.02525747663,713460
S10-surge-supply-road,errra-no-floor,100080,283917.5884,222871,4775.233412,19775,36496.355,0.7306174326,0.9770778364,0.9733727811,0.9660151044,0.6840617568,0.005203791186,556,9975,0,2.624965843,5.609351796,10,12,14,1,0.02779136901,666550
S10-surge-supply-road,errra-no-floor,100081,277578.5114,217502.2,4754.461412,19625,35696.85,0.7227301258,0.9666736798,0.9582147937,0.9463592787,0.6742845747,0.01129066705,792,9738,0,4.085267684,5.66476544,15,17,21,1,0.02346959568,692880
S10-surge-supply-road,errra-no-floor,100082,284133.7566,221848.5,4795.486588,21025,36464.77,0.7040175389,0.9566096937,0.9434258774,0.9279946164,0.6471915357,0.0159470658,1051,10703,6,5.320068514,6.335337395,17,20,24,1,0.02761893261,786410
S10-surge-supply-road,errra-no-floor,100083,283107.2088,220878.5,4740.758824,20050,37437.95,0.7089316234,0.9746289694,0.9506302521,0.9365721997,0.6557047111,0.02912268553,612,10953,0,2.967465139,6.367586699,11,14,16,1,0.02545839573,730400
S10-surge-supply-road,errra-no-floor,100084,278296.3459,217187.5,4763.805882,20175,36170.04,0.7042742102,0.9698279515,0.9639285714,0.9538602101,0.6503155018,0.009840165188,712,10513,0,3.71421819,6.357257898,15,18,28,1,0.01827018662,739840
S10-surge-supply-road,errra-no-floor,100085,282368.4886,220883.7,4764.713647,20300,36420.075,0.7060543979,0.9719913564,0.9533298374,0.9399460189,0.6582977898,0.02349928482,674,10346,0,3.488440566,6.03345284,15,16,20,1,0.03222650428,765175
S10-surge-supply-road,errra-no-floor,100086,281129.0298,220218,4772.179765,20300,35838.85,0.7121942702,0.9681478405,0.9347133758,0.9165535957,0.6620872733,0.039976985,767,10436,0,3.931789986,6.116032934,14,18,23,1,0.0218703887,738355
S10-surge-supply-road,errra-no-floor,100087,283125.1003,221244.5,4772.915294,20350,36757.685,0.7075939809,0.9574512246,0.9538950715,0.9410835214,0.652426119,0.01463826179,1025,10994,0,5.068183632,6.430869425,15,17,19,1,0.03132406744,750600
S10-surge-supply-road,errra-no-floor,100088,285248.814,223481.9,4739.304,20600,36427.61,0.7167202701,0.9782385968,0.9729293654,0.9653033088,0.660076555,0.01365141832,531,10645,0,2.711155498,6.176410927,14,17,19,1,0.01590342122,683790
S10-surge-supply-road,errra-no-floor,100089,284336.5168,223213.4,4763.431765,19775,36584.685,0.7173178262,0.9645387167,0.947655398,0.9334719335,0.6677582786,0.0210705393,866,10456,0,4.26306146,5.930576995,16,18,21,1,0.02323878269,731235
S10-surge-supply-road,errra-no-floor,100090,279845.5902,219002.9,4754.440235,19600,36488.25,0.7176637632,0.9785407725,0.9655358104,0.9557705598,0.6687523663,0.01499440446,510,10413,0,2.583844197,6.136608142,12,14,15,1,0.02793286226,685345
S10-surge-supply-road,errra-no-floor,100091,282997.233,222061.1,4749.108,19400,36787.025,0.7331834665,0.9861162916,0.9720087816,0.965034965,0.6881140435,0.01879004738,335,10060,0,1.749738288,5.762514552,11,14,20,1,0.01644274495,615640
S10-surge-supply-road,errra-no-floor,100092,279481.6526,218492.2,4676.782588,19875,36437.67,0.7041784857,0.9623987578,0.9497515185,0.937235543,0.6542399841,0.01761316433,896,10504,0,4.640027963,6.311913594,14,19,31,1,0.02430551973,749940
S10-surge-supply-road,errra-no-floor,100093,282353.5562,220933.8,4721.241176,19900,36798.515,0.7222965023,0.9786005855,0.9738455988,0.9666743277,0.6763257249,0.009725047376,519,10333,0,2.686002614,6.049390309,13,16,21,1,0.02046946385,682740
S10-surge-supply-road,errra-no-floor,100094,283134.9384,222143.5,4734.138353,19525,36732.3,0.7184897056,0.9722566774,0.9646890124,0.9546292031,0.6686210767,0.01689580906,671,10133,0,3.442934173,5.814955402,13,15,18,1,0.02485259989,711535
S10-surge-supply-road,errra-no-floor,100095,278225.5497,217601.4,4693.344706,19425,36505.805,0.7223105168,0.9887426467,0.973556395,0.9663923182,0.6755442612,0.02030977597,266,10086,0,1.434705102,5.990395681,10,13,16,1,0.01589693972,638690
S10-surge-supply-road,errra-no-floor,100096,281704.7519,220474.9,4847.476941,20475,35907.375,0.7248392546,0.9747824991,0.9703795672,0.962010919,0.6727153476,0.005954339834,600,10064,0,2.90938804,5.736840671,12,14,15,1,0.0230990233,663715
S10-surge-supply-road,errra-no-floor,100097,282779.2981,221765.3,4782.103059,20250,35981.895,0.7191290782,0.9649304835,0.9443254818,0.9294037012,0.6761999068,0.02611461893,845,10092,0,4.428843375,5.870854515,16,19,26,1,0.02333287914,739090
S10-surge-supply-road,errra-no-floor,100098,279597.3679,219241.6,4790.457882,20125,35440.31,0.7294044464,0.9782080295,0.9738898757,0.966552901,0.6772290512,0.01273398736,520,9730,0,2.723766175,5.653039974,13,16,18,1,0.0220447374,651180
S10-surge-supply-road,errra-no-floor,100099,284180.636,222637,4764.636,20525,36254,0.7196400198,0.9607553366,0.9501601994,0.93629124,0.6679873983,0.0269552876,956,10328,0,5.109136228,5.961692014,20,21,25,1,0.02136927673,735845
S10-surge-supply-road,errra-no-floor,100100,276751.9292,216806,4742.709176,19925,35278.22,0.7206013226,0.9699686998,0.9520990312,0.939268461,0.6690344329,0.02870779302,710,10074,0,3.494224719,5.767521461,13,15,17,1,0.01948397433,703905
S10-surge-supply-road,errra-no-vulnerability,100001,286813.2326,222086.5,4779.262588,22875,37072.47,0.7134685876,0.9828908311,0.9528150134,0.9406896552,0.6652167977,0.03744142751,415,10603,0,1.939309435,6.40338628,9,10,13,1,0.02431626001,701560
S10-surge-supply-road,errra-no-vulnerability,100002,283001.2267,219156.4,4773.636706,23125,35946.19,0.7208007081,0.9894798608,0.9601293103,0.9491758242,0.6736754243,0.03882633531,251,10350,2,1.213071269,6.116974195,7,11,13,1,0.01469031444,638925
S10-surge-supply-road,errra-no-vulnerability,100003,282441.539,218770.5,4790.784,23625,35255.255,0.7205262729,0.9872320831,0.9501340483,0.9382716049,0.6702002824,0.04857800326,305,10071,0,1.453843207,5.965626444,8,11,13,1,0.01817508211,647540
S10-surge-supply-road,errra-no-vulnerability,100004,285465.5669,221904.2,4811.596941,22025,36724.77,0.7146645131,0.9929788118,0.9773834377,0.9713277459,0.6707391211,0.02237369647,169,10586,0,0.8614344214,6.205087826,0,9,12,1,0.01201618481,667060
S10-surge-supply-road,errra-no-vulnerability,100005,287681.291,224718.7,4834.896,21200,36927.695,0.7352622931,0.9926744475,0.9809624537,0.9757412399,0.6817830953,0.01490481987,177,9726,11,0.8832506674,5.587010246,6,8,11,1,0.02023455086,597485
S10-surge-supply-road,errra-no-vulnerability,100006,284443.5014,220940.1,4695.066353,22675,36133.335,0.7246243649,0.9873165879,0.9643243243,0.9542196532,0.6808813771,0.03238639872,306,9972,0,1.478330195,5.916819803,8,11,14,1,0.01768910092,653195
S10-surge-supply-road,errra-no-vulnerability,100007,286089.9211,222282.7,4791.386118,23275,35740.835,0.7255094492,0.9771852097,0.9507168459,0.9366067312,0.6814481577,0.03719530779,551,9850,0,2.680622587,5.707310512,10,12,15,1,0.02718213904,668855
S10-surge-supply-road,errra-no-vulnerability,100008,284934.1655,221809.2,4728.440471,22225,36171.525,0.730800791,0.9939260307,0.956424581,0.9454022989,0.6853595227,0.04357541899,146,10077,0,0.6191629932,5.748745611,0,0,10,1,,621510
S10-surge-supply-road,errra-no-vulnerability,100009,286305.9539,222055.9,4763.308941,22475,37011.745,0.7165946251,0.9847432966,0.9467680608,0.9331010453,0.6694783789,0.04980892691,367,10573,0,1.737989687,6.236005584,8,11,13,1,0.02210864757,672685
S10-surge-supply-road,errra-no-vulnerability,100010,287632.6618,223383.2,4804.406824,22300,37145.055,0.7169553024,0.9840314458,0.957911561,0.9471544715,0.6717762023,0.03188616265,390,10434,0,1.849206169,6.026621832,9,10,12,1,0.03649265933,697525
S10-surge-supply-road,errra-no-vulnerability,100011,280695.1813,218394.3,4704.551294,22050,35546.33,0.7281997522,0.9861029474,0.9542981502,0.9415448852,0.6805181962,0.03958114963,331,9982,0,1.616624144,5.790091353,8,10,13,1,0.02505594557,637625
S10-surge-supply-road,errra-no-vulnerability,100012,284158.9559,220306,4768.060941,22950,36134.895,0.7261842088,0.992345453,0.9792867435,0.9734165511,0.6755775835,0.01854379764,184,10332,0,0.8728592246,6.058275625,0,10,13,1,0.01033125805,624285
S10-surge-supply-road,errra-no-vulnerability,100013,282267.5784,219279,4741.993412,22425,35821.585,0.722901011,0.9901809861,0.9657570894,0.9564428312,0.6724371696,0.0340012188,236,10038,0,1.183910586,5.975550089,8,10,12,1,0.01750623696,630890
S10-surge-supply-road,errra-no-vulnerability,100014,284669.6022,221346.2,4777.552235,22150,36395.85,0.7268443744,0.9947942489,0.9572164948,0.9452506596,0.6775339926,0.04278350515,126,10058,0,0.5324932111,5.881161819,0,0,0,1,,613545
S10-surge-supply-road,errra-no-vulnerability,100015,285990.4295,220962.5,4703.799529,23925,36399.13,0.7315559982,0.9904528662,0.9678873239,0.9601160261,0.6877114525,0.03157258964,230,10219,0,1.082769055,5.956113907,7,10,13,1,0.01153975518,615045
S10-surge-supply-road,errra-no-vulnerability,100016,280241.1718,217335,4772.971765,22575,35558.2,0.7237212994,0.9898556215,0.9748449345,0.9678484915,0.6753886688,0.02186395767,241,10072,0,1.202650414,5.989819655,7,9,12,1,0.01939904093,627725
S10-surge-supply-road,errra-no-vulnerability,100017,287841.3284,224075.8,4842.073412,22775,36148.455,0.7228763387,0.9877390878,0.9625260236,0.9520426288,0.674013674,0.03675883934,300,10369,0,1.41333308,5.941235948,8,11,13,1,0.01526826022,663425
S10-surge-supply-road,errra-no-vulnerability,100018,285133.1838,221730.5,4782.998824,22525,36094.685,0.7252544315,0.9833264377,0.9543991416,0.9420190996,0.6745280245,0.03819880024,403,10177,0,1.934652913,5.932048258,8,10,14,1,0.02419547266,650590
S10-surge-supply-road,errra-no-vulnerability,100019,283091.0224,219920,4771.062353,23050,35349.96,0.7324006549,0.9884462982,0.9681020734,0.96,0.6822613618,0.02740518181,277,9673,0,1.393187623,5.52894776,8,10,12,1,0.02398120802,638655
S10-surge-supply-road,errra-no-vulnerability,100020,285313.1333,220748.8,4766.243294,23000,36798.09,0.7147557785,0.9874461385,0.964171123,0.9542974079,0.6686504464,0.02631475542,303,10571,0,1.441684624,6.361585349,7,9,12,1,0.02428580573,675645
S10-surge-supply-road,errra-no-vulnerability,100021,281635.5155,219194.8,4779.740471,21450,36210.975,0.7236709858,0.9914202801,0.9460470085,0.9312457454,0.6757076401,0.05376934797,204,10125,0,0.8950116871,5.968747453,0,8,11,1,0.006512189526,650945
S10-surge-supply-road,errra-no-vulnerability,100022,285784.6731,222853.8,4811.623059,21750,36369.25,0.7361730031,0.9949524204,0.9674972914,0.9589993051,0.6913008067,0.03250270856,122,9836,0,0.5617818514,5.568148059,0,7,11,1,0.0008928571429,592365
S10-surge-supply-road,errra-no-vulnerability,100023,287084.9429,223645.9,4828.552941,21775,36835.49,0.7249286343,0.9940159029,0.9590643275,0.9480081026,0.685982757,0.04093567251,146,10318,0,0.6317153066,5.981391564,0,0,11,1,,644230
S10-surge-supply-road,errra-no-vulnerability,100024,286436.222,222353.6,4837.392,22700,36545.23,0.7282000349,0.9962068112,0.9725593668,0.9663299663,0.6760519195,0.027259736,92,10025,0,0.3981473108,5.821761714,0,0,10,1,,603065
S10-surge-supply-road,errra-no-vulnerability,100025,284454.6994,220776.4,4721.214353,22500,36457.085,0.7238030927,0.9788965062,0.9448648649,0.9300411523,0.6735610633,0.04104642401,511,10076,0,2.496862805,5.911945439,9,11,13,1,0.0348830396,664885
S10-surge-supply-road,errra-no-vulnerability,100026,279997.887,216748.6,4746.972,22850,35652.315,0.7162821376,0.9905716219,0.9704142012,0.9622770919,0.6717230959,0.02530288154,223,10301,0,1.094868281,6.072787985,7,9,12,1,0.01925425106,667555
S10-surge-supply-road,errra-no-vulnerability,100027,287554.7565,223181.1,4761.951529,23175,36436.705,0.7244124995,0.9889300412,0.9682009838,0.9593167004,0.6743956872,0.02935694099,269,10297,0,1.333659887,5.960882286,9,11,14,1,0.01879674791,632450
S10-surge-supply-road,errra-no-vulnerability,100028,282755.6504,219794.3,4758.690353,22775,35427.66,0.7227092281,0.9873788031,0.9749182116,0.9679442509,0.6685398797,0.01704134256,302,10069,0,1.526489188,5.771891555,8,10,15,1,0.02091174325,646960
S10-surge-supply-road,errra-no-vulnerability,100029,284216.8774,220961.8,4734.822353,21825,36695.255,0.72082842,0.9924649265,0.9622124863,0.9519163763,0.6722346391,0.03754698453,181,10374,0,0.846437673,6.127366866,0,8,10,1,0.01070573241,643535
S10-surge-supply-road,errra-no-vulnerability,100030,281056.7073,218848.2,4738.787294,21875,35594.72,0.7354618638,0.9876538025,0.9478308622,0.9339360223,0.6858361436,0.04758618642,294,9692,0,1.423831729,5.82093055,7,9,12,1,0.02720010843,590880
S10-surge-supply-road,errra-no-vulnerability,100031,284366.4259,219912.1,4696.965882,23500,36257.36,0.7208673181,0.9798184069,0.9652406417,0.9561343386,0.6731728139,0.01938665972,489,10425,0,2.424474324,6.11864384,10,12,15,1,0.03279544646,679325
S10-surge-supply-road,errra-no-vulnerability,100032,284512.5871,221072,4783.922118,22450,36206.665,0.7302306204,0.9886837649,0.9769436997,0.9711298022,0.6865060804,0.0168417798,274,10134,0,1.328404735,5.737434147,8,9,13,1,0.02383165019,620290
S10-surge-supply-road,errra-no-vulnerability,100033,282441.692,219141.9,4769.472,23650,34880.32,0.7224877116,0.9882600463,0.9578774617,0.9461161652,0.6692992102,0.03768712894,279,10018,0,1.377623044,5.96729929,8,10,12,1,0.01988970307,627000
S10-surge-supply-road,errra-no-vulnerability,100034,284031.1869,220534.4,4821.316941,22350,36325.47,0.7273292345,0.9871762845,0.9717114569,0.9637763188,0.6774098225,0.02180762249,308,10241,0,1.505641685,5.948827782,8,9,12,1,0.02354525176,634225
S10-surge-supply-road,errra-no-vulnerability,100035,280122.8413,217088.6,4620.671294,22025,36388.57,0.719779244,0.9885536338,0.9669056812,0.959688826,0.672935645,0.02627229514,272,10381,0,1.296073001,6.165908501,7,9,11,1,0.02874110005,654780
S10-surge-supply-road,errra-no-vulnerability,100036,281083.1081,218126.5,4741.543059,23325,34890.065,0.7312553688,0.9899087584,0.9649973075,0.9554317549,0.6841853417,0.03192140824,240,9981,0,1.187051732,5.753643937,7,9,14,1,0.02033580247,590290
S10-surge-supply-road,errra-no-vulnerability,100037,286451.7312,221867.6,4708.636235,22475,37400.495,0.7193786743,0.9907157956,0.9649507119,0.9564912281,0.6749230203,0.03151994667,224,10535,0,1.076938494,6.311337037,6,10,14,1,0.01222186423,646570
S10-surge-supply-road,errra-no-vulnerability,100038,286199.9461,222801.9,4794.926118,22450,36153.12,0.7269971972,0.9893048128,0.9696147585,0.9618849619,0.6745422212,0.02288735779,258,10008,0,1.252222077,5.821113898,8,10,13,1,0.01807159743,628385
S10-surge-supply-road,errra-no-vulnerability,100039,285989.6866,221242.7,4803.941647,23725,36218.045,0.7224850163,0.9881801593,0.9657570894,0.9570259209,0.6701000875,0.02727217572,285,10305,0,1.388695637,5.904977558,8,9,12,1,0.02858906023,653930
S10-surge-supply-road,errra-no-vulnerability,100040,282773.7958,218571.4,4709.270824,22925,36568.125,0.7184937829,0.9852922637,0.933003844,0.9144460028,0.6692433034,0.05955000211,350,10706,0,1.637389485,6.152087745,8,9,13,1,0.02877185424,662855
S10-surge-supply-road,errra-no-vulnerability,100041,279657.9041,217065.7,4691.534118,21425,36475.67,0.7247813172,0.9916296766,0.9570885388,0.9459459459,0.6734282325,0.0408325862,198,10165,0,0.9201344712,6.178861343,0,8,12,1,0.01389711329,597310
S10-surge-supply-road,errra-no-vulnerability,100042,284267.9866,220609.9,4806.826588,22800,36051.26,0.7260427195,0.988645311,0.966148532,0.9566850829,0.6798864062,0.03129982771,274,9961,0,1.332126902,5.903173641,8,11,15,1,0.01375220055,645415
S10-surge-supply-road,errra-no-vulnerability,100043,284076.8489,221488.9,4789.648941,21775,36023.3,0.7338511031,0.9926391084,0.9648268398,0.9576388889,0.6907696522,0.0322111823,177,9869,0,0.8307773277,5.611914985,0,8,12,1,0.02386413782,619030
S10-surge-supply-road,errra-no-vulnerability,100044,279748.5636,215656,4674.293647,24800,34618.27,0.7199573932,0.9690021231,0.9516968935,0.9380327114,0.668247689,0.02404150311,730,9930,0,3.812270504,6.027486893,12,14,19,1,0.03670758486,677760
S10-surge-supply-road,errra-no-vulnerability,100045,286752.7005,222819.8,4844.415529,23300,35788.485,0.7317736597,0.9938317296,0.9626068376,0.9535836177,0.6791238877,0.03739316239,150,10108,7,0.6954195386,5.769840951,0,8,12,1,0.005291778389,593430
S10-surge-supply-road,errra-no-vulnerability,100046,284970.7175,221234.3,4775.847529,23350,35610.57,0.7298220045,0.9931540951,0.9742212675,0.9672354949,0.6820978611,0.02577873255,165,10030,0,0.8047267297,5.898546618,0,8,11,1,0.0114154167,603365
S10-surge-supply-road,errra-no-vulnerability,100047,284061.7218,220525.4,4787.911765,23425,35323.41,0.7298391464,0.9897096196,0.9651574107,0.9552780931,0.6795165043,0.03399384727,247,10138,0,1.270617371,5.653948224,9,12,15,1,0.0165825444,613525
S10-surge-supply-road,errra-no-vulnerability,100048,282374.4359,218701.4,4761.100941,22475,36436.935,0.7123503167,0.9922169219,0.9565689468,0.9449860724,0.6623420354,0.04336971856,186,10529,1,0.8296962574,6.178480858,0,7,11,1,0.006318778773,674210
S10-surge-supply-road,errra-no-vulnerability,100049,289508.9393,225172.8,4838.099294,22450,37048.04,0.7316194964,0.9885024667,0.9515951595,0.9397337071,0.6872469053,0.04492750212,282,10162,0,1.334062889,5.809814408,7,10,13,1,0.0187281824,647705
S10-surge-supply-road,errra-no-vulnerability,100050,281641.0262,218749.7,4724.961176,21750,36416.365,0.7222366746,0.991839825,0.9646604086,0.9550561798,0.6724172278,0.03240847268,194,10263,5,0.9397982721,6.219121815,0,9,13,1,0.01351943251,613745
S10-surge-supply-road,errra-no-vulnerability,100051,285083.0263,221794.3,4783.031294,22550,35955.695,0.7186820269,0.9835651598,0.9449035813,0.9298245614,0.6682458911,0.04665149172,397,10451,0,1.950015611,6.007008781,9,10,13,1,0.03149866896,694025
S10-surge-supply-road,errra-no-vulnerability,100052,285850.3792,222279.2,4768.569176,22475,36327.61,0.7308714562,0.9862658826,0.9670542636,0.9577687444,0.6831814029,0.02781447152,334,9995,0,1.606134005,5.697581078,8,10,13,1,0.0253078603,643375
S10-surge-supply-road,errra-no-vulnerability,100053,282512.2178,219039.7,4748.047765,22900,35824.47,0.7234815006,0.9898224158,0.9496208017,0.9360824742,0.6803847996,0.04951871886,243,10258,0,1.13300066,6.076336293,0,10,13,1,0.01288575285,635010
S10-surge-supply-road,errra-no-vulnerability,100054,286347.7947,221539.8,4824.804706,22750,37233.19,0.714630678,0.9799695636,0.950132626,0.9368206522,0.6657882499,0.03388685954,487,10749,0,2.295483903,6.352257788,9,11,12,1,0.03545219747,696840
S10-surge-supply-road,errra-no-vulnerability,100055,284206.0558,220227.3,4742.810824,22675,36560.945,0.7163090129,0.99157886,0.9405405405,0.9267449896,0.6648850048,0.05788865231,203,10876,0,0.8645612408,6.440061695,0,8,10,1,0.01171178788,658680
S10-surge-supply-road,errra-no-vulnerability,100056,286869.0644,222500.2,4773.829412,22800,36795.035,0.7157349508,0.9875191139,0.9408839779,0.9253314724,0.6666276484,0.05676888681,302,10442,0,1.394337013,6.145581171,8,10,14,1,0.01539606126,665540
S10-surge-supply-road,errra-no-vulnerability,100057,283323.076,220307.2,4753.416,21450,36812.46,0.7324562579,0.9952408542,0.972090574,0.9652173913,0.6810339831,0.02790942601,115,10235,0,0.5341926999,5.87415932,0,0,12,1,,588865
S10-surge-supply-road,errra-no-vulnerability,100058,286698.2709,223347.1,4696.905882,21375,37279.265,0.7269892659,0.9918479374,0.9701492537,0.963165075,0.6809972257,0.02570282315,199,10503,0,0.9556943218,5.985471095,6,8,11,1,0.02077221123,650820
S10-surge-supply-road,errra-no-vulnerability,100059,288977.9269,223598.5,4804.881882,24250,36324.545,0.7228696334,0.968614807,0.9466806064,0.9318788958,0.6739770867,0.02999078507,769,10596,0,3.774864526,6.160343888,12,13,15,1,0.04203620356,689290
S10-surge-supply-road,errra-no-vulnerability,100060,283967.7956,221316.2,4866.370588,22600,35185.225,0.7328933845,0.9846698604,0.9586603872,0.9473333333,0.6786862473,0.02884267574,368,9756,0,1.763067483,5.402769514,8,10,12,1,0.03217608404,636030
S10-surge-supply-road,errra-no-vulnerability,100061,287700.5705,223824.2,4818.200471,22000,37058.17,0.7240118895,0.9839847316,0.9643640351,0.9550561798,0.6722918645,0.02538136802,386,10386,0,1.758760465,6.153331191,8,9,11,1,0.02446023739,637075
S10-surge-supply-road,errra-no-vulnerability,100062,279690.0468,217180.5,4716.571765,22200,35592.975,0.7293330958,0.9948342296,0.9625203694,0.9526462396,0.6840216156,0.03723228955,122,9831,0,0.5190258827,5.858027652,0,0,9,1,,587545
S10-surge-supply-road,errra-no-vulnerability,100063,286034.4513,221714.1,4802.111294,23375,36143.24,0.7236254573,0.9932262195,0.9597670725,0.9485443466,0.6748925578,0.04023292747,164,10243,0,0.7519653367,6.077213794,0,8,11,1,0.006999673126,632215
S10-surge-supply-road,errra-no-vulnerability,100064,288397.5359,223380.1,4838.805882,22850,37328.63,0.7150081175,0.989280874,0.9490644491,0.9350563287,0.6649570334,0.05051621349,261,10767,0,1.175071539,6.45922604,0,10,13,1,0.01003230191,666840
S10-surge-supply-road,errra-no-vulnerability,100065,286221.2677,222373.2,4853.112706,22050,36944.955,0.7201429631,0.988022956,0.9736700699,0.966919366,0.6702826765,0.01923299942,288,10453,0,1.392418152,6.214943691,8,9,12,1,0.02712054485,644710
S10-surge-supply-road,errra-no-vulnerability,100066,283609.3041,219877.9,4721.419059,22475,36534.985,0.7155676888,0.9838844008,0.9641272189,0.9540175397,0.6619527052,0.02630168577,387,10560,0,1.880569919,6.286081116,9,11,14,1,0.02637473611,692325
S10-surge-supply-road,errra-no-vulnerability,100067,287233.5319,223460.3,4746.381882,20975,38051.85,0.7273809046,0.996231728,0.96030871,0.9496503497,0.6799120404,0.03969128997,91,10401,0,0.3722152823,6.086545532,0,0,0,1,,614255
S10-surge-supply-road,errra-no-vulnerability,100068,282390.0086,219190.9,4695.658588,22325,36178.45,0.7250154849,0.9922332517,0.9641693811,0.956914524,0.6750263476,0.03510737878,187,10126,0,0.8956253569,6.000148116,0,9,12,1,0.01092608216,632150
S10-surge-supply-road,errra-no-vulnerability,100069,282976.1734,219139.5,4762.458353,23950,35124.215,0.7163365265,0.970125,0.9533426184,0.9408910454,0.6628636848,0.03742828281,717,10113,0,3.617068141,5.76129783,11,13,15,1,0.04723126092,741215
S10-surge-supply-road,errra-no-vulnerability,100070,284474.9211,221635.7,4726.411059,21975,36137.81,0.7237483504,0.9911320205,0.9794149512,0.9736659737,0.6724290951,0.01304916359,213,10092,0,1.041014536,5.801338504,7,8,10,1,0.02211784725,643710
S10-surge-supply-road,errra-no-vulnerability,100071,282509.4706,218623,4751.525647,22650,36484.945,0.7259045963,0.9878140704,0.9718462371,0.9651162791,0.6702024115,0.02306891326,291,10288,0,1.404323818,6.073236988,8,9,12,1,0.02648862096,626060
S10-surge-supply-road,errra-no-vulnerability,100072,287794.2688,224147.5,4764.283765,22200,36682.485,0.7187695253,0.9947472095,0.9765411893,0.9706293706,0.6712417801,0.02339986233,128,10423,0,0.613242398,6.009850711,0,8,11,1,0.008024707667,664330
S10-surge-supply-road,errra-no-vulnerability,100073,281211.8128,218829.1,4747.502824,22000,35635.21,0.7222176915,0.9806549501,0.9539045553,0.9411764706,0.6673553312,0.03551729404,459,10068,0,2.152160247,5.678831621,9,11,12,1,0.0278766762,692305
S10-surge-supply-road,errra-no-vulnerability,100074,283607.2037,220071.5,4813.128706,23400,35322.575,0.7258293743,0.9890041235,0.97932726,0.9734413684,0.6713050687,0.01403570659,264,9972,0,1.301182763,5.854861196,7,9,12,1,0.03003828732,631475
S10-surge-supply-road,errra-no-vulnerability,100075,283349.8878,220117.6,4822.327765,21800,36609.96,0.7187875353,0.989627161,0.9388830348,0.9225067385,0.6708917974,0.06111696523,249,10472,0,1.121867398,6.10420125,0,9,12,1,0.01356101184,670120
S10-surge-supply-road,errra-no-vulnerability,100076,283734.365,220169.8,4685.52,22125,36754.045,0.7234905316,0.9748521322,0.963526393,0.9531984948,0.6741106105,0.01493896822,608,10082,0,3.120219653,5.87507941,10,12,17,1,0.04518606739,672790
S10-surge-supply-road,errra-no-vulnerability,100077,283940.7657,220961.8,4747.620706,22225,36006.345,0.722795283,0.9923331952,0.9540788763,0.9421487603,0.6769750116,0.04399816236,185,9972,0,0.8383086249,5.854621646,0,8,12,1,0.0112228511,643495
S10-surge-supply-road,errra-no-vulnerability,100078,284600.671,221671.4,4838.916,21850,36240.355,0.7278296146,0.9870619946,0.9558275679,0.9458728011,0.687959232,0.04108769253,312,10140,0,1.472857616,5.985219743,8,10,13,1,0.02329244047,621445
S10-surge-supply-road,errra-no-vulnerability,100079,287256.4989,223322.5,4749.333882,23150,36034.665,0.7311786516,0.9769033362,0.9631016043,0.9536152797,0.6817053697,0.01822607435,567,10134,0,2.703899292,5.644158571,10,11,15,1,0.03606925635,650125
S10-surge-supply-road,errra-no-vulnerability,100080,284482.8361,221834,4751.011059,21450,36447.825,0.7338149709,0.9902292216,0.9725026105,0.9649044869,0.6887597957,0.02551707264,237,9880,0,1.147246702,5.594180213,7,9,12,1,0.01959847831,619075
S10-surge-supply-road,errra-no-vulnerability,100081,281708.4628,218528.5,4764.487765,22825,35590.475,0.7303441312,0.9906164528,0.9701573521,0.9620427881,0.6833782032,0.02953586175,223,9552,8,1.093061179,5.627186639,7,10,12,1,0.01383523599,616495
S10-surge-supply-road,errra-no-vulnerability,100082,285936.4772,221325,4802.877176,23875,35933.6,0.7175483194,0.9791099001,0.9523310634,0.9394347241,0.6672242104,0.03719804569,506,10391,0,2.315369823,5.966603451,9,12,14,1,0.02340068646,693785
S10-surge-supply-road,errra-no-vulnerability,100083,283213.5859,219939.3,4745.500941,21425,37103.785,0.7216218762,0.9819666694,0.9516806723,0.9379217274,0.671825234,0.03367636298,435,10415,0,2.049103111,6.155310931,8,10,12,1,0.03367497271,661120
S10-surge-supply-road,errra-no-vulnerability,100084,280234.4698,216960.2,4727.654824,22375,36171.615,0.708527772,0.9904652937,0.9748394004,0.9678302533,0.6538121458,0.01995291203,225,10478,0,1.14396766,6.374561222,7,9,12,1,0.02349896549,677050
S10-surge-supply-road,errra-no-vulnerability,100085,282149.4532,218678.4,4767.088235,22575,36128.965,0.7163382484,0.9888630319,0.954902989,0.9419703104,0.6678751454,0.04348043815,268,9994,0,1.319605378,5.84606572,8,10,12,1,0.01971393463,685720
S10-surge-supply-road,errra-no-vulnerability,100086,285622.9064,221878.7,4780.146353,23150,35814.06,0.7173115925,0.9847591362,0.9495753715,0.9355495251,0.6693148349,0.04533876714,367,10364,1,1.774211081,6.111949821,8,11,14,1,0.02124479237,678255
S10-surge-supply-road,errra-no-vulnerability,100087,288099.7069,223043.2,4815.616941,23550,36690.89,0.7165740791,0.9850975509,0.9660837308,0.9566591422,0.6638316219,0.02739216627,359,10926,0,1.832179423,6.404131384,9,12,16,1,0.02000190622,646850
S10-surge-supply-road,errra-no-vulnerability,100088,286442.7036,222380.4,4705.918588,22925,36431.385,0.7182416292,0.9941395844,0.9865807837,0.9834558824,0.6630239234,0.01070695217,143,10620,0,0.6746776408,6.171913576,0,8,10,1,0.01602234108,646860
S10-surge-supply-road,errra-no-vulnerability,100089,288592.0851,223884.1,4778.275059,23450,36479.71,0.7227204982,0.9860366078,0.9460196292,0.9313929314,0.6756564119,0.05090034945,341,10284,0,1.569506425,5.904428594,8,10,14,1,0.0179873116,659605
S10-surge-supply-road,errra-no-vulnerability,100090,281059.6394,217841.2,4727.754353,22050,36440.685,0.7167353849,0.9928469242,0.9741518578,0.9668279198,0.6672379093,0.02554201347,170,10229,0,0.8312142715,6.114750294,0,8,11,1,0.01264351759,651575
S10-surge-supply-road,errra-no-vulnerability,100091,285384.1541,222293.7,4762.399059,21550,36778.055,0.73295599,0.9940735215,0.9720087816,0.965034965,0.6868811404,0.02751323553,143,10060,0,0.683210787,5.758299546,0,8,12,1,0.007944121183,597730
S10-surge-supply-road,errra-no-vulnerability,100092,282183.8988,218513.9,4708.303765,22650,36311.695,0.7121972507,0.9845566327,0.9536167863,0.9421720733,0.6670842032,0.04026026488,368,10495,0,1.732025582,6.212810932,8,11,17,1,0.01458365785,669235
S10-surge-supply-road,errra-no-vulnerability,100093,286333.106,222807.6,4733.376,22000,36792.13,0.7218820195,0.9848266194,0.9788961039,0.97310963,0.6744667395,0.00801380548,368,10329,0,1.813703178,6.02777035,9,10,13,1,0.02934876366,679760
S10-surge-supply-road,errra-no-vulnerability,100094,285315.1313,221976.9,4718.231294,21675,36945,0.7199383006,0.9852393947,0.9754436279,0.9684477199,0.6749874221,0.01343534921,357,10272,0,1.829169884,5.935229026,9,10,13,1,0.03729713333,674510
S10-surge-supply-road,errra-no-vulnerability,100095,277808.0353,215615,4637.255294,21025,36530.78,0.7230229627,0.9962757628,0.973556395,0.9663923182,0.6744637426,0.02613381562,88,10014,0,0.3913081904,6.000260317,0,0,9,1,,617235
S10-surge-supply-road,errra-no-vulnerability,100096,283212.8925,220403.3,4823.012471,22100,35886.58,0.7263513514,0.9791115034,0.9723306137,0.9645131938,0.6733314783,0.009228274923,497,9968,0,2.322332316,5.729375545,9,10,13,1,0.02660207695,646055
S10-surge-supply-road,errra-no-vulnerability,100097,285040.5729,221407.2,4794.472941,22825,36013.9,0.7278705721,0.9891678772,0.9593147752,0.948594928,0.6872475924,0.04026551025,261,10206,0,1.270287935,5.884020549,8,10,14,1,0.01435859786,654020
S10-surge-supply-road,errra-no-vulnerability,100098,282618.9596,219133.4,4780.354588,23200,35505.205,0.7324876941,0.9974017266,0.9892990904,0.987628866,0.6808199988,0.01070090958,62,9936,0,0.2787419553,5.71274409,0,0,10,1,,595555
S10-surge-supply-road,errra-no-vulnerability,100099,286979.9616,222851,4725.821647,23275,36128.14,0.729974764,0.9871100164,0.963510146,0.9533560865,0.6805117996,0.03251665829,314,10015,0,1.556850607,5.884635413,9,11,14,1,0.02015024444,622385
S10-surge-supply-road,errra-no-vulnerability,100100,281667.8459,219033.8,4804.000941,22625,35205.045,0.7265707362,0.9923864309,0.9580193757,0.9468599034,0.6792880649,0.04129980487,180,9715,0,0.8428758573,5.741316283,0,8,11,1,0.01137369394,629390
S10-surge-supply-road,errra-no-rolling,100001,284364.8455,221248.1,4742.235529,22075,36299.51,0.7362541456,0.9908888522,0.9249329759,0.9048275862,0.6904172112,0.07267596668,221,10024,0,0.893120879,5.876458504,0,6,9,1,0.005429866333,589910
S10-surge-supply-road,errra-no-rolling,100002,279854.5834,217895.7,4707.433412,20825,36426.45,0.7234833526,0.9916593319,0.9035560345,0.8770604396,0.6752851862,0.09638253291,199,10414,0,0.7745367381,6.398284197,0,0,0,1,0.007594571123,604365
S10-surge-supply-road,errra-no-rolling,100003,278914.9417,217558,4699.656706,21550,35107.285,0.7325549787,0.9916694575,0.9126005362,0.890260631,0.6849181567,0.08697014765,199,9974,0,0.7575666954,5.845081143,0,0,0,1,0.006824194324,577440
S10-surge-supply-road,errra-no-rolling,100004,283207.4111,220783.2,4735.111059,20925,36764.1,0.7267380039,0.9920232655,0.901187905,0.8734439834,0.6804659463,0.09862994567,192,10367,0,0.7433779115,6.272804361,0,0,0,1,0.007508924605,601160
S10-surge-supply-road,errra-no-rolling,100005,283436.7505,221257.4,4719.800471,19675,37784.55,0.7297452544,0.9937505173,0.9201480698,0.8982479784,0.6809340023,0.0798519302,151,10631,0,0.576699678,6.186791167,0,0,0,1,0.008822719562,581030
S10-surge-supply-road,errra-no-rolling,100006,280758.8138,219008.9,4652.918824,21025,36071.995,0.7349340612,0.9910884523,0.9283018868,0.9102829538,0.6871852922,0.06953595105,215,10099,0,0.8785645558,5.898294779,0,6,8,1,0.005101398559,567810
S10-surge-supply-road,errra-no-rolling,100007,283174.098,220397,4746.408,22075,35955.69,0.7337278902,0.9852180034,0.9306451613,0.9112181693,0.6872711693,0.06254480287,357,10096,0,1.560838813,5.840782837,7,9,12,1,0.01969441375,605835
S10-surge-supply-road,errra-no-rolling,100008,281562.7917,219814.7,4661.916706,20175,36911.175,0.7234829632,0.993634813,0.925698324,0.9058908046,0.6770494344,0.07430167598,153,10620,0,0.571629041,6.290587713,0,0,0,1,0.004061815054,589310
S10-surge-supply-road,errra-no-rolling,100009,283874.9705,221764.7,4751.480471,21075,36283.79,0.7342470535,0.9915194346,0.9152634438,0.8926829268,0.6889664534,0.08299502367,204,10110,0,0.825377402,5.791607378,0,0,0,1,0.007261431183,576670
S10-surge-supply-road,errra-no-rolling,100010,286746.6025,224081.3,4767.812471,20725,37172.49,0.7290899666,0.9921795029,0.9041022909,0.8787262873,0.6845755892,0.09571878623,191,10439,0,0.7170489099,6.095575433,0,0,0,1,0.009130850375,600040
S10-surge-supply-road,errra-no-rolling,100011,279039.3739,217984.9,4648.653882,20700,35705.82,0.7335366435,0.9924426904,0.9216539717,0.8997912317,0.6874208861,0.07834602829,180,10148,0,0.7205926309,5.867272059,0,0,0,1,0.006585612969,577975
S10-surge-supply-road,errra-no-rolling,100012,281277.7722,219594.5,4681.377176,20475,36526.895,0.7282495714,0.993801481,0.9265327696,0.9078590786,0.6803972838,0.07334670495,149,10413,0,0.5304914811,6.329837066,0,0,0,1,,583550
S10-surge-supply-road,errra-no-rolling,100013,280681.5769,219341.7,4739.661882,21100,35500.215,0.7370654701,0.9921780736,0.9190628328,0.8967391304,0.6901416753,0.08004542473,188,9937,0,0.7889391942,5.802157107,0,0,0,1,0.006414883352,563480
S10-surge-supply-road,errra-no-rolling,100014,284970.4126,222677.7,4794.862588,20900,36597.85,0.7320367874,0.9933068914,0.9216494845,0.8997361478,0.6841007417,0.07799324501,162,10321,0,0.6330712091,6.044542627,0,0,0,1,0.006458735343,578415
S10-surge-supply-road,errra-no-rolling,100015,283586.1547,221332.9,4652.664706,21325,36275.59,0.7371813851,0.9914905981,0.9329577465,0.9151559101,0.6901030527,0.06320163902,205,10015,0,0.8574756448,5.90936129,0,7,9,1,0.007144605301,546550
S10-surge-supply-road,errra-no-rolling,100016,277491.2642,216174.3,4728.904235,20950,35638.06,0.7307408117,0.9935597929,0.9259058951,0.9059711736,0.6812614388,0.07372152668,153,10058,0,0.6005290607,6.039188856,0,0,0,1,0.008831168831,570585
S10-surge-supply-road,errra-no-rolling,100017,287235.9541,224091.8,4843.819059,21800,36500.335,0.7264950442,0.9880251757,0.9173596674,0.8941411451,0.6754275532,0.0796909919,293,10391,0,1.287888241,6.210124393,6,8,9,1,0.01953240105,622430
S10-surge-supply-road,errra-no-rolling,100018,282032.8452,219912,4731.820235,21325,36064.025,0.7325470109,0.9896979727,0.9146995708,0.8915416098,0.6834088102,0.08389420665,249,9966,0,1.072432212,5.903659769,0,7,10,1,0.01253461347,590225
S10-surge-supply-road,errra-no-rolling,100019,280138.6934,217995.4,4663.153412,21400,36080.14,0.7305334939,0.9929927007,0.918128655,0.8962711864,0.6816716465,0.08181063226,168,10327,0,0.642511533,6.03561136,0,0,0,1,,568260
S10-surge-supply-road,errra-no-rolling,100020,281703.3473,219860.5,4662.467294,20650,36530.38,0.7263937212,0.993826649,0.9203208556,0.8983628922,0.6809809985,0.07967914439,149,10340,0,0.5609874079,6.176875152,0,0,0,1,0.003672224038,595270
S10-surge-supply-road,errra-no-rolling,100021,281785.7334,219822.2,4724.838353,20700,36538.695,0.7234944177,0.9926820036,0.9070512821,0.8815520762,0.6729874635,0.09294871795,174,10255,0,0.6645423848,6.21822454,0,0,0,1,0.0092528532,604685
S10-surge-supply-road,errra-no-rolling,100022,284557.6286,222343.4,4758.778588,20200,37255.45,0.727621877,0.9933802234,0.9241603467,0.9034051425,0.6800147378,0.0758396533,160,10526,0,0.6235196074,6.158055321,0,0,0,1,0.0009534820865,591570
S10-surge-supply-road,errra-no-rolling,100023,285662.3517,223190.1,4791.636706,21050,36630.615,0.7343729157,0.9933191245,0.913343966,0.8899392302,0.6885982757,0.08665603402,163,10085,0,0.6141517457,5.892044393,0,0,0,1,0.007381914906,578265
S10-surge-supply-road,errra-no-rolling,100024,284616.6592,222372.4,4796.469176,20475,36972.79,0.7289382206,0.9929908469,0.9113456464,0.8882154882,0.6784831967,0.08865435356,170,10179,0,0.6424791381,6.132081549,0,0,0,1,0.006706294757,579055
S10-surge-supply-road,errra-no-rolling,100025,283774.1657,221353.7,4733.100706,21375,36312.365,0.733918563,0.9873626827,0.8956756757,0.8676268861,0.6918810179,0.1005036569,306,10071,0,1.25521957,5.843716659,0,7,11,1,0.01240649602,591435
S10-surge-supply-road,errra-no-rolling,100026,277514.2388,216399,4632.403765,20475,36007.835,0.7239635579,0.9921359716,0.9198493814,0.8978052126,0.6760571781,0.07855982077,186,10476,0,0.7533726451,6.342036195,0,0,0,1,0.0072189174,599175
S10-surge-supply-road,errra-no-rolling,100027,285375.6756,223031,4725.010588,21550,36069.665,0.7400034736,0.9928395062,0.9191863661,0.8975988701,0.6951867525,0.07968194049,174,9934,0,0.6895066057,5.721459967,0,0,0,1,0.004780831135,566645
S10-surge-supply-road,errra-no-rolling,100028,281316.0971,219310.2,4699.982118,21500,35805.915,0.7320850326,0.9933132732,0.9307524537,0.9114982578,0.6818889875,0.0688952476,160,10193,0,0.6384280279,6.002343951,0,0,0,1,,567085
S10-surge-supply-road,errra-no-rolling,100029,280054.5234,218652.4,4649.293412,20400,36352.83,0.7304924165,0.993755464,0.9277108434,0.9080139373,0.6778810336,0.07156756913,150,10134,0,0.5917329338,5.9079955,0,0,0,1,0.005690461732,585095
S10-surge-supply-road,errra-no-rolling,100030,279194.2764,217504.2,4646.461412,21050,35993.615,0.7340974212,0.9923991097,0.9110378913,0.8873435327,0.6855187463,0.0885343666,181,10099,0,0.7185763404,6.080529404,0,0,0,1,0.007417815811,578995
S10-surge-supply-road,errra-no-rolling,100031,283940.6015,221146.6,4681.611529,21950,36162.39,0.7292390105,0.9887329757,0.9417112299,0.9259766964,0.6779263111,0.05362676539,273,10138,0,1.290924871,6.080540526,7,8,10,1,0.01840405061,583415
S10-surge-supply-road,errra-no-rolling,100032,282774.0696,220435,4724.789647,21575,36039.28,0.7359020535,0.9870730599,0.9356568365,0.9181124219,0.6891175553,0.06434316354,313,9810,0,1.428773555,5.650642404,7,8,9,1,0.02862469005,579680
S10-surge-supply-road,errra-no-rolling,100033,279688.4207,217890.9,4702.980706,21975,35119.54,0.7259967231,0.9906585315,0.9228665208,0.9013296011,0.6749775067,0.07374531929,222,10105,10,0.9744761082,6.081772256,0,7,10,1,0.01055205133,594110
S10-surge-supply-road,errra-no-rolling,100034,283239.3779,221181.9,4744.252941,21075,36238.225,0.7365042903,0.9892996919,0.9325053996,0.9141483516,0.6890526191,0.06466574612,257,10063,0,1.171670943,5.929464225,6,8,9,1,0.0207102435,559735
S10-surge-supply-road,errra-no-rolling,100035,277977.5612,216793.8,4602.496235,20400,36181.265,0.7303525812,0.9930985145,0.9227799228,0.9031117397,0.6818689392,0.07722007722,164,10291,0,0.6182033896,6.109612994,0,0,0,1,0.005915044274,578375
S10-surge-supply-road,errra-no-rolling,100036,276972.5172,215654.9,4695.352235,21225,35397.265,0.7347868177,0.9926838498,0.9488422186,0.93454039,0.6846239732,0.05063137323,174,10290,0,0.7576413246,6.078878117,0,6,8,1,0.004997911951,546090
S10-surge-supply-road,errra-no-rolling,100037,283369.1204,221004.8,4676.845412,20350,37337.475,0.7274688528,0.9909230323,0.9008762322,0.8743859649,0.6824370122,0.0991237678,219,10328,0,0.819937505,6.277209967,0,0,0,1,0.006746729,600045
S10-surge-supply-road,errra-no-rolling,100038,283672.7281,221329.2,4737.638118,21100,36505.89,0.7309667816,0.9924967873,0.9202387412,0.8988218988,0.6834535186,0.07837052233,181,10289,0,0.7298247293,6.086030013,0,0,0,1,0.006284890928,588140
S10-surge-supply-road,errra-no-rolling,100039,283256.8676,220559.4,4711.937647,21600,36385.53,0.7272556239,0.9904611812,0.9133226324,0.8901773533,0.6847536683,0.08614184455,230,10273,0,0.9697715672,6.024780283,0,7,8,1,0.009802690396,610050
S10-surge-supply-road,errra-no-rolling,100040,278666.4974,217748.3,4701.997412,20050,36166.2,0.7329776837,0.9931924192,0.914881933,0.8913043478,0.6870479294,0.085118067,162,10127,0,0.6310230887,5.873622197,0,0,0,1,0.006316424432,578460
S10-surge-supply-road,errra-no-rolling,100041,277770.0826,216740.3,4651.397647,20500,35878.385,0.7368003176,0.9893468611,0.917979359,0.896049896,0.6902530645,0.08183745722,252,9872,0,1.091763276,5.795731749,0,7,9,1,0.01312652214,546000
S10-surge-supply-road,errra-no-rolling,100042,282011.5359,220341.7,4751.625882,21200,35718.21,0.737928711,0.9869876922,0.9287612972,0.9110198494,0.6929418029,0.06519379781,314,9778,3,1.378108877,5.724681625,7,9,13,1,0.02004124078,570815
S10-surge-supply-road,errra-no-rolling,100043,282637.0219,221131,4718.241882,20750,36037.78,0.7346587162,0.9902270648,0.9323593074,0.9159722222,0.6860547013,0.06764069264,235,10059,0,1.006907576,5.667653749,0,8,9,1,0.01888312623,585865
S10-surge-supply-road,errra-no-rolling,100044,276423.3673,214665.2,4626.107294,21900,35232.06,0.7161670517,0.9834819533,0.9238605898,0.9028062971,0.6686715376,0.07542114838,389,10438,0,1.815580472,6.394845689,7,8,10,1,0.02863316995,640950
S10-surge-supply-road,errra-no-rolling,100045,285256.8853,222631.3,4766.735294,21775,36083.85,0.7315324731,0.9910765688,0.9209401709,0.9003412969,0.6808057104,0.07680288462,217,10249,0,0.8932555695,5.974688802,0,7,9,1,0.007930218564,576950
S10-surge-supply-road,errra-no-rolling,100046,281811.8722,220181.7,4708.552235,21200,35721.62,0.7310365302,0.9897103975,0.910311493,0.8860068259,0.6813946674,0.08915612011,248,10057,0,1.047952526,5.943538048,0,7,9,1,0.0105014667,594795
S10-surge-supply-road,errra-no-rolling,100047,282772.4551,220408.7,4746.595059,21550,36067.16,0.72753737,0.9905011874,0.9153182309,0.8917241379,0.6776432543,0.08185191418,228,10220,0,0.997950043,6.149304051,0,7,10,1,0.005918306493,585350
S10-surge-supply-road,errra-no-rolling,100048,280901.672,219129.1,4707.612,21050,36014.96,0.731404006,0.992886434,0.9109663409,0.8864902507,0.6850810126,0.08885980649,170,10168,0,0.641077876,5.926063548,0,0,0,1,0.007200938163,583985
S10-surge-supply-road,errra-no-rolling,100049,287733.0999,224808.8,4737.184941,20675,37512.115,0.7288131106,0.9935173482,0.9125412541,0.8899789769,0.6814317244,0.08745874587,159,10727,0,0.5571557229,6.11290408,0,0,0,1,0.0056814361,600840
S10-surge-supply-road,errra-no-rolling,100050,278952.6649,217880.1,4688.224941,20675,35709.34,0.7379273519,0.9898208127,0.9166206516,0.8939606742,0.6901470178,0.08033657055,242,9870,0,1.065330965,5.753330504,0,7,9,1,0.009380219855,569320
S10-surge-supply-road,errra-no-rolling,100051,284149.5371,221583,4729.982118,21550,36286.555,0.7255833938,0.9935005796,0.9168044077,0.8940350877,0.6729250746,0.08319559229,157,10516,0,0.6094300191,6.228778968,0,0,0,1,0.006693785137,612500
S10-surge-supply-road,errra-no-rolling,100052,282966.5674,220400.2,4692.997412,21075,36798.37,0.7307506443,0.9842921173,0.916622411,0.8949864499,0.6810628001,0.08214432609,382,10162,0,1.683702128,6.042364691,7,8,9,1,0.03303027298,611655
S10-surge-supply-road,errra-no-rolling,100053,278639.7995,217872.4,4706.739529,20775,35285.66,0.7390778184,0.9930474116,0.9133261105,0.8900343643,0.6951939965,0.08667388949,166,9769,0,0.6588253875,5.726173803,0,0,0,1,0.005289452229,555380
S10-surge-supply-road,errra-no-rolling,100054,284320.6359,221663.1,4733.985882,21325,36598.55,0.7331973921,0.9886480484,0.9379310345,0.9211956522,0.6875290653,0.06189023451,276,10172,0,1.215880117,5.927181991,6,8,9,1,0.02083319716,581210
S10-surge-supply-road,errra-no-rolling,100055,283040.2014,220868.5,4739.466353,21250,36182.235,0.7303782189,0.9937359993,0.9183783784,0.8984105045,0.6814661647,0.08162162162,151,10626,0,0.5493680562,6.218696352,0,0,0,1,,576635
S10-surge-supply-road,errra-no-rolling,100056,284042.7639,221502,4685.433882,21200,36655.33,0.7287378224,0.9917345125,0.908839779,0.8848569435,0.6832689531,0.09029382002,200,10225,3,0.7921823176,6.048737286,0,0,0,1,0.005891999511,609460
S10-surge-supply-road,errra-no-rolling,100057,284189.6777,222635.3,4760.652706,20250,36543.725,0.7351223172,0.9947028638,0.9325961032,0.9150501672,0.6894186743,0.06740389679,128,10028,0,0.4727272209,5.733032341,0,0,0,1,,578395
S10-surge-supply-road,errra-no-rolling,100058,285754.8771,223988.6,4705.507059,20325,36735.77,0.7391298579,0.993199787,0.9157782516,0.8935879945,0.698492083,0.08404648404,166,10138,0,0.5955844263,5.689545822,0,0,0,1,,579675
S10-surge-supply-road,errra-no-rolling,100059,286908.2848,223426.8,4719.739765,22875,35886.745,0.7319717767,0.9865725247,0.9142545057,0.8921363953,0.6894579763,0.07865832205,329,10390,0,1.417820149,5.874390422,7,8,10,1,0.02145750532,622090
S10-surge-supply-road,errra-no-rolling,100060,282436.6847,220553.4,4780.764706,21300,35802.52,0.7372883648,0.9928764841,0.916274202,0.8933333333,0.6900575511,0.08337917756,171,10000,0,0.654237893,5.826486179,0,0,0,1,0.005138746146,559020
S10-surge-supply-road,errra-no-rolling,100061,283059.9382,221370,4672.708235,20125,36892.23,0.7285641602,0.9938179404,0.9298245614,0.9108146067,0.6804293492,0.0701754386,149,10312,0,0.604471682,6.018891924,0,0,0,1,0.003954522986,588980
S10-surge-supply-road,errra-no-rolling,100062,278787.5858,217763.6,4709.450824,21025,35289.535,0.737842393,0.9945801753,0.9304725693,0.9115598886,0.6926957666,0.06952743074,128,9841,0,0.4543607293,5.694076378,0,0,0,1,0.0026272578,549010
S10-surge-supply-road,errra-no-rolling,100063,282999.8211,220956.8,4725.446118,21625,35692.575,0.7378147192,0.9909132213,0.9078877713,0.8821936357,0.6929584038,0.09193263099,220,10020,0,0.9115248818,5.82297719,0,0,0,1,0.008352694604,566805
S10-surge-supply-road,errra-no-rolling,100064,285088.8446,222590.6,4802.489647,20850,36845.755,0.7273307961,0.9919503881,0.9038461538,0.8774022531,0.678059921,0.09585431941,196,10396,0,0.7677696103,6.155563836,0,0,0,1,0.008264672939,590935
S10-surge-supply-road,errra-no-rolling,100065,281954.9281,219762.1,4723.418118,20650,36819.41,0.7271292737,0.9923064127,0.9124126814,0.8883528601,0.6765207839,0.0866167982,185,10303,0,0.7098452932,6.137864994,0,0,0,1,0.007213844727,603510
S10-surge-supply-road,errra-no-rolling,100066,282450.2712,220575.9,4699.636235,21125,36049.735,0.7310556404,0.9922961606,0.92376919,0.9037288136,0.6833886205,0.07581207453,185,10203,0,0.7366651266,5.977457327,0,0,10,1,,592920
S10-surge-supply-road,errra-no-rolling,100067,283729.3991,221353.9,4692.439059,19550,38133.06,0.7277285307,0.9934986956,0.9151047409,0.8923076923,0.6813973226,0.0848952591,157,10575,0,0.5904173174,6.164547484,0,0,0,1,0.008023219039,590270
S10-surge-supply-road,errra-no-rolling,100068,283793.4125,221859.2,4709.972471,21325,35899.24,0.7357875744,0.9871661752,0.9191096634,0.8992355803,0.684706663,0.08089033659,309,10086,0,1.332810081,5.867503299,6,8,10,1,0.01845236172,573095
S10-surge-supply-road,errra-no-rolling,100069,281351.1983,219221.5,4720.823294,21950,35458.875,0.731057531,0.9919583333,0.9305103149,0.912072575,0.684398563,0.06722645393,193,10111,0,0.8019541369,5.974238242,0,6,9,1,0.003510659529,608615
S10-surge-supply-road,errra-no-rolling,100070,281152.5929,219426.8,4664.152941,20350,36711.64,0.7248794808,0.9909654857,0.9339111593,0.9154539155,0.6776384333,0.06553868486,217,10341,0,0.9560422709,6.154385823,0,7,9,1,0.01273449618,610650
S10-surge-supply-road,errra-no-rolling,100071,279151.1325,217519.7,4692.332471,20350,36589.1,0.7248451592,0.9939279732,0.9306984299,0.9129526462,0.6705798224,0.06930157011,145,10398,0,0.5548900485,6.132429643,0,0,0,1,,591680
S10-surge-supply-road,errra-no-rolling,100072,284706.7609,222415.8,4711.425882,21100,36479.535,0.7364237002,0.9936391989,0.9208947081,0.8993006993,0.6894785135,0.07910529187,155,10204,0,0.5777475638,5.923507438,0,0,0,1,0.006113216879,563410
S10-surge-supply-road,errra-no-rolling,100073,279716.2327,218169.8,4684.092706,20950,35912.34,0.731446746,0.9912757618,0.9181127983,0.8955017301,0.6834504063,0.08188720174,207,10124,7,0.869513302,5.904569673,0,0,0,1,0.006705423231,588810
S10-surge-supply-road,errra-no-rolling,100074,278865.5891,216746.1,4703.839059,21525,35890.65,0.7278461309,0.9940855513,0.9334398296,0.9161554192,0.6785093952,0.06625571932,142,10387,0,0.5544823443,6.244203516,0,0,0,1,,578890
S10-surge-supply-road,errra-no-rolling,100075,281769.7649,219665.7,4764.189882,20625,36714.875,0.7298406143,0.9925432202,0.9167544784,0.8942048518,0.6818771371,0.0832455216,179,10380,0,0.6895011844,6.160546311,0,0,0,1,0.007923613505,595090
S10-surge-supply-road,errra-no-rolling,100076,282091.9916,219978.5,4636.666588,20825,36651.825,0.7340875607,0.9837035199,0.9257425743,0.9059233449,0.6910245456,0.07279115008,394,9991,0,1.801970025,5.79065461,8,9,10,1,0.03245779131,601505
S10-surge-supply-road,errra-no-rolling,100077,283507.5713,221515.8,4709.531294,20500,36782.24,0.7231847852,0.9918773311,0.9124797407,0.8891184573,0.6822326556,0.08752025932,196,10525,0,0.8090120998,6.368952642,0,0,0,1,0.004321931068,615285
S10-surge-supply-road,errra-no-rolling,100078,281618.0178,219455.7,4717.567765,21100,36344.75,0.7326301555,0.9911673232,0.9079297499,0.8849797023,0.685845777,0.09086054832,213,10294,0,0.8324848966,6.043434753,0,0,0,1,0.00650462269,575915
S10-surge-supply-road,errra-no-rolling,100079,286154.2872,222778.5,4744.492235,22000,36631.295,0.7325607665,0.9898977555,0.9229946524,0.9024556617,0.6860149682,0.07542695405,248,10430,0,1.051951434,6.070992864,0,7,10,1,0.01315339951,576515
S10-surge-supply-road,errra-no-rolling,100080,281928.0995,220252.4,4729.364471,20200,36746.335,0.742417553,0.9942282322,0.9241603467,0.9033149171,0.6960505283,0.0758396533,140,10242,0,0.5253993273,5.856967021,0,0,0,1,0.006891917606,528960
S10-surge-supply-road,errra-no-rolling,100081,278931.3959,216928.6,4701.400941,20875,36426.395,0.7293753241,0.9929728592,0.91101465,0.8868184955,0.6837969887,0.08898534997,167,10210,0,0.6275104204,6.156250853,0,0,0,1,0.00787198335,573920
S10-surge-supply-road,errra-no-rolling,100082,284107.0966,221542.9,4715.866588,22100,35748.33,0.7318188543,0.9911650566,0.9030906234,0.8761776581,0.6847673876,0.09661020832,214,10065,0,0.8286086841,5.841369756,0,0,0,1,0.009237209536,604240
S10-surge-supply-road,errra-no-rolling,100083,281234.2544,219885.1,4713.349412,20450,36185.805,0.7440013996,0.9922477407,0.912289916,0.8873144399,0.7007444751,0.08771008403,187,9747,0,0.7482290131,5.568235342,0,0,0,1,0.006427822268,546980
S10-surge-supply-road,errra-no-rolling,100084,277082.9565,215599.9,4676.391529,21225,35581.665,0.7279234634,0.9931350114,0.9186295503,0.8959616701,0.6770829147,0.0813084534,162,9916,0,0.6149520359,5.962488815,0,0,0,1,0.008158065762,590705
S10-surge-supply-road,errra-no-rolling,100085,283567.7494,221761.4,4752.829412,20650,36403.52,0.7329703211,0.9924368351,0.9208180388,0.8981106613,0.6873594416,0.0791819612,182,10108,0,0.7127560446,6.046324501,0,0,0,1,0.01039654367,567325
S10-surge-supply-road,errra-no-rolling,100086,283223.5751,220310.8,4724.155059,22025,36163.62,0.7160490511,0.9875,0.9033970276,0.8765264586,0.6642768563,0.09277295234,301,10790,0,1.306783184,6.350892509,0,8,9,1,0.01950928463,645345
S10-surge-supply-road,errra-no-rolling,100087,282660.7495,220427.3,4744.719529,21400,36088.73,0.7326195998,0.9873806559,0.9157333333,0.8938471941,0.6852120404,0.08409001943,304,10113,7,1.326159043,5.972088884,6,8,10,1,0.02026389715,601995
S10-surge-supply-road,errra-no-rolling,100088,286169.1016,223601.3,4746.286588,21325,36496.515,0.7258217341,0.9950411868,0.9361245303,0.9202749141,0.6743732057,0.06387546967,121,10568,0,0.4229059146,6.234502823,0,0,0,1,,593955
S10-surge-supply-road,errra-no-rolling,100089,285363.7619,223345,4754.061882,21425,35839.7,0.7472587427,0.9935711068,0.9345692475,0.9168399168,0.7064976595,0.06406843533,157,9864,0,0.6568892813,5.504018736,0,0,0,1,,537090
S10-surge-supply-road,errra-no-rolling,100090,280347.2533,218231.4,4697.423294,20800,36618.43,0.7249133058,0.990406463,0.9181475498,0.8949550795,0.6756869856,0.08185245019,228,10438,0,0.9678970924,6.253187887,0,7,9,1,0.006602648265,602680
S10-surge-supply-road,errra-no-rolling,100091,282795.3136,221223.1,4717.493647,19625,37229.72,0.7318721315,0.9949852874,0.9335894621,0.9160839161,0.6853400116,0.06641053787,121,10575,0,0.4503576248,6.079094911,0,0,0,1,0.003636363636,568420
S10-surge-supply-road,errra-no-rolling,100092,281260.7967,218207.2,4705.956706,21575,36772.64,0.718115863,0.9820386923,0.9226946438,0.9026798307,0.6653941744,0.07343620385,428,10663,0,1.919783267,6.546912503,8,10,12,1,0.02739641416,631610
S10-surge-supply-road,errra-no-rolling,100093,283458.3235,222218.3,4670.528471,20375,36194.495,0.7400925233,0.9940213582,0.9205914567,0.8992302309,0.6960463022,0.07940854326,145,9903,0,0.538859301,5.698430313,0,0,0,1,0.006383243939,559375
S10-surge-supply-road,errra-no-rolling,100094,284487.1647,222087,4703.604706,20450,37246.56,0.7316880156,0.9923509468,0.9174107143,0.8957446809,0.6847594721,0.08098357653,185,10348,0,0.736124743,6.194903092,0,0,0,1,0.005492993178,575615
S10-surge-supply-road,errra-no-rolling,100095,277922.5661,216847.4,4654.946118,19775,36645.22,0.7282018962,0.9923822422,0.9033998921,0.8772290809,0.6854089963,0.09660010793,180,10128,0,0.6984919381,6.122938017,0,0,0,1,0.007512607261,583890
S10-surge-supply-road,errra-no-rolling,100096,279901.388,218393.7,4712.508,20550,36245.18,0.7338573452,0.9941159164,0.9263381028,0.9057627119,0.6832491951,0.07366189719,140,10117,0,0.5266980382,5.961598191,0,0,0,1,,572215
S10-surge-supply-road,errra-no-rolling,100097,284094.2589,221343.6,4715.853882,21500,36534.805,0.7249926034,0.9897489106,0.9154175589,0.8923920493,0.6780444237,0.08097818809,247,10529,0,1.055672693,6.249885688,0,8,10,1,0.01486251761,611120
S10-surge-supply-road,errra-no-rolling,100098,281690.3184,219619.1,4738.033412,21425,35908.185,0.7329880457,0.9940491157,0.9325842697,0.9147766323,0.6858710021,0.06688287066,142,10248,0,0.5572217849,6.030359171,0,0,0,1,,558445
S10-surge-supply-road,errra-no-rolling,100099,285108.9826,222703.5,4717.937647,21575,36112.545,0.738800689,0.9886288998,0.9366684407,0.9190116678,0.6934614121,0.05905957643,277,10177,0,1.26872428,5.919712123,7,8,11,1,0.02862995758,558580
S10-surge-supply-road,errra-no-rolling,100100,278591.8241,217380.7,4692.799059,20500,36018.325,0.7254069744,0.9936130615,0.9198062433,0.8978605935,0.678946946,0.08019375673,151,10329,0,0.5474044986,6.303892441,0,0,0,1,0.003796061716,596665
S10-surge-supply-road,errra-no-essential-priority,100001,368962.4695,222727.9,4763.139529,107600,33871.43,0.5329967641,0.5438242084,0.5206434316,0.3848275862,0.4994720169,0.02798469916,11065,8873,0,51.97782417,3.529143225,41,45,50,1,0.02645932574,2529575
S10-surge-supply-road,errra-no-essential-priority,100002,368842.7341,218727.5,4790.779059,111775,33549.455,0.5271600735,0.529779119,0.5233187773,0.3892121755,0.5031803335,0.009056207349,11219,8975,0,53.41381805,3.678804385,42,46,49,1,0.02342162939,2551365
S10-surge-supply-road,errra-no-essential-priority,100003,366874.5599,219511,4788.364941,110100,32475.195,0.5512817028,0.5486855325,0.4997319035,0.3621399177,0.51031108,0.06199762733,10781,8523,0,51.19366016,3.351564411,41,46,49,1,0.02292490899,2434645
S10-surge-supply-road,errra-no-essential-priority,100004,366518.0845,221178.1,4770.519529,107550,33019.465,0.5627700384,0.5668051516,0.5431454419,0.4208204676,0.5215693236,0.0497271283,10427,8333,0,49.06961806,3.102994818,39,43,47,1,0.02576946651,2376650
S10-surge-supply-road,errra-no-essential-priority,100005,366265.7862,223127.3,4790.536235,104625,33722.95,0.5842183305,0.5896862842,0.5673542601,0.4455172414,0.5525462963,0.0577118425,9914,7882,0,46.74866288,2.820128508,37,42,46,1,0.04785477504,2262700
S10-surge-supply-road,errra-no-essential-priority,100006,368368.7424,220511.3,4721.257412,109575,33561.185,0.5374148741,0.5508994446,0.5430630631,0.4136416185,0.5126084678,0.02944367548,10835,8749,0,51.28212021,3.477867258,41,45,49,1,0.0264943179,2489015
S10-surge-supply-road,errra-no-essential-priority,100007,367295.5855,221859,4768.520471,107525,33143.065,0.5587194835,0.5597697818,0.5365591398,0.4067446662,0.5151834299,0.03067202532,10632,8541,0,50.25678864,3.27213666,40,44,48,1,0.02657878244,2405595
S10-surge-supply-road,errra-no-essential-priority,100008,363634.5252,221091.4,4670.205176,104875,32997.92,0.5812695893,0.5736572784,0.5396648045,0.4094827586,0.5678825312,0.04183246395,10248,8046,0,48.04437425,2.951559747,38,42,46,1,0.03074869304,2307780
S10-surge-supply-road,errra-no-essential-priority,100009,369049.7686,222395.6,4736.333647,108750,33167.835,0.5720057991,0.570609021,0.5529603476,0.4278745645,0.5504486252,0.02486814143,10329,8246,0,48.47563137,3.039828711,39,43,48,1,0.03081081922,2343570
S10-surge-supply-road,errra-no-essential-priority,100010,374206.5829,224837.9,4786.972941,110825,33756.71,0.5590318851,0.5612742087,0.5390946502,0.4106611759,0.5303344867,0.03034569891,10715,8428,0,49.66845,3.135275588,39,43,47,1,0.0280824684,2425170
S10-surge-supply-road,errra-no-essential-priority,100011,365172.5138,218097.5,4706.683765,109600,32768.33,0.558998516,0.560668402,0.5423608649,0.4147529576,0.5279646018,0.02668063341,10464,8350,0,49.88007806,3.201168126,40,43,47,1,0.02801424712,2377130
S10-surge-supply-road,errra-no-essential-priority,100012,368292.4208,220657.2,4750.430824,109625,33259.79,0.5406660457,0.5420168067,0.5255763689,0.3911234397,0.5147884031,0.09017415967,11009,8597,0,51.68916741,3.412195089,41,45,49,1,0.02584290341,2500695
S10-surge-supply-road,errra-no-essential-priority,100013,366167.1475,220752.9,4755.807529,107800,32858.44,0.5526301562,0.5502392344,0.5186374175,0.3877041742,0.5299589761,0.0505851597,10810,8400,0,51.13071776,3.287019517,40,44,48,1,0.02648256874,2436495
S10-surge-supply-road,errra-no-essential-priority,100014,368392.9679,221540.7,4762.912941,108575,33514.355,0.5515036641,0.5547017022,0.538585209,0.4083829592,0.5224754945,0.02201721509,10778,8511,0,50.62166103,3.256203532,40,44,48,1,0.02889526339,2458100
S10-surge-supply-road,errra-no-essential-priority,100015,367291.5279,220722.3,4680.657882,108200,33688.57,0.5401313487,0.538541364,0.5237084218,0.3928732521,0.515625,0.04417890215,11117,8680,0,52.26220539,3.412846876,41,45,49,1,0.02638332334,2505115
S10-surge-supply-road,errra-no-essential-priority,100016,365826.3494,217299.6,4737.229412,111275,32514.52,0.556279248,0.5662331102,0.5447966919,0.418189826,0.5257201064,0.0365986569,10305,8240,0,49.6403382,3.206521442,39,44,47,1,0.02461020014,2359285
S10-surge-supply-road,errra-no-essential-priority,100017,372925.5793,224974.3,4886.279294,109650,33415,0.547116344,0.5452836358,0.5261970854,0.3936500888,0.5225762481,0.02714022096,11126,8824,0,51.72605199,3.419104636,41,45,48,1,0.02659226362,2516920
S10-surge-supply-road,errra-no-essential-priority,100018,368526.0724,220811.4,4789.002353,109600,33325.67,0.546013345,0.5511377741,0.5315521181,0.4017957351,0.5102112676,0.0271528226,10849,8549,0,51.15792371,3.351176114,40,45,50,1,0.02979063334,2458640
S10-surge-supply-road,errra-no-essential-priority,100019,367267.9076,219450.5,4749.622588,109425,33642.785,0.532587371,0.5408550574,0.5321637427,0.4040677966,0.5034248547,0.01236907256,11008,8947,0,52.08783311,3.606231988,41,46,50,1,0.02320612466,2521215
S10-surge-supply-road,errra-no-essential-priority,100020,368018.5962,220686.4,4742.061176,109075,33515.135,0.5477519756,0.5526184952,0.543032049,0.4152073733,0.5224037955,0.01686099915,10798,8684,0,51.01259106,3.421487715,40,44,49,1,0.0307793888,2455715
S10-surge-supply-road,errra-no-essential-priority,100021,365209.6502,219741.8,4768.425176,107450,33249.425,0.5540977372,0.5508264289,0.5080128205,0.3730428863,0.5306920294,0.05209981416,10680,8330,0,50.7030289,3.257626382,40,45,49,1,0.02668752394,2413850
S10-surge-supply-road,errra-no-essential-priority,100022,366179.7383,220835.7,4766.723294,107150,33427.315,0.5712928393,0.5766239139,0.5537700865,0.428409862,0.5324858757,0.03130884031,10233,8156,0,48.20706549,2.970332009,38,43,47,1,0.02341220594,2336315
S10-surge-supply-road,errra-no-essential-priority,100023,373081.5767,223884.3,4851.096706,110200,34146.18,0.5369100659,0.5450036888,0.5257841574,0.3977042539,0.5115062762,0.02653760203,11101,8960,0,51.91521013,3.491155991,41,45,50,1,0.02394544598,2539070
S10-surge-supply-road,errra-no-essential-priority,100024,369458.5728,222147.8,4791.062824,108925,33594.71,0.5620814152,0.5622990022,0.5496103896,0.4254473161,0.5336907449,0.01804518202,10616,8360,0,49.47849835,3.157273813,39,44,48,1,0.02659282953,2401410
S10-surge-supply-road,errra-no-essential-priority,100025,368024.9218,222004.5,4731.451765,107800,33488.97,0.5642514687,0.5625258115,0.5264864865,0.3991769547,0.5274471487,0.04470329323,10593,8457,0,49.7808028,3.229563104,39,43,47,1,0.02643601489,2367505
S10-surge-supply-road,errra-no-essential-priority,100026,363243.7549,216829.6,4676.464941,109250,32487.69,0.5600153903,0.5648570945,0.5523949349,0.4284040309,0.5403781587,0.01941786773,10292,8270,0,49.57846496,3.233836725,40,44,49,1,0.02587140436,2346500
S10-surge-supply-road,errra-no-essential-priority,100027,365987.9631,221280,4721.023059,106950,33036.94,0.5717492084,0.5776954733,0.5444483486,0.4171723983,0.5410836024,0.05643125562,10262,8244,0,48.218565,3.038369561,39,42,46,1,0.02584787524,2336940
S10-surge-supply-road,errra-no-essential-priority,100028,364922.247,219275.1,4719.492,108750,32177.655,0.576747463,0.5789451688,0.5508190946,0.4267086331,0.5595449088,0.07677087269,10075,7982,0,47.93000823,2.927771079,38,43,47,1,0.02514796139,2291700
S10-surge-supply-road,errra-no-essential-priority,100029,364171.3796,219496.3,4693.414588,106975,33006.665,0.5743097629,0.5795345739,0.5583108715,0.4339014279,0.5489671225,0.0288208182,10100,8083,0,47.9052617,2.985280364,38,42,45,1,0.03542645618,2300510
S10-surge-supply-road,errra-no-essential-priority,100030,363258.4125,218526.3,4670.787529,107400,32661.325,0.5673079547,0.5673791626,0.4942339374,0.359527121,0.5058614565,0.08731204488,10302,8225,0,49.23805577,3.147605403,39,43,47,1,0.02268344805,2321300
S10-surge-supply-road,errra-no-essential-priority,100031,365875.6614,222073.8,4696.501412,106225,32880.36,0.5586960618,0.564589352,0.5485027793,0.4251141553,0.5352038733,0.02636353089,10550,8380,0,49.57537742,3.205779429,40,43,49,1,0.02722712765,2394900
S10-surge-supply-road,errra-no-essential-priority,100032,370182.8064,221824,4781.406353,110200,33377.4,0.5582733039,0.5646553504,0.5367895956,0.408956581,0.5320383886,0.05302273686,10541,8439,0,49.72869506,3.160735405,39,43,47,1,0.02596450003,2402200
S10-surge-supply-road,errra-no-essential-priority,100033,366472.7111,218505.1,4742.731059,110850,32374.88,0.5364008738,0.5422259625,0.5196936543,0.3855843247,0.5106105311,0.03054351693,10879,8678,0,52.24238393,3.501406335,42,47,50,1,0.023440572,2478475
S10-surge-supply-road,errra-no-essential-priority,100034,367626.5,220289.1,4737.06,109450,33150.34,0.5625160462,0.56291115,0.5486209335,0.4220058863,0.5348744292,0.03615228462,10498,8258,0,49.55356882,3.127437335,40,43,46,1,0.02901835668,2373945
S10-surge-supply-road,errra-no-essential-priority,100035,364403.4851,217724.1,4600.010118,109100,32979.375,0.5610562409,0.5684046627,0.5480876346,0.4240416469,0.5387671563,0.04871324791,10256,8318,0,49.2466009,3.204527137,40,43,47,1,0.02881816979,2344655
S10-surge-supply-road,errra-no-essential-priority,100036,365963.0525,218176.4,4761.867529,110400,32624.785,0.543774969,0.5473237186,0.5353570802,0.4086645824,0.5214424951,0.01582305169,10766,8621,0,51.45972996,3.443571808,41,46,49,1,0.02819297269,2451630
S10-surge-supply-road,errra-no-essential-priority,100037,365627.7844,220011.8,4669.194353,107500,33446.79,0.5697643061,0.5738384383,0.558739255,0.4327808471,0.5442216981,0.02614573951,10282,8173,0,48.51685955,3.027722345,38,42,46,1,0.0264074733,2341065
S10-surge-supply-road,errra-no-essential-priority,100038,368414.1014,221217.4,4775.586353,109225,33196.115,0.5603417061,0.5653525681,0.5424939046,0.4176457548,0.5358283079,0.03042906073,10485,8434,0,49.71327108,3.197433181,40,43,47,1,0.02985010676,2374020
S10-surge-supply-road,errra-no-essential-priority,100039,369094.6459,221938.7,4772.625882,109250,33133.32,0.5637111296,0.570089582,0.552838272,0.4291248861,0.5318176559,0.0308963454,10366,8347,0,48.95205918,3.161770635,39,41,49,1,0.03296592974,2372765
S10-surge-supply-road,errra-no-essential-priority,100040,364874.0692,218818.8,4714.869176,108075,33265.4,0.5545555737,0.5501113586,0.4777594728,0.3330995792,0.5102843856,0.08648668103,10706,8470,0,50.94109198,3.245914101,40,43,48,1,0.02125398146,2403000
S10-surge-supply-road,errra-no-essential-priority,100041,362861.6986,215861.5,4658.998588,108975,33366.2,0.5503689203,0.5530331854,0.525801195,0.3957033957,0.5012567325,0.03690134245,10573,8471,0,50.89952285,3.334766122,40,45,48,1,0.0245428359,2393100
S10-surge-supply-road,errra-no-essential-priority,100042,368663.8868,220999.9,4777.106824,109975,32911.88,0.5607977899,0.5659939497,0.5421416235,0.4141436464,0.5336714567,0.09900670187,10473,8275,0,49.61489078,3.164193787,39,43,48,1,0.02886056935,2384795
S10-surge-supply-road,errra-no-essential-priority,100043,368610.4458,221436.1,4748.395765,109025,33400.95,0.5541437282,0.560924894,0.5386383731,0.4081215971,0.5281264263,0.03042407021,10558,8411,0,50.25551919,3.194540535,39,44,47,1,0.02807768008,2412460
S10-surge-supply-road,errra-no-essential-priority,100044,360518.6788,214986.8,4679.863765,109200,31652.015,0.5538325333,0.5543524416,0.5367211349,0.405666897,0.5253020487,0.0248946507,10495,8240,0,50.53417719,3.246233867,40,44,48,1,0.02514609257,2377525
S10-surge-supply-road,errra-no-essential-priority,100045,370734.6356,223714.1,4821.785647,109050,33148.75,0.5496509493,0.5551443375,0.5331196581,0.404778157,0.5237425255,0.029987138,10818,8599,0,50.70922666,3.302930418,40,44,48,1,0.02329652011,2456775
S10-surge-supply-road,errra-no-essential-priority,100046,369117.1293,221380.2,4747.799294,110075,32914.13,0.5501801546,0.5502862833,0.5295474712,0.3973630371,0.5303828591,0.03812170177,10839,8561,0,51.13972799,3.351065409,41,43,51,1,0.02802636119,2452485
S10-surge-supply-road,errra-no-essential-priority,100047,366593.7662,220283.5,4755.136235,109050,32505.13,0.5677940858,0.5709286339,0.5500530598,0.4224744608,0.5451991975,0.05890055403,10299,8155,0,48.50024947,3.081807842,39,42,47,1,0.02806784904,2335360
S10-surge-supply-road,errra-no-essential-priority,100048,366780.3119,218438.4,4735.521882,110325,33281.39,0.5498582839,0.5497949619,0.5354659249,0.4056939502,0.5221457561,0.02059393771,10759,8586,0,51.3237401,3.357192259,40,44,48,1,0.0244801215,2436670
S10-surge-supply-road,errra-no-essential-priority,100049,372579.0824,225440.8,4823.857412,107800,34514.425,0.5495618332,0.551066172,0.495049505,0.3580939033,0.5100910877,0.06291595742,11011,8943,0,51.24766403,3.418257393,40,45,49,1,0.02340308006,2489140
S10-surge-supply-road,errra-no-essential-priority,100050,361945.6279,217355.4,4653.357882,107150,32786.87,0.5736270657,0.5768065954,0.5499723909,0.4276685393,0.5428724544,0.03704519577,10061,8091,0,48.23646286,3.0575051,39,43,46,1,0.02527263191,2280915
S10-surge-supply-road,errra-no-essential-priority,100051,365813.4371,219829.9,4703.102118,108500,32780.435,0.555385483,0.5590743501,0.5052341598,0.3698245614,0.5302188457,0.06371263718,10651,8446,0,50.25758983,3.181100459,39,43,47,1,0.02279105977,2432895
S10-surge-supply-road,errra-no-essential-priority,100052,365829.5889,222112.2,4780.893882,105925,33011.495,0.5826353093,0.5857971134,0.5669485553,0.4448961156,0.556054845,0.02481755446,10073,7926,0,47.08177758,2.857052728,38,42,46,1,0.02744784013,2281470
S10-surge-supply-road,errra-no-essential-priority,100053,365662.5478,218480.2,4772.222824,109775,32635.125,0.5532817535,0.5585525214,0.534127844,0.4089347079,0.5217853348,0.03268223591,10540,8348,0,50.15030575,3.226602124,40,43,47,1,0.02522140249,2400190
S10-surge-supply-road,errra-no-essential-priority,100054,369131.2338,222085.1,4776.758824,108250,34019.375,0.5438276408,0.547073582,0.5119363395,0.3756793478,0.5011326015,0.04429249669,11012,8816,0,51.55344099,3.466327708,41,46,49,1,0.02450262887,2499875
S10-surge-supply-road,errra-no-essential-priority,100055,370765.6065,222443.4,4806.536471,110100,33415.67,0.5317060086,0.534348295,0.4854054054,0.3448514167,0.5087013208,0.05851677922,11225,9002,0,52.69995812,3.587057403,42,45,50,1,0.02566756497,2550010
S10-surge-supply-road,errra-no-essential-priority,100056,371082.7905,222686.4,4753.875529,109850,33792.515,0.5418131558,0.5424639418,0.4922651934,0.358688067,0.4939519769,0.06268184563,11071,8811,0,52.0440436,3.431523577,41,45,49,1,0.02216994354,2508635
S10-surge-supply-road,errra-no-essential-priority,100057,369244.0531,221411.5,4772.623059,108975,34084.93,0.5505211543,0.5596341665,0.5508089438,0.4238750291,0.527572451,0.02265077181,10641,8643,0,50.27841624,3.357251949,40,44,48,1,0.02654996178,2436765
S10-surge-supply-road,errra-no-essential-priority,100058,373954.1445,224577.7,4758.884471,109950,34667.56,0.5324213515,0.5436073901,0.5335917313,0.4041499646,0.5124550898,0.0607579489,11141,9055,0,51.96223189,3.586450303,41,43,51,1,0.02878510839,2551230
S10-surge-supply-road,errra-no-essential-priority,100059,371007.0934,224523.9,4807.158353,108475,33201.035,0.5467132626,0.5508938046,0.5308574549,0.40361865,0.5203822016,0.02749359632,11004,8871,0,51.10104131,3.395817,40,45,49,1,0.02333921236,2491905
S10-surge-supply-road,errra-no-essential-priority,100060,367738.0083,219745.9,4803.443294,109625,33563.665,0.5388110564,0.5371380962,0.5081109367,0.3733333333,0.5014826443,0.03556708341,11111,8853,0,52.65862082,3.540853032,41,45,49,1,0.02270832783,2502200
S10-surge-supply-road,errra-no-essential-priority,100061,370054.803,221495.5,4749.048,109550,34260.255,0.533793916,0.5388764418,0.5224540311,0.3891904116,0.5052857911,0.02212544187,11114,8863,0,52.64556659,3.512130463,42,46,50,1,0.02667223018,2534630
S10-surge-supply-road,errra-no-essential-priority,100062,366298.7978,217094.1,4705.747765,111100,33398.95,0.5313446334,0.5354194013,0.5233761599,0.3941936947,0.4992947814,0.03067055386,10972,8898,0,52.68642301,3.632743666,42,46,50,1,0.02389328534,2502450
S10-surge-supply-road,errra-no-essential-priority,100063,368701.9827,222600,4746.252706,108425,32930.73,0.5562594147,0.5598281773,0.5414738341,0.4152099886,0.5295553618,0.02497731532,10657,8392,0,50.18847891,3.233201528,40,44,49,1,0.03096652445,2423970
S10-surge-supply-road,errra-no-essential-priority,100064,370174.8578,223018,4808.942824,108750,33597.915,0.555598435,0.5470861226,0.4968814969,0.3585155732,0.5290777701,0.0615561716,11028,8569,0,50.89942736,3.264072605,40,45,49,1,0.02395400792,2471065
S10-surge-supply-road,errra-no-essential-priority,100065,366410.4339,219473.5,4739.008941,108800,33397.925,0.5571650145,0.5603010896,0.5429022636,0.4146067416,0.5266418124,0.04764045541,10573,8276,0,49.47284309,3.150016859,40,43,47,1,0.03396757405,2406065
S10-surge-supply-road,errra-no-essential-priority,100066,365800.2792,220139.5,4664.529176,107850,33146.25,0.5521197951,0.5590905305,0.5451183432,0.4169234416,0.52743775,0.0620812333,10588,8552,0,50.17250102,3.309853635,40,44,48,1,0.02580104144,2415705
S10-surge-supply-road,errra-no-essential-priority,100067,370167.0899,223653,4757.409882,106950,34806.68,0.5584346129,0.556586194,0.5336273429,0.4083916084,0.5131414268,0.03184671793,10708,8618,0,50.28479925,3.26547939,40,43,47,1,0.0264287096,2416995
S10-surge-supply-road,errra-no-essential-priority,100068,368900.886,220201.6,4749.456,110625,33324.83,0.5464681011,0.5541388047,0.5168295331,0.3842946491,0.5169116345,0.04693613709,10735,8664,0,51.08707749,3.393881453,41,45,50,1,0.02336293492,2454075
S10-surge-supply-road,errra-no-essential-priority,100069,361722.782,218771.2,4717.632,105950,32283.95,0.5659603832,0.5738333333,0.5457869081,0.4245699162,0.5482680295,0.1149079888,10228,8269,0,48.64367818,3.173445365,39,42,48,1,0.03174329606,2344975
S10-surge-supply-road,errra-no-essential-priority,100070,369220.1207,222695.7,4740.600706,108375,33408.82,0.5551156715,0.5635954869,0.5406198423,0.4129364893,0.5292053295,0.04334548816,10482,8489,1,50.195065,3.271727128,40,43,48,1,0.02437420973,2409820
S10-surge-supply-road,errra-no-essential-priority,100071,363628.1841,218724.1,4728.139059,107675,32500.945,0.5858279909,0.596440536,0.5584938704,0.4362701252,0.5538053097,0.06305458655,9637,7769,0,46.2424232,2.791236553,38,41,45,1,0.03675124124,2204660
S10-surge-supply-road,errra-no-essential-priority,100072,370792.9873,223691.3,4719.647294,108925,33457.04,0.5541257328,0.5650443204,0.5424519835,0.4163040989,0.5249985516,0.06311266463,10599,8519,0,49.56261155,3.225941534,40,44,48,1,0.03281229974,2439580
S10-surge-supply-road,errra-no-essential-priority,100073,362713.3986,217606.9,4709.458588,107750,32647.04,0.5723916707,0.5711215071,0.5260303688,0.3951557093,0.5456144465,0.05451841172,10176,8074,0,48.38603703,3.010071766,38,44,47,1,0.02463914211,2309255
S10-surge-supply-road,errra-no-essential-priority,100074,364863.9335,218878.8,4754.823529,108475,32755.31,0.5495729619,0.5531675622,0.5348633497,0.40243079,0.5330542973,0.04873622433,10728,8630,0,50.99937352,3.40213316,41,45,49,1,0.02375166975,2432055
S10-surge-supply-road,errra-no-essential-priority,100075,368265.4009,221040.1,4763.980941,109400,33061.32,0.5623709462,0.5632159967,0.4984193888,0.3591644205,0.5379568345,0.07684747192,10485,8176,0,49.27908617,3.053969796,39,43,46,1,0.02179926538,2379940
S10-surge-supply-road,errra-no-essential-priority,100076,365747.516,220622.7,4696.416,106625,33803.4,0.5644675128,0.5708317823,0.5526026393,0.4259172154,0.5377273546,0.03155577655,10376,8387,0,48.76205164,3.186948353,39,44,48,1,0.02665377357,2354505
S10-surge-supply-road,errra-no-essential-priority,100077,366197.2211,220492,4724.126118,107875,33106.095,0.5561957719,0.5583920431,0.531926215,0.4024003623,0.5225257183,0.0383520135,10656,8471,0,50.22685319,3.227845381,40,43,47,1,0.02576144128,2411330
S10-surge-supply-road,errra-no-essential-priority,100078,368521.8637,220652.5,4805.808706,109850,33213.555,0.5577822853,0.5611030479,0.5426968262,0.4155087405,0.5284694411,0.02586302377,10584,8473,0,49.84879952,3.248181204,40,43,49,1,0.0256732668,2402875
S10-surge-supply-road,errra-no-essential-priority,100079,370213.6645,223385.3,4781.624471,108300,33746.74,0.549310936,0.5452360585,0.5247281656,0.3938716171,0.5293347749,0.02801966975,11164,8797,0,51.34922037,3.395324731,41,44,49,1,0.02719320729,2498680
S10-surge-supply-road,errra-no-essential-priority,100080,367224.1085,223131.7,4818.303529,105775,33499.105,0.5717171717,0.5756926121,0.551862165,0.4280319858,0.5416293142,0.06298073859,10292,8266,0,47.99587709,3.026383036,38,42,46,1,0.03071751594,2334350
S10-surge-supply-road,errra-no-essential-priority,100081,363999.4909,218852.6,4707.880941,108075,32364.01,0.5854460606,0.5846833579,0.5602773826,0.4355170052,0.5662464183,0.05393856961,9870,7727,0,46.91531412,2.819283356,38,43,46,1,0.03200539824,2229210
S10-surge-supply-road,errra-no-essential-priority,100082,368103.0687,220848.8,4735.668706,109425,33093.6,0.5513860307,0.5494591694,0.5341071429,0.4043378995,0.5358244572,0.02168774735,10913,8613,0,51.00290945,3.338753716,41,45,49,1,0.02888557896,2457125
S10-surge-supply-road,errra-no-essential-priority,100083,367289.5618,221006.8,4780.531765,107825,33677.23,0.5617489133,0.5604842053,0.5345900765,0.4049567985,0.5201522228,0.03630477137,10602,8436,0,49.57342654,3.192466592,39,44,47,1,0.02739744739,2398480
S10-surge-supply-road,errra-no-essential-priority,100084,359375.1809,215249.6,4690.185882,107200,32235.395,0.5728955881,0.577209933,0.56125,0.4387848333,0.5547585724,0.04313972163,9977,7956,0,48.24942511,3.026195884,38,43,46,1,0.02894597252,2280020
S10-surge-supply-road,errra-no-essential-priority,100085,367599.3118,221361,4725.931765,108150,33362.38,0.5531579373,0.5580950798,0.5374934452,0.4048582996,0.5341607494,0.02435543517,10634,8472,0,50.18682577,3.28685608,40,44,48,1,0.02725362472,2426510
S10-surge-supply-road,errra-no-essential-priority,100086,368819.1696,221758.4,4776.094588,109350,32934.675,0.5428928317,0.5481312292,0.5005307856,0.3616010855,0.495552067,0.05777711846,10881,8785,0,51.61498925,3.4672075,41,45,49,1,0.02376657764,2477565
S10-surge-supply-road,errra-no-essential-priority,100087,368227.8537,221763.8,4763.748706,108400,33300.305,0.5500647214,0.5523453715,0.5354666667,0.4117647059,0.5130450009,0.02234413435,10784,8599,0,50.75755338,3.363289467,40,44,48,1,0.02376297625,2442410
S10-surge-supply-road,errra-no-essential-priority,100088,368990.6501,222557,4710.410118,108500,33223.24,0.5514392858,0.5546084177,0.5317318035,0.3998161765,0.5263620387,0.08984629633,10868,8604,0,50.31999394,3.313573459,40,45,49,1,0.02812558316,2470870
S10-surge-supply-road,errra-no-essential-priority,100089,371593.8594,223969,4795.134353,108950,33879.725,0.5447383829,0.5471110929,0.5272628135,0.3991683992,0.5234579121,0.02512716456,11060,8794,0,51.4533983,3.430284239,41,45,50,1,0.02881921386,2505680
S10-surge-supply-road,errra-no-essential-priority,100090,366082.1044,218753.2,4739.334353,109425,33164.57,0.5581055621,0.5675334511,0.5478837877,0.4239031079,0.5285412262,0.06600958875,10278,8399,0,49.36162395,3.237296235,40,43,47,1,0.02797106806,2357090
S10-surge-supply-road,errra-no-essential-priority,100091,368399.7582,221598.8,4738.173176,107950,34112.785,0.5563405724,0.5709726885,0.5619389587,0.4392093772,0.5333681523,0.01983930693,10352,8645,0,49.18925035,3.300978149,40,42,49,1,0.02881251469,2388980
S10-surge-supply-road,errra-no-essential-priority,100092,366322.4638,217925.6,4699.123765,110225,33472.74,0.5393164957,0.539678543,0.4964108227,0.3582510578,0.4997322863,0.05153186645,10969,8813,0,51.8118728,3.53094316,40,44,49,1,0.02500554268,2485225
S10-surge-supply-road,errra-no-essential-priority,100093,368162.025,221934.8,4684.5,108000,33542.725,0.5538961386,0.5630231312,0.5362554113,0.409101356,0.5245997772,0.07546419444,10598,8460,0,49.61946418,3.206746711,40,44,48,1,0.02809988817,2437260
S10-surge-supply-road,errra-no-essential-priority,100094,370128.7898,222391.7,4755.614824,108950,34031.475,0.5508416605,0.5566856859,0.549202366,0.4207738369,0.5259143699,0.04677977684,10722,8619,0,50.50182082,3.314935283,40,44,48,1,0.0272646054,2445985
S10-surge-supply-road,errra-no-essential-priority,100095,365831.0585,217969.6,4708.983529,110200,32952.475,0.5712171864,0.5731093148,0.5500354862,0.4244212438,0.5528282364,0.03873947336,10087,7938,0,48.46020049,2.962719899,38,43,46,1,0.02669400453,2296540
S10-surge-supply-road,errra-no-essential-priority,100096,362860.6791,218430.8,4754.294118,106850,32825.585,0.574978204,0.57756483,0.5457609081,0.4174249318,0.5498904141,0.06473193766,10051,8071,0,48.02437014,3.002288579,39,43,46,1,0.02669706962,2287930
S10-surge-supply-road,errra-no-essential-priority,100097,368296.8186,221179.3,4777.433647,108625,33715.085,0.5343607951,0.539531023,0.52248394,0.389307745,0.5029709892,0.02104645929,11095,9017,0,52.50210651,3.601508916,42,46,49,1,0.0273453598,2532535
S10-surge-supply-road,errra-no-essential-priority,100098,363983.8359,219314.6,4697.920941,107250,32721.315,0.5621247363,0.5677227391,0.5385435169,0.4088737201,0.530513492,0.09548537558,10315,8282,0,49.04847448,3.162262671,40,44,47,1,0.0282314092,2355020
S10-surge-supply-road,errra-no-essential-priority,100099,370085.6459,223799.8,4779.340941,108200,33306.505,0.5481153112,0.5510262726,0.5382698469,0.4097838453,0.5295431123,0.03810056287,10937,8553,0,50.97200917,3.30092265,41,45,49,1,0.02577862272,2483705
S10-surge-supply-road,errra-no-essential-priority,100100,361148.3635,216653.9,4720.688471,107250,32523.775,0.5592217856,0.560866255,0.5436289319,0.415965431,0.5411037325,0.03387375913,10382,8236,0,49.73381769,3.230506989,40,43,49,1,0.02821267086,2358470
S10-surge-supply-road,errra-no-compound-awareness,100001,285104.9926,221366.9,4794.377647,21925,37018.715,0.7176980813,0.9817364776,0.9131367292,0.8896551724,0.665021748,0.07676105307,443,10588,0,2.038322882,6.364528646,8,9,16,1,0.03965156479,663325
S10-surge-supply-road,errra-no-compound-awareness,100002,281158.1832,219272.5,4753.893176,21200,35931.79,0.7230339756,0.9772412926,0.911637931,0.8873626374,0.6711117294,0.08661534407,543,10334,0,2.381179447,6.094124055,8,10,12,1,0.0232760662,646405
S10-surge-supply-road,errra-no-compound-awareness,100003,281820.5681,219929,4796.138118,21850,35245.43,0.7241280887,0.9881949096,0.9195710456,0.8991769547,0.6706975079,0.07466385169,282,10082,0,1.243173644,5.948228994,6,8,10,1,0.02025067844,618845
S10-surge-supply-road,errra-no-compound-awareness,100004,283190.4661,220768.8,4773.331059,21150,36498.335,0.7324180631,0.9938097216,0.9416846652,0.9253112033,0.6847606534,0.05740458796,149,10328,1,0.6638494181,6.056208359,0,0,13,1,,587705
S10-surge-supply-road,errra-no-compound-awareness,100005,284872.2564,223185.9,4778.526353,19700,37207.83,0.738695414,0.9947851999,0.9465891063,0.9319407008,0.6889617908,0.05317131536,126,10168,0,0.5498980441,5.785209527,0,0,10,1,,560015
S10-surge-supply-road,errra-no-compound-awareness,100006,281105.2855,219142.5,4692.260471,21350,35920.525,0.7355285915,0.9836690707,0.925606469,0.9068322981,0.6908739607,0.06458550516,394,9967,0,1.762284718,5.801832234,7,9,13,1,0.02729722947,592965
S10-surge-supply-road,errra-no-compound-awareness,100007,285816.9061,222542.8,4782.571059,22450,36041.535,0.7340103571,0.9871226864,0.9247311828,0.9036476256,0.6890044403,0.07030202886,311,10186,1,1.421526165,5.946681014,7,9,15,1,0.0151366236,593975
S10-surge-supply-road,errra-no-compound-awareness,100008,283892.2062,221841.5,4729.521176,21075,36246.185,0.7385221754,0.9926363523,0.9117318436,0.8879310345,0.6923136526,0.0879079475,177,10031,0,0.6690739185,5.832295296,0,0,0,1,0.0081103042,577430
S10-surge-supply-road,errra-no-compound-awareness,100009,285128.2344,222094.9,4763.929412,21800,36469.405,0.7269176041,0.983537726,0.917979359,0.8961672474,0.6780492534,0.07331297821,396,10075,0,1.81066271,5.888702446,8,10,13,1,0.02548649194,635090
S10-surge-supply-road,errra-no-compound-awareness,100010,286747.0835,223827.2,4794.728471,21050,37075.155,0.7274418852,0.9879212218,0.9104954715,0.8868563686,0.677677716,0.08431493129,295,10422,0,1.294060115,6.009822034,7,8,11,1,0.01952450492,610770
S10-surge-supply-road,errra-no-compound-awareness,100011,280016.4643,218622.7,4718.399294,21300,35375.365,0.7374031667,0.9845914854,0.9162132753,0.8928322895,0.6882515823,0.07521774441,367,9923,0,1.703459318,5.68387088,8,9,12,1,0.02479764324,586750
S10-surge-supply-road,errra-no-compound-awareness,100012,283441.8975,221290.2,4754.972471,21725,35671.725,0.74060125,0.991929445,0.9534883721,0.9424119241,0.6938807368,0.04349849063,194,9962,0,0.802879321,5.770744745,0,7,12,1,0.003406706019,554450
S10-surge-supply-road,errra-no-compound-awareness,100013,282091.4981,220776,4763.618118,21200,35351.88,0.7360517922,0.9913459538,0.9499467519,0.9361413043,0.6827533356,0.04505949033,208,9861,0,0.9623759646,5.69203114,0,8,12,1,0.0183853417,585235
S10-surge-supply-road,errra-no-compound-awareness,100014,284362.9502,222329.4,4839.580235,21075,36118.97,0.7344127501,0.9901255991,0.9201030928,0.8977572559,0.6852016378,0.07749681121,239,10100,0,1.068706665,5.730208097,0,8,11,1,0.01044827206,585205
S10-surge-supply-road,errra-no-compound-awareness,100015,282462.9458,220335.4,4678.070824,21225,36224.475,0.738271472,0.993566062,0.923943662,0.9035532995,0.6919891114,0.07557626122,155,9963,0,0.5847870793,5.855798993,0,0,0,1,0.004241212614,556460
S10-surge-supply-road,errra-no-compound-awareness,100016,279574.2259,217814.9,4775.085882,21425,35559.24,0.7302071646,0.9928021215,0.9405083829,0.9245024022,0.6799541441,0.0580634005,171,9945,0,0.753681597,6.007689992,0,6,10,1,0.007692307692,576405
S10-surge-supply-road,errra-no-compound-awareness,100017,288067.5968,224609.3,4845.386824,22650,35962.91,0.7284906539,0.981281674,0.9308731809,0.9114513981,0.6750208208,0.05613516239,458,10260,3,2.091417549,5.855610989,8,10,15,1,0.0229019485,650265
S10-surge-supply-road,errra-no-compound-awareness,100018,282832.6286,220542.1,4709.038588,21600,35981.49,0.741524567,0.9906495656,0.9211373391,0.8997271487,0.6942892431,0.07627494956,226,9848,0,0.974602334,5.860376087,0,8,10,1,0.008782452639,544900
S10-surge-supply-road,errra-no-compound-awareness,100019,283507.3005,221156,4784.480471,22400,35166.82,0.7469185079,0.9902815433,0.9367357788,0.92,0.6977119044,0.06247495518,233,9928,0,1.042412474,5.470375732,0,9,12,1,0.0105437902,544460
S10-surge-supply-road,errra-no-compound-awareness,100020,283114.164,220828.9,4704.864,21175,36405.4,0.7261509831,0.9841315877,0.9240641711,0.9031377899,0.6824007624,0.06513280403,383,10173,0,1.709367629,6.053631631,7,9,10,1,0.02729278891,641980
S10-surge-supply-road,errra-no-compound-awareness,100021,278741.7377,217262.1,4712.892706,20425,36341.745,0.7291310135,0.9887286033,0.9129273504,0.8890401634,0.6791965623,0.08480771324,268,10282,0,1.178122928,6.071510064,0,8,11,1,0.01629592529,602625
S10-surge-supply-road,errra-no-compound-awareness,100022,284348.4655,222303.7,4774.695529,20525,36745.07,0.741940664,0.9935457178,0.9366197183,0.9193884642,0.6961293826,0.06338028169,156,10143,0,0.6256603521,5.83265754,0,0,11,1,,543190
S10-surge-supply-road,errra-no-compound-awareness,100023,285621.2028,223419.2,4791.367765,20750,36660.635,0.7335592135,0.9895073367,0.9207868155,0.8993923025,0.6907100649,0.07610115128,256,10268,0,1.111257699,5.885761545,0,8,13,1,0.01540739723,604495
S10-surge-supply-road,errra-no-compound-awareness,100024,284822.5768,222155.1,4865.846824,21300,36501.63,0.7328841585,0.9910942525,0.92823219,0.9097643098,0.6808556527,0.0693435676,216,10231,23,0.907730274,5.818298952,0,7,10,1,0.006342397241,600545
S10-surge-supply-road,errra-no-compound-awareness,100025,282456.3857,219561.4,4692.660706,21475,36727.325,0.7291646971,0.9746840671,0.9172972973,0.8950617284,0.6793031386,0.06336057387,613,10415,0,2.891225615,6.101843474,9,10,12,1,0.04620036716,619790
S10-surge-supply-road,errra-no-compound-awareness,100026,275355.7416,214699.5,4629.881647,20925,35101.36,0.735451335,0.9925587688,0.9220010758,0.9005486968,0.6912264657,0.07775418602,176,9656,0,0.7372278869,5.691712586,0,0,0,1,,586165
S10-surge-supply-road,errra-no-compound-awareness,100027,285361.6646,222057.4,4742.314588,22150,36411.95,0.7295560514,0.9802469136,0.9323804288,0.9145480226,0.675439105,0.05338405985,480,10420,0,2.300282758,5.950154307,9,11,13,1,0.03016856143,627275
S10-surge-supply-road,errra-no-compound-awareness,100028,281948.0888,219866.7,4749.518824,21925,35406.87,0.7304049751,0.9800651956,0.9422028353,0.9261324042,0.679167899,0.04740435156,477,10019,0,2.267030333,5.759169184,9,11,17,1,0.03016226865,614875
S10-surge-supply-road,errra-no-compound-awareness,100029,280947.8951,218338.1,4642.370118,21225,36742.425,0.7273207823,0.9860538695,0.9337349398,0.9156794425,0.6739795318,0.05724521658,335,10435,0,1.557351156,6.160086203,7,9,13,1,0.02456676999,610280
S10-surge-supply-road,errra-no-compound-awareness,100030,280616.5586,218640.7,4753.618588,21675,35547.24,0.7422158548,0.9844202746,0.9236683141,0.9033379694,0.6953779012,0.06612698072,371,9923,0,1.749677102,5.811051985,7,8,13,1,0.02830243458,557275
S10-surge-supply-road,errra-no-compound-awareness,100031,283296.8501,220470.4,4670.870118,22525,35630.58,0.7386336106,0.990466364,0.935828877,0.9184372858,0.6920703906,0.06178775888,231,9939,0,1.04313292,5.737503028,0,8,11,1,0.01692411554,569090
S10-surge-supply-road,errra-no-compound-awareness,100032,284739.7238,222080.7,4753.358824,21975,35930.665,0.7481050425,0.9883120638,0.9297587131,0.9104788341,0.7053320861,0.06593892654,283,9889,0,1.319139767,5.604504892,7,9,15,1,0.01826439541,525435
S10-surge-supply-road,errra-no-compound-awareness,100033,279307.8484,216839.9,4701.438353,22500,35266.51,0.7252730748,0.9839680202,0.9119256018,0.8873337999,0.6747375787,0.08240693074,381,10340,0,1.781029475,6.227607865,8,10,13,1,0.02242182055,603390
S10-surge-supply-road,errra-no-compound-awareness,100034,283439.5762,220926.7,4793.721176,21675,36044.155,0.7354232822,0.9851777833,0.9481641469,0.9340659341,0.6879297098,0.04166020201,356,10047,0,1.698095246,5.758732518,8,9,13,1,0.0275924047,594815
S10-surge-supply-road,errra-no-compound-awareness,100035,278907.1722,217554.7,4621.312235,20350,36381.16,0.7253664467,0.9939822413,0.9382239382,0.9229137199,0.6771084337,0.06165531799,143,10389,0,0.5817188029,6.185183667,0,0,10,1,,599385
S10-surge-supply-road,errra-no-compound-awareness,100036,280686.2468,219096.8,4761.926824,21975,34852.52,0.7396135859,0.9925997561,0.9229940765,0.9011142061,0.6911835075,0.07608153825,176,10006,0,0.7351118478,5.723415279,0,0,0,1,,536925
S10-surge-supply-road,errra-no-compound-awareness,100037,282132.0284,220271,4646.293412,20850,36364.735,0.7362871474,0.9745513325,0.93483023,0.9178947368,0.6941340512,0.05442478432,614,9890,0,2.767332094,5.613923197,9,11,13,1,0.03270048979,626235
S10-surge-supply-road,errra-no-compound-awareness,100038,285211.9164,223015.9,4816.026353,21750,35629.99,0.7400458648,0.9835012229,0.9305480195,0.911988912,0.6886126908,0.05830603829,398,9864,0,1.846982647,5.494588759,8,9,14,1,0.02780855216,603540
S10-surge-supply-road,errra-no-compound-awareness,100039,284252.1991,221481.1,4765.694118,21500,36505.405,0.7227269062,0.9756967485,0.9277688604,0.9085948158,0.6760859003,0.05652246417,586,10383,0,2.638662294,6.085078077,10,11,13,1,0.02971135997,676640
S10-surge-supply-road,errra-no-compound-awareness,100040,280014.0744,218676.2,4725.289412,20550,36062.585,0.7313894771,0.992688154,0.9132344865,0.889200561,0.6844646689,0.08664243653,174,9940,0,0.6616582409,5.802560135,0,0,0,1,0.006467844846,581725
S10-surge-supply-road,errra-no-compound-awareness,100041,277561.5748,216275.9,4671.914824,20400,36213.76,0.7329400008,0.9873176918,0.9288430201,0.9099099099,0.686318703,0.06351405725,300,10079,0,1.393065741,6.008774692,7,8,11,1,0.02366583411,567435
S10-surge-supply-road,errra-no-compound-awareness,100042,282876.4243,220693.2,4764.419294,21525,35893.805,0.728913146,0.9849156686,0.932482722,0.9158110883,0.6752519376,0.05779674341,364,10126,0,1.743318823,5.82551041,8,9,13,1,0.0361051186,617795
S10-surge-supply-road,errra-no-compound-awareness,100043,282689.4038,220653,4734.103765,21250,36052.3,0.7354663293,0.9814938035,0.9372294372,0.9222222222,0.6895566772,0.04809328602,445,9954,1,2.075025329,5.680710161,9,10,13,1,0.02965487612,608035
S10-surge-supply-road,errra-no-compound-awareness,100044,277746.5511,215638.1,4712.611059,23025,34370.84,0.7313007512,0.9766878981,0.9249329759,0.9041752225,0.6833649538,0.05694838427,549,9736,0,2.661041433,5.863879705,9,10,13,1,0.04116704258,610665
S10-surge-supply-road,errra-no-compound-awareness,100045,284407.1002,221471.9,4790.980235,21700,36444.22,0.7341721269,0.9907064726,0.9337606838,0.9167235495,0.681979075,0.06318286173,226,10366,0,1.018976085,6.186624861,0,8,11,1,0.01473153526,568335
S10-surge-supply-road,errra-no-compound-awareness,100046,282466.7279,220274.4,4752.657882,22000,35439.67,0.730847604,0.9844826156,0.9350161117,0.9174061433,0.6788944233,0.05498689943,374,9952,0,1.793314487,5.768794786,8,9,13,1,0.03482182177,609980
S10-surge-supply-road,errra-no-compound-awareness,100047,281061.4895,218824.1,4755.999529,22375,35106.39,0.740725195,0.988834729,0.9196332255,0.8972413793,0.6930827779,0.07872991489,268,9775,0,1.182733581,5.531371859,0,8,11,1,0.01076274694,564205
S10-surge-supply-road,errra-no-compound-awareness,100048,280347.4873,218758.4,4720.847294,20975,35893.24,0.7330856128,0.9901246966,0.9239956569,0.9032033426,0.6828625758,0.07565663796,236,9747,0,1.036600359,5.823987307,0,7,9,1,0.008157311353,599340
S10-surge-supply-road,errra-no-compound-awareness,100049,286350.3116,224349.6,4776.886588,20525,36698.825,0.736318869,0.9900925511,0.9235423542,0.9039943938,0.6882256981,0.07327499709,243,10015,0,1.056275812,5.554883376,0,8,12,1,0.01321758389,615610
S10-surge-supply-road,errra-no-compound-awareness,100050,278016.92,217020.1,4675.44,20450,35871.38,0.7365444911,0.9927652057,0.937603534,0.9206460674,0.6865014542,0.06221327112,172,9827,0,0.708743152,5.822322932,0,0,11,1,,565565
S10-surge-supply-road,errra-no-compound-awareness,100051,283568.2869,221606.2,4725.201882,21650,35586.885,0.7286312737,0.9858834244,0.923415978,0.9024561404,0.6727885984,0.06808150599,341,10065,0,1.560684283,5.74960391,7,8,12,1,0.03291489394,645925
S10-surge-supply-road,errra-no-compound-awareness,100052,284467.6598,222436,4794.139765,20700,36537.52,0.7345763531,0.9819071508,0.9277748274,0.9092140921,0.6851639488,0.05951634205,440,10185,0,1.984991039,5.863334944,8,9,13,1,0.03409703417,609985
S10-surge-supply-road,errra-no-compound-awareness,100053,279560.1968,218122.9,4738.946824,21025,35673.35,0.7286485457,0.9881052103,0.9127843987,0.889347079,0.6781294907,0.08303612988,284,10097,0,1.259713446,5.979630964,6,8,10,1,0.01465921225,599700
S10-surge-supply-road,errra-no-compound-awareness,100054,283567.7889,221030,4753.168941,21175,36609.62,0.7282203322,0.9837946777,0.9023872679,0.8756793478,0.6796233142,0.08858285032,394,10206,0,1.729859881,5.910801964,8,9,12,1,0.02221238504,626795
S10-surge-supply-road,errra-no-compound-awareness,100055,284486.5284,222158.4,4765.033412,21500,36063.095,0.7268106223,0.9896706214,0.9054054054,0.8818244644,0.6733316427,0.09187588991,249,10450,0,1.020240038,6.157041309,0,8,11,1,0.01288432674,595340
S10-surge-supply-road,errra-no-compound-awareness,100056,285904.7205,222744,4731.020471,21775,36654.7,0.7273422613,0.9836756623,0.9005524862,0.8743893929,0.6762456592,0.09162372951,395,10303,0,1.771807768,6.065792652,8,10,13,1,0.01792266241,634375
S10-surge-supply-road,errra-no-compound-awareness,100057,282966.3506,221080.6,4766.650588,20750,36369.1,0.7468583371,0.994289025,0.9389152185,0.9230769231,0.7031935241,0.0609654782,138,10147,0,0.5739149721,5.620722917,0,0,10,1,,531570
S10-surge-supply-road,errra-no-compound-awareness,100058,285988.4088,223372.4,4757.203765,21000,36858.805,0.7341674738,0.9873417722,0.9147121535,0.8922237381,0.6943023761,0.0807309732,309,10185,0,1.291087657,5.773189858,0,8,13,1,0.01322985265,621145
S10-surge-supply-road,errra-no-compound-awareness,100059,287818.4701,224180.2,4782.115059,22850,36006.155,0.733553025,0.9768998449,0.9382850901,0.9227557411,0.6841436411,0.04464663679,566,10515,0,2.683476736,5.987429741,9,11,15,1,0.03596871205,618420
S10-surge-supply-road,errra-no-compound-awareness,100060,282234.8065,220932,4787.996471,21175,35339.81,0.7342456862,0.9789210581,0.9262166405,0.906,0.6804921611,0.0614783335,506,9703,0,2.315389569,5.526031806,9,11,14,1,0.02665174759,625330
S10-surge-supply-road,errra-no-compound-awareness,100061,283277.5979,221776.9,4699.917882,20450,36350.78,0.7357808483,0.9927391918,0.9287280702,0.9094101124,0.6860674636,0.07073047874,175,9988,0,0.7492544437,5.667362896,0,0,11,1,,586935
S10-surge-supply-road,errra-no-compound-awareness,100062,278031.4956,216792.3,4723.565647,20900,35615.63,0.7288809109,0.9789134945,0.9310157523,0.9122562674,0.678817125,0.06148960101,498,10152,0,2.207585448,5.899313501,9,10,12,1,0.02722498118,615315
S10-surge-supply-road,errra-no-compound-awareness,100063,283694.8867,221111.1,4798.296706,21575,36210.49,0.726772649,0.9776960886,0.9184753838,0.8957345972,0.6730062423,0.07636263685,540,10313,1,2.438753116,6.123318808,8,9,13,1,0.0363047324,639095
S10-surge-supply-road,errra-no-compound-awareness,100064,286878.6324,223965.8,4796.442353,21450,36666.39,0.7315625582,0.9903897491,0.9043659044,0.8780649437,0.681079198,0.09515485284,234,10290,0,0.967816964,6.039855747,0,0,0,1,0.007536103556,597510
S10-surge-supply-road,errra-no-compound-awareness,100065,283373.3918,221542.4,4767.751765,20750,36313.24,0.7400768764,0.9933460867,0.938205266,0.9214334941,0.6905859505,0.06091738711,160,9983,0,0.6670630246,5.797181199,0,0,0,1,,554220
S10-surge-supply-road,errra-no-compound-awareness,100066,283515.9853,220679.9,4716.035294,21600,36520.05,0.7249064101,0.9903389689,0.936474325,0.92,0.6710314458,0.06089362375,232,10448,0,1.054844702,6.284662063,0,8,13,1,0.02029220779,605100
S10-surge-supply-road,errra-no-compound-awareness,100067,285278.1975,222660,4746.932471,19975,37896.265,0.7334509914,0.9926290944,0.9178610805,0.8958041958,0.6874734771,0.08124446513,178,10350,0,0.7077011848,6.006110197,0,0,0,1,0.008834421383,592020
S10-surge-supply-road,errra-no-compound-awareness,100068,283035.7071,221190.2,4740.427059,21000,36105.08,0.7243556944,0.988952112,0.9267100977,0.9089645587,0.6707716929,0.06913127161,266,10077,9,1.225334565,5.936754369,7,8,12,1,0.02357270797,634090
S10-surge-supply-road,errra-no-compound-awareness,100069,282707.5665,220419.5,4776.416471,22400,35111.65,0.7369296964,0.9866666667,0.9467969598,0.9330076762,0.6895306147,0.04625774957,320,9987,0,1.460809736,5.741218813,7,9,13,1,0.01877817589,594115
S10-surge-supply-road,errra-no-compound-awareness,100070,282014.9569,220163.7,4671.741882,20700,36479.515,0.7321644987,0.989633207,0.9561213434,0.9438669439,0.6834072931,0.03691001544,249,10298,0,1.156843338,6.021370284,6,8,12,1,0.01517103995,580455
S10-surge-supply-road,errra-no-compound-awareness,100071,281129.1743,219264.4,4716.659294,21050,36098.115,0.7378572205,0.9896147404,0.9420682187,0.9275766017,0.6876030431,0.0537286289,248,10066,0,1.128615563,5.838408671,6,8,10,1,0.02619988802,558655
S10-surge-supply-road,errra-no-compound-awareness,100072,284800.1318,222587.2,4740.871765,21050,36422.06,0.7377929623,0.9941726855,0.9323513366,0.913986014,0.6884844777,0.06729497323,142,10180,0,0.5344122642,5.859364822,0,0,0,1,,571385
S10-surge-supply-road,errra-no-compound-awareness,100073,282036.848,220216,4732.128,21350,35738.72,0.7250176698,0.980064905,0.9159436009,0.892733564,0.669421325,0.07913208762,473,10162,0,2.15370779,5.80443647,8,9,11,1,0.03702505427,657225
S10-surge-supply-road,errra-no-compound-awareness,100074,282197.2954,219773.9,4754.245412,22300,35369.15,0.7349250822,0.9850056229,0.9478168264,0.9345603272,0.6805226591,0.04324834528,360,10156,0,1.694395262,5.889673935,7,8,12,1,0.04017392977,585350
S10-surge-supply-road,errra-no-compound-awareness,100075,282523.1303,220486.5,4774.235294,20900,36362.395,0.7297731352,0.9902103728,0.9157007376,0.8928571429,0.679401014,0.08175195525,235,10269,0,0.9965610218,5.968068883,0,0,0,1,0.009530890817,601955
S10-surge-supply-road,errra-no-compound-awareness,100076,283030.8755,220649,4682.480471,21225,36474.395,0.7372909993,0.979608719,0.9235423542,0.9031358885,0.689276837,0.06069518242,493,9951,0,2.384876698,5.712690753,9,11,17,1,0.02804495953,589700
S10-surge-supply-road,errra-no-compound-awareness,100077,284675.083,221901.2,4738.248,21825,36210.635,0.7226878341,0.9769581434,0.9141004862,0.891184573,0.6748409126,0.07064587774,556,10429,0,2.591044396,6.011161254,9,10,14,1,0.03919896259,663010
S10-surge-supply-road,errra-no-compound-awareness,100078,279979.7354,218128.6,4737.085412,20850,36264.05,0.7336713996,0.9893427327,0.9201703034,0.900541272,0.6878407205,0.07656350176,257,10086,0,1.120711623,5.995240027,0,8,12,1,0.01677823508,577345
S10-surge-supply-road,errra-no-compound-awareness,100079,288477.6564,224943.1,4789.326353,22675,36070.23,0.7418900421,0.9870870504,0.922459893,0.9017735334,0.697731689,0.07324017175,317,10100,0,1.502804178,5.695961301,7,10,18,1,0.01659398778,567655
S10-surge-supply-road,errra-no-compound-awareness,100080,284067.1127,222461.3,4767.612706,20600,36238.2,0.744143421,0.9918370712,0.9284940412,0.908839779,0.6953097587,0.06924351539,198,10004,0,0.8480549324,5.480888354,0,6,9,1,0.00495564629,570715
S10-surge-supply-road,errra-no-compound-awareness,100081,280241.9814,219154.5,4767.786353,20950,35369.695,0.7420516879,0.9840521776,0.9262072708,0.906142167,0.6936085352,0.0684584476,379,9547,33,1.760543131,5.46611904,7,9,16,1,0.0226584235,569960
S10-surge-supply-road,errra-no-compound-awareness,100082,285613.9492,222296.1,4772.529176,22750,35795.32,0.7276762297,0.9867888696,0.9177579885,0.8950201884,0.677862922,0.07948966305,320,10192,0,1.399508564,5.899622053,7,9,14,1,0.01428447147,616350
S10-surge-supply-road,errra-no-compound-awareness,100083,282601.3032,220029,4734.393176,21025,36812.91,0.7308132259,0.9893872813,0.9164915966,0.8927125506,0.6786251636,0.08037492942,256,10318,0,1.144410342,6.0032163,0,8,10,1,0.01754147034,593490
S10-surge-supply-road,errra-no-compound-awareness,100084,280333.6958,217894.5,4755.415765,21600,36083.78,0.7217840182,0.9939825409,0.9496788009,0.9356605065,0.6689240786,0.04901927726,142,10161,0,0.6361013569,6.307922087,0,0,11,1,,593595
S10-surge-supply-road,errra-no-compound-awareness,100085,283794.6456,221837.9,4812.425647,21000,36144.32,0.7302746853,0.9873254654,0.9213424227,0.8987854251,0.6824932144,0.07242476341,305,9893,0,1.40545399,5.859166509,7,8,12,1,0.02322268664,626365
S10-surge-supply-road,errra-no-compound-awareness,100086,285027.6529,222234.2,4781.872941,22400,35611.58,0.7265523216,0.9906146179,0.9171974522,0.894165536,0.6756898155,0.08154604086,226,10501,0,0.9545482508,6.005708299,0,7,10,1,0.008248401001,617220
S10-surge-supply-road,errra-no-compound-awareness,100087,283652.971,220512.7,4786.416,22150,36203.855,0.7312038186,0.9938563719,0.9461333333,0.9323867478,0.6802343811,0.05386666667,148,10496,0,0.6460375362,6.072380131,0,0,11,1,,566175
S10-surge-supply-road,errra-no-compound-awareness,100088,285514.9733,222820.5,4705.823294,21775,36213.65,0.728277261,0.9875414942,0.9345142244,0.9182130584,0.675923445,0.05758483223,304,10353,0,1.333734236,6.05546288,7,9,11,1,0.02194786568,613260
S10-surge-supply-road,errra-no-compound-awareness,100089,285136.296,222782.4,4711.716,21450,36192.18,0.7391414276,0.9918922239,0.9154852781,0.8925848926,0.6937450637,0.08309317362,198,10216,0,0.8001882386,5.711489328,0,0,0,1,0.002054789645,584115
S10-surge-supply-road,errra-no-compound-awareness,100090,280356.9619,218474.8,4728.916941,20825,36328.245,0.725595937,0.9918370782,0.9278406031,0.9073946095,0.6758464022,0.07142468801,194,10135,1,0.7939799034,6.045982033,0,0,0,1,0.00667259617,614720
S10-surge-supply-road,errra-no-compound-awareness,100091,283444.7334,221733.6,4752.673412,20425,36533.46,0.7412120482,0.9954411704,0.9429198683,0.927972028,0.6937006357,0.05708013172,110,10164,0,0.4230983645,5.6447754,0,0,0,1,,562185
S10-surge-supply-road,errra-no-compound-awareness,100092,280528.2392,217847.3,4688.949176,21975,36016.99,0.7276620118,0.9892987536,0.9171728327,0.8956276446,0.6792722935,0.07915339802,255,9968,0,1.033014417,6.020456033,0,4,15,1,0.0010976199,600835
S10-surge-supply-road,errra-no-compound-awareness,100093,285612.7395,223634.9,4694.619529,20600,36683.22,0.7314017542,0.9865171319,0.9337349398,0.9160251924,0.681442726,0.0583285523,327,10233,0,1.512398241,6.012782116,7,8,10,1,0.03081769299,612065
S10-surge-supply-road,errra-no-compound-awareness,100094,284000.9962,221968.6,4734.316235,20550,36748.08,0.7344779022,0.9860249731,0.9391741071,0.9234042553,0.6880877743,0.05293917481,338,10259,1,1.587458263,5.83067534,7,8,12,1,0.03211082894,612180
S10-surge-supply-road,errra-no-compound-awareness,100095,278005.7915,216260.6,4704.836471,20075,36965.355,0.727407245,0.9936941893,0.9314624933,0.9128943759,0.6773051065,0.06853750675,149,10292,0,0.6119954643,6.320792459,0,0,0,1,,569905
S10-surge-supply-road,errra-no-compound-awareness,100096,281605.2429,219582.3,4769.997882,20950,36302.945,0.7332034656,0.9913840205,0.9480657128,0.933559322,0.6781213976,0.04738547975,205,10097,0,0.912345429,6.027953357,0,7,10,1,0.01116929026,570490
S10-surge-supply-road,errra-no-compound-awareness,100097,283938.8143,221280.3,4743.719294,21625,36289.795,0.7231232685,0.9753475825,0.9266595289,0.9067854695,0.67305452,0.05874324637,594,10408,0,2.810428646,6.096882649,9,10,14,1,0.04250197238,669290
S10-surge-supply-road,errra-no-compound-awareness,100098,280807.8494,218662.3,4755.114353,22000,35390.435,0.7312570996,0.9696588718,0.9598715891,0.9498281787,0.6783142277,0.03746411251,724,10197,0,3.349037044,5.670444096,9,10,13,1,0.05626411628,652795
S10-surge-supply-road,errra-no-compound-awareness,100099,286463.3769,223579.1,4787.116941,22075,36022.16,0.7388140414,0.9904761905,0.9489089941,0.9347975292,0.6882622393,0.04539806865,232,10073,0,1.085891114,5.832627882,7,8,11,1,0.02562265357,573555
S10-surge-supply-road,errra-no-compound-awareness,100100,279453.8337,217782.1,4753.608706,21150,35768.125,0.7238324731,0.9840115049,0.9203444564,0.8985507246,0.6700778554,0.06934809735,378,10435,0,1.736194331,6.139158532,7,9,12,1,0.02934836201,625845
S14-extreme,equity-constrained-rolling-horizon,100001,266403.2098,187587,4428.079765,32925,41463.13,0.2943195041,0.2821616103,0.263644529,0.08973940304,0.2384591499,0.08128162633,19686,27840,22433,83.70811593,22.14691634,60,60,60,0,,4348060
S14-extreme,equity-constrained-rolling-horizon,100002,263440.0436,185909.9,4413.413647,33425,39691.73,0.301739298,0.2883089925,0.2728407795,0.1020914332,0.2519727939,0.08580296449,19200,27059,21873,83.07019018,21.8376334,60,60,60,0,,4207695
S14-extreme,equity-constrained-rolling-horizon,100003,262930.7715,186679.3,4438.076471,32925,38888.395,0.2982865108,0.2837267816,0.2718257194,0.09709716436,0.2438458292,0.05438510682,19358,26778,21852,83.50667495,21.63927808,60,60,60,0,,4258750
S14-extreme,equity-constrained-rolling-horizon,100004,266430.2553,187918,4491.875294,32925,41095.38,0.2968348406,0.2895423635,0.2732005797,0.1001461988,0.2407792568,0.1267994203,19328,27370,22375,83.0135635,22.01728939,60,60,60,0,,4268550
S14-extreme,equity-constrained-rolling-horizon,100005,269872.9407,190822.3,4504.800706,33900,40645.84,0.3080498102,0.2963424924,0.2816931329,0.1076141462,0.2487910736,0.0978277689,19181,26788,21681,82.62911058,21.26133797,60,60,60,0,,4237610
S14-extreme,equity-constrained-rolling-horizon,100006,265648.3071,188185.3,4387.562118,33150,39925.445,0.3036139105,0.3062025456,0.2929656487,0.1225696269,0.2513470572,0.09727825379,18915,26976,21807,81.92015092,21.53808175,60,60,60,0,,4194280
S14-extreme,equity-constrained-rolling-horizon,100007,266197.1595,188099.9,4465.784471,32850,40781.475,0.2995910507,0.2961159717,0.2830398223,0.1117153715,0.2465838296,0.06838874912,19228,27567,22248,82.7714728,21.94859602,60,60,60,0,,4266805
S14-extreme,equity-constrained-rolling-horizon,100008,266691.0192,188890.8,4384.024235,33650,39766.195,0.3001631127,0.2802561837,0.2614837236,0.0865681445,0.2391524232,0.09198162289,19554,26894,21371,83.57578336,21.41780667,60,60,60,0,,4293855
S14-extreme,equity-constrained-rolling-horizon,100009,267172.8317,189058.7,4417.236706,33025,40671.895,0.2981352452,0.2905241491,0.2759847118,0.1036409043,0.2427905222,0.07215282406,19302,27098,21923,83.03148855,21.69494463,60,60,60,0,,4290110
S14-extreme,equity-constrained-rolling-horizon,100010,270659.262,191770.8,4469.112,33700,40719.35,0.2978720903,0.2919760913,0.2797056828,0.1086212464,0.2468395187,0.07720143646,19545,27111,21896,82.93070524,21.42306607,60,60,60,0,,4330380
S14-extreme,equity-constrained-rolling-horizon,100011,262860.5189,186304,4405.593882,33050,39100.925,0.2995399475,0.2926195426,0.2805260879,0.111371081,0.2422398265,0.0645003417,19054,26659,21717,82.71458329,21.55848207,60,60,60,0,,4231385
S14-extreme,equity-constrained-rolling-horizon,100012,265086.5443,187742,4427.519294,33300,39617.025,0.3024475316,0.2953165814,0.2773162939,0.1097408987,0.2423625255,0.1550022072,19154,26706,21787,82.46158505,21.50785384,60,60,60,0,,4246155
S14-extreme,equity-constrained-rolling-horizon,100013,264699.0865,187147.4,4432.796471,33300,39818.89,0.2986443191,0.2826479143,0.2711964076,0.09751092281,0.239549476,0.1038035924,19484,26817,21726,83.69240113,21.74270754,60,60,60,0,,4274075
S14-extreme,equity-constrained-rolling-horizon,100014,268498.7839,189575.7,4511.613882,33850,40561.47,0.2990984391,0.2996637918,0.2873441231,0.1196906135,0.2412885135,0.0809083929,19164,27405,22186,82.30350897,21.69368198,60,60,60,0,,4271990
S14-extreme,equity-constrained-rolling-horizon,100015,265714.2655,188026.8,4408.395529,32725,40554.07,0.3037002643,0.2996657729,0.2889172245,0.1195316098,0.2486367468,0.1013508986,19068,27239,22326,82.39893239,21.71886087,60,60,60,0,,4227395
S14-extreme,equity-constrained-rolling-horizon,100016,262543.062,185897.8,4469.772,33725,38450.49,0.3067277287,0.2997093457,0.2868374753,0.1155131265,0.2500667913,0.1031146779,18793,26319,21137,82.52060928,21.28598602,60,60,60,0,,4144870
S14-extreme,equity-constrained-rolling-horizon,100017,268586.1608,189684.4,4561.615765,33625,40715.145,0.2982346784,0.2894993674,0.2760855818,0.1058969018,0.241679222,0.08299487798,19656,27800,22663,83.11579312,21.93960742,60,60,60,0,,4334435
S14-extreme,equity-constrained-rolling-horizon,100018,265803.9082,188193.8,4465.108235,33400,39745,0.2985158319,0.2951983604,0.2842150125,0.1132523759,0.2402790068,0.07747700269,19258,26957,21689,82.729844,21.52693932,60,60,60,0,,4259210
S14-extreme,equity-constrained-rolling-horizon,100019,264897.1644,187128.4,4411.309412,33375,39982.455,0.3011192424,0.3034457343,0.293105297,0.1264162194,0.2474429105,0.07682872749,18901,27336,21773,81.99840764,21.83125269,60,60,60,0,,4213340
S14-extreme,equity-constrained-rolling-horizon,100020,265558.6178,187897.7,4382.707765,32850,40428.21,0.2910064904,0.2943481924,0.282010582,0.1112712031,0.2363442488,0.09293031633,19265,27326,21925,82.76429173,21.90127183,60,60,60,0,,4295645
S14-extreme,equity-constrained-rolling-horizon,100021,264443.3112,186261.2,4421.536235,33450,40310.575,0.2965358079,0.2780092248,0.2612320017,0.08421123264,0.2361055403,0.07605452578,19410,26925,21900,83.89690307,21.87622905,60,60,60,0,,4265185
S14-extreme,equity-constrained-rolling-horizon,100022,268570.8392,189894.2,4485.724235,33700,40490.915,0.2989875067,0.2985533785,0.289090716,0.1174919233,0.2452104649,0.07231448135,19153,27320,21917,82.65409892,21.60858547,60,60,60,0,,4270175
S14-extreme,equity-constrained-rolling-horizon,100023,268550.0433,190275.6,4523.903294,33400,40350.54,0.2961769912,0.2878039927,0.275340073,0.1005781106,0.2429597381,0.06519538962,19621,27148,22019,83.22801895,21.58463717,60,60,60,0,,4352235
S14-extreme,equity-constrained-rolling-horizon,100024,269120.91,190563.9,4516.56,33750,40290.45,0.3089311164,0.2925157668,0.2786220871,0.106885852,0.2551142575,0.08497216947,19407,26590,21593,82.69643773,21.22230404,60,60,60,0,,4242525
S14-extreme,equity-constrained-rolling-horizon,100025,266684.1999,188755.1,4406.949882,33300,40222.15,0.3027541563,0.2853279737,0.2703430079,0.09656974845,0.2469909686,0.0653815258,19557,26696,21574,83.42339474,21.39270017,60,60,60,0,,4276640
S14-extreme,equity-constrained-rolling-horizon,100026,260660.3298,183734.2,4330.579765,32825,39770.55,0.289948673,0.2886285372,0.2708457496,0.09696034355,0.2346723416,0.1026654462,19005,26917,21804,83.13461865,22.03013939,60,60,60,0,,4234185
S14-extreme,equity-constrained-rolling-horizon,100027,267656.6839,189622,4429.953882,33400,40204.73,0.3040841657,0.3124545058,0.3029074055,0.1366038228,0.2435342986,0.1075984311,18891,27220,21936,81.6421841,21.55718423,60,60,60,0,,4225515
S14-extreme,equity-constrained-rolling-horizon,100028,264466.68,187397.6,4425.78,33100,39543.3,0.3031955698,0.3031704339,0.2925830099,0.1219055266,0.2472790065,0.1256164092,18836,26785,21531,82.24803284,21.57127104,60,60,60,0,,4184745
S14-extreme,equity-constrained-rolling-horizon,100029,265389.4218,187404.4,4393.166824,33550,40041.855,0.3000959348,0.3041172571,0.2951098813,0.1251485933,0.2418960404,0.07081461043,18896,26959,21873,82.25248058,21.61961866,60,60,60,0,,4217500
S14-extreme,equity-constrained-rolling-horizon,100030,263237.3294,186101.1,4445.569412,33475,39215.66,0.303791967,0.28909935,0.279213058,0.1051466148,0.2448847085,0.03274670936,19141,26571,21403,83.14303941,21.41733367,60,60,60,0,,4211920
S14-extreme,equity-constrained-rolling-horizon,100031,265417.0373,188098.3,4412.807294,32650,40255.93,0.2975098452,0.2817528369,0.2608466445,0.08395400497,0.2391121632,0.1203531665,19685,27258,22144,83.71477295,21.70619029,60,60,60,0,,4330640
S14-extreme,equity-constrained-rolling-horizon,100032,267370.6855,189024.4,4462.520471,33725,40158.765,0.3073327942,0.3076389649,0.2995934315,0.1302779963,0.2508061874,0.09377149737,18970,26971,21795,81.96489978,21.42712397,60,60,60,0,,4195440
S14-extreme,equity-constrained-rolling-horizon,100033,261910.0932,186331.1,4434.148235,33200,37944.845,0.3058145715,0.3035767511,0.2948333242,0.124678315,0.2513042709,0.06348389046,18692,26355,21297,82.28683658,21.27844478,60,60,60,0,,4151610
S14-extreme,equity-constrained-rolling-horizon,100034,266188.5874,188249,4504.057412,33800,39635.53,0.3107183853,0.3083213615,0.2992341064,0.1319002123,0.2520128263,0.08261027404,18777,26434,21691,81.75545763,21.25695906,60,60,60,0,,4159135
S14-extreme,equity-constrained-rolling-horizon,100035,263900.8611,186710.5,4364.191059,33975,38851.17,0.3028094979,0.3006251395,0.2899781088,0.1223021583,0.2530197737,0.1138212093,18795,26269,21303,82.14251261,21.26241315,60,60,60,0,,4175515
S14-extreme,equity-constrained-rolling-horizon,100036,262450.1424,185980.3,4462.777412,33275,38732.065,0.307454802,0.3032116571,0.2924769843,0.1242667386,0.2520720911,0.08300011498,18745,26771,21438,82.14855655,21.58673549,60,60,60,0,,4147205
S14-extreme,equity-constrained-rolling-horizon,100037,266470.6218,188625.5,4324.166824,32375,41145.955,0.3009757378,0.2957911717,0.2791953415,0.1072060848,0.2503299001,0.10460408,19208,27262,21703,82.66203044,21.69939404,60,60,60,0,,4243265
S14-extreme,equity-constrained-rolling-horizon,100038,267887.5862,189613.6,4472.781176,33800,40001.205,0.3066927732,0.3013306939,0.2919274595,0.1218735487,0.2483142571,0.08066869437,19059,26777,21904,82.38826681,21.40617064,60,60,60,0,,4215270
S14-extreme,equity-constrained-rolling-horizon,100039,266273.8741,188152.2,4441.214118,33025,40655.46,0.2990164012,0.3066373304,0.2971537808,0.1292105263,0.2468063889,0.08899422679,18908,27304,22126,81.84719839,21.75011596,60,60,60,0,,4227220
S14-extreme,equity-constrained-rolling-horizon,100040,265082.6643,187787.7,4445.399294,33600,39249.565,0.2973803635,0.2711183819,0.2586150491,0.07816949153,0.2347893367,0.04187832126,19604,26456,21086,84.49647196,21.27933585,60,60,60,0,,4270695
S14-extreme,equity-constrained-rolling-horizon,100041,264036.0306,185820,4374.605647,34325,39516.425,0.298637107,0.2876855765,0.2771768524,0.1038020519,0.2455646149,0.06496634803,19048,26574,21297,83.20611568,21.53895451,60,60,60,0,,4201805
S14-extreme,equity-constrained-rolling-horizon,100042,266259.6754,188860.1,4511.785412,33450,39437.79,0.2971912925,0.279795022,0.2524006223,0.07616837918,0.2398087394,0.182484192,19676,26686,21652,83.79052349,21.27710355,60,60,60,0,,4315285
S14-extreme,equity-constrained-rolling-horizon,100043,267967.3496,189311.2,4458.569647,34425,39772.58,0.3036920548,0.2886024673,0.2747458534,0.1006502123,0.2464887519,0.08575270844,19318,26607,21330,83.31470843,21.16053707,60,60,60,0,,4256600
S14-extreme,equity-constrained-rolling-horizon,100044,258397.7438,182956.7,4412.323765,32800,38228.72,0.3051073623,0.2926105413,0.2777991324,0.105853559,0.2445658969,0.08549320441,18830,26359,21227,82.78560132,21.64272948,60,60,60,0,,4130330
S14-extreme,equity-constrained-rolling-horizon,100045,266810.0916,189692.3,4469.021647,33325,39323.77,0.3093971106,0.3135099723,0.3099793312,0.144040497,0.2544190391,0.04220698061,18862,27077,21647,81.59164545,21.410811,60,60,60,0,,4195330
S14-extreme,equity-constrained-rolling-horizon,100046,264995.1008,187246.3,4474.190824,33375,39899.61,0.294431513,0.2877642396,0.2704861296,0.1009252576,0.2318657774,0.1062425304,19407,27117,22225,83.10375174,21.78198747,60,60,60,0,,4296765
S14-extreme,equity-constrained-rolling-horizon,100047,265113.5899,187623.3,4494.004941,33550,39446.285,0.3033089558,0.3040430869,0.2896784928,0.121073255,0.2401089024,0.1106098301,18866,26662,21782,82.07976419,21.43932382,60,60,60,0,,4192700
S14-extreme,equity-constrained-rolling-horizon,100048,265708.9302,188020.8,4480.665176,34100,39107.465,0.3036050627,0.2995147609,0.2903068151,0.119280275,0.2454612365,0.06384984036,18911,26275,21523,82.53717054,21.19709675,60,60,60,0,,4193320
S14-extreme,equity-constrained-rolling-horizon,100049,270554.9681,191948.5,4477.423059,33225,40904.045,0.2937699007,0.2708100508,0.2503779388,0.07595424753,0.2364386492,0.07113735989,20227,27426,22354,84.4332917,21.51566305,60,60,60,0,,4426315
S14-extreme,equity-constrained-rolling-horizon,100050,263204.1122,186452.3,4403.877176,33250,39097.935,0.3010553579,0.2787317871,0.2583814717,0.0821194708,0.2407769384,0.09178851375,19405,26393,21301,83.91743796,21.38629487,60,60,60,0,,4247635
S14-extreme,equity-constrained-rolling-horizon,100051,266736.5249,188979.6,4482.544941,33575,39699.38,0.296805605,0.2823085656,0.2684241422,0.09344002116,0.2406372853,0.04607217233,19598,27220,21913,83.86346498,21.71834699,60,60,60,0,,4319150
S14-extreme,equity-constrained-rolling-horizon,100052,267078.4438,189250.4,4469.083765,32950,40408.96,0.3019163825,0.3046832357,0.2934874393,0.1235432762,0.2469377925,0.0886035124,19108,27061,21858,81.98751578,21.5354703,60,60,60,0,,4244355
S14-extreme,equity-constrained-rolling-horizon,100053,263595.2297,186700,4463.844706,33475,38956.385,0.3060912667,0.2938929882,0.2826370757,0.1135905364,0.2464819817,0.05085620643,19043,26790,21493,82.73115372,21.52225123,60,60,60,0,,4206400
S14-extreme,equity-constrained-rolling-horizon,100054,267553.3587,189525.9,4421.028706,33225,40381.43,0.2983259577,0.2879283999,0.2762009881,0.1001698902,0.244417405,0.06352760336,19572,27271,21856,83.37851744,21.65931876,60,60,60,0,,4302210
S14-extreme,equity-constrained-rolling-horizon,100055,266366.1868,188063.9,4435.351765,33525,40341.935,0.3040467637,0.2945560001,0.2871048831,0.1164070268,0.2519826219,0.03983663172,19217,27788,22397,82.63827008,22.12771079,60,60,60,0,,4241710
S14-extreme,equity-constrained-rolling-horizon,100056,267080.5993,188720.4,4409.279294,32825,41125.92,0.2962633663,0.2697051525,0.2577473024,0.08390736732,0.2380353079,0.05383984463,20013,27504,22096,84.47813842,21.9722242,60,60,60,0,,4357965
S14-extreme,equity-constrained-rolling-horizon,100057,269475.0403,190469.8,4533.815294,33925,40546.425,0.3027118081,0.3033592489,0.2892706131,0.1189805412,0.2466477389,0.09197063748,18996,26947,21581,82.06455997,21.32778951,60,60,60,0,,4238600
S14-extreme,equity-constrained-rolling-horizon,100058,270343.1239,190324.6,4424.308941,33675,41919.215,0.2974746704,0.297366894,0.280876803,0.1099878431,0.2434752116,0.1273735526,19373,28060,22548,82.55642644,22.1252216,60,60,60,0,,4309285
S14-extreme,equity-constrained-rolling-horizon,100059,269026.0031,190340,4473.698118,33450,40762.305,0.2991867817,0.2993945073,0.2914148781,0.1218850872,0.2383319149,0.05853671919,19439,27821,22541,82.5059679,21.96275883,60,60,60,0,,4315685
S14-extreme,equity-constrained-rolling-horizon,100060,265373.2887,187825.7,4494.828706,33550,39502.76,0.2985829596,0.2809001179,0.2682451103,0.09331364125,0.2401292112,0.06478072,19525,26882,21627,83.73786743,21.49280717,60,60,60,0,,4276915
S14-extreme,equity-constrained-rolling-horizon,100061,270023.9181,189823.7,4450.658118,34925,40824.56,0.2990804816,0.2977214259,0.2907355059,0.1174089069,0.2473835913,0.06982515143,19109,27152,21867,82.67566645,21.53604607,60,60,60,0,,4257455
S14-extreme,equity-constrained-rolling-horizon,100062,262355.1546,185672.2,4446.634588,33325,38911.32,0.298092181,0.2939966336,0.2795452061,0.1076506432,0.2381909902,0.1005409596,18875,26524,21326,82.66226364,21.52853249,60,60,60,0,,4192320
S14-extreme,equity-constrained-rolling-horizon,100063,265970.351,188155.6,4402.656,33500,39912.095,0.2944173313,0.2958019454,0.2834428662,0.1122783979,0.2412790197,0.07524257978,19257,27202,22039,82.73895473,21.67513391,60,60,60,0,,4284080
S14-extreme,equity-constrained-rolling-horizon,100064,269475.2601,190456.9,4550.515059,33550,40917.845,0.2963137384,0.2828022238,0.2707803223,0.09773055228,0.2351580967,0.05704336915,19738,27552,22155,83.51943879,21.83959876,60,60,60,0,,4342330
S14-extreme,equity-constrained-rolling-horizon,100065,266194.8493,188134.1,4482.719294,33175,40403.03,0.3044572765,0.3061570187,0.2947181774,0.1259239529,0.2477530624,0.09942170916,18842,27005,21827,81.76621092,21.57250233,60,60,60,0,,4195580
S14-extreme,equity-constrained-rolling-horizon,100066,266052.4639,188873.6,4416.993882,33650,39111.87,0.3116178457,0.3054511971,0.2890711829,0.1177011494,0.2501800226,0.1258472321,18857,26669,21407,82.04554384,21.26856931,60,60,60,0,,4167800
S14-extreme,equity-constrained-rolling-horizon,100067,269382.927,189344.8,4413.612,33400,42224.515,0.3019345379,0.2946840448,0.2859930387,0.120330063,0.2492788749,0.05786320218,19265,27763,22262,82.59483191,22.03370069,60,60,60,0,,4255845
S14-extreme,equity-constrained-rolling-horizon,100068,265796.5872,187725.1,4449.837176,33325,40296.65,0.2931402094,0.29508799,0.2857523586,0.1138152239,0.2395173402,0.05078610292,19187,27332,22399,82.75846056,21.8727145,60,60,60,0,,4279925
S14-extreme,equity-constrained-rolling-horizon,100069,263357.0106,186603,4463.710588,32575,39715.3,0.2993469056,0.314941514,0.3004518072,0.1352968553,0.2398890323,0.1760357168,18624,27480,22112,81.26427521,21.96118514,60,60,60,0,,4201655
S14-extreme,equity-constrained-rolling-horizon,100070,266512.2268,188938.8,4401.511765,33700,39471.915,0.3055260931,0.3129858169,0.3032292218,0.1337370014,0.2469135802,0.1042671742,18649,26875,21717,81.77202207,21.36630478,60,60,60,0,,4189170
S14-extreme,equity-constrained-rolling-horizon,100071,265505.4178,187977.4,4483.142824,34225,38819.875,0.315966043,0.3163772633,0.3088490771,0.1404941939,0.2555133481,0.09316821398,18425,26305,21161,81.46397745,21.02551585,60,60,60,0,,4092695
S14-extreme,equity-constrained-rolling-horizon,100072,269091.4473,190029.7,4431.827294,33300,41329.92,0.2956077702,0.2906972524,0.2702603976,0.0961737332,0.2421720376,0.1413910227,19542,27625,22481,82.97920892,21.95078302,60,60,60,0,,4321960
S14-extreme,equity-constrained-rolling-horizon,100073,263886.5221,187439.8,4424.642118,33050,38972.08,0.3045176018,0.2948039362,0.2841429881,0.1149846687,0.2505871505,0.05417026493,18919,26504,21146,82.64461412,21.26832873,60,60,60,0,,4211700
S14-extreme,equity-constrained-rolling-horizon,100074,264134.3787,186666,4480.188706,33300,39688.19,0.3023865064,0.3008732176,0.285645031,0.1156308349,0.240969532,0.1174593905,18975,27194,22079,82.43449599,21.91151385,60,60,60,0,,4207150
S14-extreme,equity-constrained-rolling-horizon,100075,265930.9699,187554,4506.429882,33400,40470.54,0.2988409707,0.2837558962,0.2724298815,0.101998941,0.2422525419,0.03943880539,19436,26955,22112,83.37625891,21.70701983,60,60,60,0,,4273985
S14-extreme,equity-constrained-rolling-horizon,100076,265883.9069,188665.7,4342.041882,32025,40851.165,0.2987250634,0.2915400666,0.2749816888,0.1010055141,0.2459526347,0.1165139124,19353,27021,21696,83.05129292,21.49307516,60,60,60,0,,4274555
S14-extreme,equity-constrained-rolling-horizon,100077,266558.2549,188559.5,4477.984941,33325,40195.77,0.2945718019,0.2798460975,0.2649231914,0.08971827278,0.2366528805,0.07839587659,19653,27436,22110,83.88027736,21.86301223,60,60,60,0,,4314060
S14-extreme,equity-constrained-rolling-horizon,100078,265945.9561,187368,4463.486118,33500,40614.47,0.2964571073,0.2889834238,0.2756149733,0.1032702238,0.2388487198,0.07110207917,19388,27361,21998,83.02355366,21.94220372,60,60,60,0,,4255530
S14-extreme,equity-constrained-rolling-horizon,100079,268922.9203,191077.9,4505.795294,33025,40314.225,0.3006817915,0.2870623829,0.2763466042,0.1068216855,0.2425046793,0.08475136076,19794,27356,22279,83.11309193,21.55607147,60,60,60,0,,4336535
S14-extreme,equity-constrained-rolling-horizon,100080,269020.8201,190165.5,4456.195059,33550,40849.125,0.3068998591,0.2972203983,0.2822554954,0.1091927512,0.2518761321,0.1263104334,19266,27223,21783,82.48222571,21.53300731,60,60,60,0,,4256220
S14-extreme,equity-constrained-rolling-horizon,100081,263057.9812,185726.6,4426.516235,32775,40129.865,0.3048502191,0.307978565,0.3023217967,0.1351623966,0.2537050106,0.05677565891,18596,26942,21941,81.69126351,21.75548472,60,60,60,0,,4143395
S14-extreme,equity-constrained-rolling-horizon,100082,265945.9944,188789.1,4483.194353,33175,39498.7,0.3030068841,0.2914979757,0.2793130779,0.1092025341,0.2435267013,0.07479587866,19425,27064,22093,82.88403988,21.5534141,60,60,60,0,,4254050
S14-extreme,equity-constrained-rolling-horizon,100083,266949.6475,188019.8,4440.212471,33075,41414.635,0.2902173654,0.2916926462,0.2817036721,0.1092136616,0.2325545198,0.06769391829,19312,27678,22325,82.77203153,22.13341904,60,60,60,0,,4291640
S14-extreme,equity-constrained-rolling-horizon,100084,261140.2192,184449,4447.689176,33000,39243.53,0.2970771909,0.2980653869,0.2811009376,0.1094206344,0.2433157932,0.1131115862,18722,26682,21380,82.55209591,21.74695363,60,60,60,0,,4168950
S14-extreme,equity-constrained-rolling-horizon,100085,266557.8265,188337.9,4465.611529,33625,40129.315,0.3004211456,0.2917632344,0.2741576605,0.09992116673,0.2438095891,0.07996053399,19252,26937,21879,83.07404277,21.66660304,60,60,60,0,,4242540
S14-extreme,equity-constrained-rolling-horizon,100086,266265.3038,188347.4,4462.298824,33525,39930.605,0.2991896157,0.2870404344,0.2754389676,0.1016982493,0.2412328767,0.05195315244,19431,27440,22334,83.39259958,21.91136792,60,60,60,0,,4282900
S14-extreme,equity-constrained-rolling-horizon,100087,265309.4546,187894,4469.914588,32975,39970.54,0.3042254193,0.299456801,0.2903501738,0.1204028891,0.2478585053,0.05404234961,19087,26973,21861,82.24350506,21.57659915,60,60,60,0,,4222485
S14-extreme,equity-constrained-rolling-horizon,100088,267085.4916,189269.5,4487.686588,32950,40378.305,0.3019652305,0.3177760035,0.3035220454,0.1386041009,0.2467349877,0.1795004319,18798,27496,22411,80.73093521,21.77299461,60,60,60,0,,4235540
S14-extreme,equity-constrained-rolling-horizon,100089,269190.8648,190362.5,4462.879765,33400,40965.485,0.3010871742,0.2979394907,0.2879034374,0.1176929579,0.2469691544,0.06816816394,19353,27414,22288,82.45978073,21.7534011,60,60,60,0,,4296635
S14-extreme,equity-constrained-rolling-horizon,100090,263690.9772,186269.4,4456.912235,33200,39764.665,0.3044202899,0.2924777608,0.2719554402,0.1031243755,0.2455379953,0.1473066585,19009,26651,21215,82.76033351,21.47522947,60,60,60,0,,4187640
S14-extreme,equity-constrained-rolling-horizon,100091,269077.3619,190145.6,4452.676941,33700,40779.085,0.3058806822,0.297207032,0.2796928779,0.1079415044,0.2521217492,0.1062294522,19149,27043,21995,82.5932081,21.60147698,60,60,60,0,,4239005
S14-extreme,equity-constrained-rolling-horizon,100092,263564.8513,186343.7,4407.431294,32925,39888.72,0.2957794008,0.2779363256,0.2641315519,0.08850921273,0.2440799536,0.06887721149,19482,26851,21624,83.80380328,21.65648275,60,60,60,0,,4268080
S14-extreme,equity-constrained-rolling-horizon,100093,267755.5281,189603.4,4399.418118,33275,40477.71,0.3052163211,0.3077316014,0.2954378605,0.126625065,0.2501526769,0.1232909119,18973,27246,21884,81.70285618,21.56536969,60,60,60,0,,4244540
S14-extreme,equity-constrained-rolling-horizon,100094,267732.125,189008.1,4440.3,33500,40783.725,0.2999584841,0.305626692,0.2926367793,0.1230779255,0.2494566612,0.1112188806,18980,27272,21981,81.86665312,21.65152719,60,60,60,0,,4237080
S14-extreme,equity-constrained-rolling-horizon,100095,263387.7451,185963.9,4455.950118,33425,39542.895,0.2980417343,0.2986449053,0.2879319803,0.1157959267,0.2478341749,0.08431682358,18736,26502,21457,82.48705521,21.55982647,60,60,60,0,,4177120
S14-extreme,equity-constrained-rolling-horizon,100096,264129.9358,186822.2,4491.715765,33175,39641.02,0.3076135405,0.3103063653,0.2982589771,0.1303351089,0.2512175824,0.1034264161,18550,26780,21409,81.69058096,21.53280328,60,60,60,0,,4127850
S14-extreme,equity-constrained-rolling-horizon,100097,265303.5348,187686.8,4431.499765,32725,40460.235,0.3008871658,0.3030870315,0.2937433722,0.1237995001,0.2460904643,0.06431654219,18986,27382,22423,82.05241703,21.86038436,60,60,60,0,,4229985
S14-extreme,equity-constrained-rolling-horizon,100098,264671.5934,187308.5,4488.073412,33100,39775.02,0.3032531114,0.3027207107,0.2851665857,0.1164063543,0.2435264782,0.1504394749,18837,27211,22031,82.11138135,21.77168442,60,60,60,0,,4188540
S14-extreme,equity-constrained-rolling-horizon,100099,267099.2525,189861.8,4465.952471,32825,39946.5,0.3070672714,0.3047470422,0.2950957252,0.1294856847,0.2531974557,0.09739253776,19157,27053,21922,81.83810726,21.44557823,60,60,60,0,,4248320
S14-extreme,equity-constrained-rolling-horizon,100100,261850.3624,185356.6,4454.922353,33300,38738.84,0.3080277118,0.3064051211,0.2967346044,0.1297627119,0.2501242633,0.08733028107,18528,26536,21521,81.80956898,21.57340972,60,60,60,0,,4100980
S14-extreme,errra-no-floor,100001,255763.2158,187867.6,4454.755765,22125,41315.86,0.3077608112,0.3153806884,0.2743171131,0.1029325322,0.2444797129,0.1398748219,18775,27851,22181,79.89583177,22.09331734,60,60,60,0,,4198195
S14-extreme,errra-no-floor,100002,252429.3615,185909.9,4426.851529,22125,39967.61,0.3097130881,0.3128475054,0.2582378807,0.08405952541,0.2472451185,0.2269579168,18538,27206,21974,79.60359708,21.97042952,60,60,60,0,,4108395
S14-extreme,errra-no-floor,100003,252939.7832,187124.9,4481.788235,22875,38458.095,0.302371969,0.310552801,0.2842898174,0.1125520763,0.2411204107,0.08481486795,18633,26804,21793,80.72206229,21.45227224,60,60,60,0,,4178215
S14-extreme,errra-no-floor,100004,256150.6498,188372.4,4476.079765,22525,40777.17,0.3046644455,0.3038779636,0.2666523536,0.09203880914,0.2423564892,0.1852707233,18938,27140,22072,80.88711536,21.83068777,60,60,60,0,,4204545
S14-extreme,errra-no-floor,100005,258614.4279,190957.3,4478.212941,22700,40478.915,0.3111008621,0.3130709124,0.2867916512,0.1139482713,0.2477487484,0.1077597814,18725,26777,21712,80.65337973,21.20646634,60,60,60,0,,4169925
S14-extreme,errra-no-floor,100006,255793.5484,188558.3,4418.238353,22950,39867.01,0.3146122488,0.3311814547,0.2829619436,0.1101550184,0.2506907986,0.1794962104,18234,26946,21640,78.52814748,21.49731617,60,60,60,0,,4078920
S14-extreme,errra-no-floor,100007,255911.5765,188099.9,4465.731529,22500,40845.945,0.304060962,0.3098802943,0.2776455656,0.1050321059,0.244828417,0.1086892473,18852,27538,22227,80.86961156,21.98571055,60,60,60,0,,4210405
S14-extreme,errra-no-floor,100008,255608.6129,188890.8,4397.937882,22300,40019.875,0.3118310295,0.316328033,0.2679092985,0.09451559934,0.2412267919,0.1662491173,18574,27036,21470,78.97254461,21.54103416,60,60,60,0,,4146855
S14-extreme,errra-no-floor,100009,256711.4302,189132.9,4425.160235,22500,40653.37,0.3020048192,0.3016981548,0.2698800297,0.09608307045,0.241127456,0.1279232176,18998,27049,21823,81.39563355,21.69822071,60,60,60,0,,4238790
S14-extreme,errra-no-floor,100010,259521.3163,191486.4,4469.891294,22475,41090.025,0.3039148836,0.320340518,0.2834107394,0.1135292218,0.2447890188,0.1217466724,18762,27416,22139,78.68822639,21.62729838,60,60,60,0,,4224335
S14-extreme,errra-no-floor,100011,252682.3834,186304,4414.758353,22800,39163.625,0.3064046053,0.3137808138,0.285776142,0.1178554716,0.2439361349,0.09328013639,18484,26622,21796,79.93629866,21.59413012,60,60,60,0,,4145885
S14-extreme,errra-no-floor,100012,255259.9262,187600.8,4412.901176,23325,39921.225,0.3072613687,0.3173540341,0.2834398296,0.1172843555,0.2414650143,0.1502838238,18555,26906,21854,79.6434467,21.66740328,60,60,60,0,,4165515
S14-extreme,errra-no-floor,100013,254302.8728,187147.4,4448.822824,22750,39956.65,0.3043348317,0.3001730422,0.2734951353,0.1003574739,0.2402968731,0.1703727893,19008,26883,21783,81.35370999,21.81206963,60,60,60,0,,4202675
S14-extreme,errra-no-floor,100014,257803.8698,189575.7,4530.859765,22900,40797.31,0.3053018398,0.3143911709,0.2743433271,0.1036313582,0.2387579934,0.1698469748,18761,27535,22219,79.85029948,21.79765098,60,60,60,0,,4203000
S14-extreme,errra-no-floor,100015,256016.2396,187719.8,4401.514588,22925,40969.925,0.3079029454,0.3163036692,0.2854106896,0.1151897901,0.2455231968,0.1783430343,18615,27558,22413,80.05993125,21.95660404,60,60,60,0,,4156325
S14-extreme,errra-no-floor,100016,252234.1668,186071.4,4475.726824,23275,38412.04,0.314481639,0.3243031748,0.2916208489,0.1214456188,0.2534330751,0.1313456583,18133,26144,21172,79.42156492,21.24016526,60,60,60,0,,4051285
S14-extreme,errra-no-floor,100017,257984.4554,189670,4593.985412,22850,40870.47,0.3049619533,0.311476595,0.2829363406,0.11435824,0.2438878236,0.1161441191,19048,27900,22856,80.53882594,22.01537159,60,60,60,0,,4245095
S14-extreme,errra-no-floor,100018,255444.9267,187873.6,4461.636706,23000,40109.69,0.3080841824,0.3236348997,0.2981727132,0.1305438226,0.2466815887,0.1020174008,18481,27174,21900,79.30855613,21.73111981,60,60,60,0,,4138875
S14-extreme,errra-no-floor,100019,254640.01,187278.8,4427.64,22950,39983.57,0.3079112259,0.3211350654,0.2854921724,0.1172066521,0.245428497,0.1376935015,18421,27508,21918,79.82452072,21.86121873,60,60,60,0,,4134960
S14-extreme,errra-no-floor,100020,255444.1428,187716.3,4400.162824,22600,40727.68,0.2966617352,0.3073147504,0.2783597884,0.1067522431,0.2368774078,0.1150208263,18911,27323,22106,80.27438506,22.07143028,60,60,60,0,,4231945
S14-extreme,errra-no-floor,100021,253701.2934,186606,4466.718353,22600,40028.575,0.3024977763,0.2987278679,0.2640467684,0.08770046299,0.2339779921,0.139179038,18853,26884,21933,81.21004989,21.75840806,60,60,60,0,,4185960
S14-extreme,errra-no-floor,100022,257697.0346,189894.2,4508.129647,22600,40694.705,0.309088756,0.3297930782,0.3043339707,0.1364145843,0.2501373343,0.1523551535,18300,27369,22001,77.91377368,21.71196637,60,60,60,0,,4142225
S14-extreme,errra-no-floor,100023,258265.469,190604.6,4536.564,23000,40124.305,0.3023480826,0.3050090744,0.2845498333,0.1120089344,0.2475532626,0.1010772217,19147,27015,21937,81.49313284,21.48280826,60,60,60,0,,4280400
S14-extreme,errra-no-floor,100024,257932.7108,190563.9,4500.535765,22550,40318.275,0.3190142518,0.3187634428,0.2793686344,0.1078101274,0.254454913,0.1338849321,18687,26635,21423,78.76694851,21.22038005,60,60,60,0,,4128135
S14-extreme,errra-no-floor,100025,256325.5958,188306.9,4434.055765,22850,40734.64,0.3061938659,0.3126987027,0.2898153034,0.1206795165,0.2458685178,0.078780522,18808,27013,22034,80.68303142,21.72414246,60,60,60,0,,4179455
S14-extreme,errra-no-floor,100026,250292.6447,183821.8,4354.524706,22300,39816.32,0.3001167628,0.3146054799,0.284770006,0.1142051936,0.2424285061,0.1406706801,18311,26938,21879,80.6474115,22.03332604,60,60,60,0,,4128010
S14-extreme,errra-no-floor,100027,257344.6579,189192.2,4430.812941,23075,40646.645,0.30620013,0.3338186053,0.3112819973,0.1469763194,0.2414830516,0.1104106097,18304,27466,22129,79.58547576,21.83034458,60,60,60,0,,4144410
S14-extreme,errra-no-floor,100028,254276.3792,187665.6,4442.109176,22900,39268.67,0.307390804,0.3186341608,0.2939844761,0.1236451224,0.2471743529,0.1309913226,18418,26695,21619,80.33581139,21.44795512,60,60,60,0,,4124880
S14-extreme,errra-no-floor,100029,254775.984,187863,4398.324,22650,39864.66,0.305120518,0.310046402,0.2686106529,0.09225993924,0.23736927,0.1766942842,18735,26726,21551,80.46781977,21.46796978,60,60,60,0,,4190305
S14-extreme,errra-no-floor,100030,252711.0605,186093.1,4464.080471,22800,39353.88,0.3094056717,0.3071123491,0.2702951032,0.09407501845,0.2418664233,0.1249587079,18656,26656,21469,80.4013598,21.49442855,60,60,60,0,,4139745
S14-extreme,errra-no-floor,100031,255371.9152,188154.9,4437.705176,22425,40354.31,0.3046602658,0.3019301638,0.2606884917,0.0837580034,0.2396095988,0.1368751849,19132,27509,22138,80.90787449,21.76296534,60,60,60,0,,4240535
S14-extreme,errra-no-floor,100032,256899.7617,189003.6,4473.096706,23225,40198.065,0.310186947,0.3172013577,0.2954221448,0.1250983478,0.248754074,0.1192697983,18708,26945,21781,80.71735842,21.45224051,60,60,60,0,,4159880
S14-extreme,errra-no-floor,100033,251706.1168,186216.3,4447.886824,22900,38141.93,0.3094622669,0.316728763,0.2866495717,0.1145198429,0.2458572818,0.1466192871,18339,26314,21514,80.29895574,21.39806986,60,60,60,0,,4098050
S14-extreme,errra-no-floor,100034,255670.5929,188249,4518.472941,23125,39778.12,0.3132891716,0.3162412053,0.2796315141,0.1076167728,0.2456345195,0.1843454311,18562,26546,21730,80.0018461,21.33102162,60,60,60,0,,4126885
S14-extreme,errra-no-floor,100035,252768.0854,186717.9,4403.130353,22750,38897.055,0.3134070449,0.3336310188,0.3114955417,0.1489010626,0.2584094415,0.1025327097,17908,26352,21654,77.91006567,21.32570842,60,60,60,0,,4039645
S14-extreme,errra-no-floor,100036,251878.0539,185911.1,4469.373882,22650,38847.58,0.3091674406,0.3139543528,0.290297979,0.1215696851,0.2501851656,0.1080798836,18456,26790,21739,80.22232778,21.65159866,60,60,60,0,,4111615
S14-extreme,errra-no-floor,100037,256398.7595,188905.1,4318.304471,22275,40900.355,0.3057947849,0.3174952339,0.2944415034,0.1260900925,0.2510325444,0.1346809652,18616,27131,21607,80.41186955,21.60426557,60,60,60,0,,4170320
S14-extreme,errra-no-floor,100038,256953.9674,189474,4473.822353,22675,40331.145,0.31000356,0.3196964698,0.2875942866,0.1164997015,0.2458245444,0.2109634057,18558,26981,21894,80.05377042,21.5495906,60,60,60,0,,4145375
S14-extreme,errra-no-floor,100039,255965.298,187964.4,4445.628,22550,41005.27,0.3038927675,0.3244591126,0.2918436703,0.1226315789,0.2437804102,0.227606045,18422,27405,22275,79.40931499,21.94979721,60,60,60,0,,4155240
S14-extreme,errra-no-floor,100040,254349.7534,187757.7,4476.973412,22650,39465.08,0.3058563642,0.2937239738,0.2662486369,0.08793220339,0.2403460646,0.1376160974,18996,26571,21309,81.36202235,21.38354503,60,60,60,0,,4175055
S14-extreme,errra-no-floor,100041,251832.9359,185819.8,4390.120941,21950,39673.015,0.3090677812,0.319771138,0.2869659275,0.1159391135,0.2487314974,0.1181277774,18190,26625,21409,78.3774494,21.61345933,60,60,60,0,,4073060
S14-extreme,errra-no-floor,100042,255737.3916,188707.1,4528.361647,22825,39676.93,0.2996948094,0.2923133236,0.2490746205,0.0720583361,0.2365454419,0.2431679747,19334,26719,21805,82.10451354,21.4178012,60,60,60,0,,4268880
S14-extreme,errra-no-floor,100043,256670.762,189332,4504.812,22850,39983.95,0.3153079095,0.3245811085,0.2844301766,0.1126592357,0.249779194,0.1585228436,18341,26604,21505,77.73176474,21.26108867,60,60,60,0,,4112500
S14-extreme,errra-no-floor,100044,248750.1618,183683.7,4430.246824,23025,37611.215,0.3147173322,0.3104173711,0.2776893087,0.1057175879,0.2491560842,0.1362179761,18356,26111,20950,80.42353679,21.31985897,60,60,60,0,,4044720
S14-extreme,errra-no-floor,100045,256314.6143,189208.3,4461.299294,22800,39845.015,0.3110326274,0.3248289416,0.2956701468,0.1262901847,0.2466878827,0.11212453,18551,27382,21870,79.56077485,21.71764817,60,60,60,0,,4150010
S14-extreme,errra-no-floor,100046,254594.1246,187368.3,4473.214588,22900,39852.61,0.3026917338,0.3090502055,0.2712848091,0.1019095741,0.2329197913,0.1879426587,18827,26992,22163,80.54337408,21.79841241,60,60,60,0,,4200715
S14-extreme,errra-no-floor,100047,254536.9542,187592.7,4495.209176,22875,39574.045,0.3089557607,0.3226722739,0.2948848693,0.1275154413,0.2416970628,0.1241444435,18361,26653,21769,79.92454729,21.51011869,60,60,60,0,,4118120
S14-extreme,errra-no-floor,100048,254289.9662,187984.8,4478.236235,22625,39201.93,0.3087397277,0.3194799422,0.2998642411,0.1313430824,0.247423945,0.08552739753,18372,26313,21461,80.26039838,21.24279287,60,60,60,0,,4114795
S14-extreme,errra-no-floor,100049,260013.3075,191948.5,4483.832471,22550,41030.975,0.3008873385,0.2927286492,0.2560600532,0.08295848863,0.2382892749,0.1227301577,19619,27552,22335,81.82989094,21.57671146,60,60,60,0,,4335115
S14-extreme,errra-no-floor,100050,252787.3269,186304.3,4413.916941,22775,39294.11,0.3069856946,0.3037094856,0.2798682719,0.108713083,0.2438938489,0.07840442663,18733,26549,21356,81.40977757,21.51135236,60,60,60,0,,4152700
S14-extreme,errra-no-floor,100051,256193.6633,189087.8,4485.923294,22875,39744.94,0.3066500416,0.3184897645,0.2875820481,0.1171802672,0.2439995862,0.1047705317,18610,27364,21826,79.92125618,21.74139651,60,60,60,0,,4184885
S14-extreme,errra-no-floor,100052,256857.5358,189248.6,4469.575765,22575,40564.36,0.3085934251,0.3242967869,0.2867321089,0.1151630221,0.2449077897,0.1947493726,18569,27181,21921,79.16815221,21.61381269,60,60,60,0,,4161620
S14-extreme,errra-no-floor,100053,253146.3423,186700,4474.187294,22825,39147.155,0.3143084012,0.3192183618,0.2851936466,0.1167495631,0.247311828,0.1380309215,18360,26883,21533,78.82780394,21.61527449,60,60,60,0,,4103950
S14-extreme,errra-no-floor,100054,257180.7375,189394.3,4417.472471,22625,40743.965,0.3045190836,0.3108127774,0.2802480816,0.1052012546,0.2442974413,0.1249929105,18943,27565,21988,80.37134254,21.86801049,60,60,60,0,,4209190
S14-extreme,errra-no-floor,100055,255436.8862,188077.9,4427.896235,22425,40506.09,0.3113031931,0.3163246577,0.2811681018,0.1090487239,0.2496724364,0.1164782283,18624,27825,22357,79.6165166,22.20130663,60,60,60,0,,4155390
S14-extreme,errra-no-floor,100056,256615.6129,188730.4,4424.697882,22200,41260.515,0.3066244636,0.3045905707,0.2728432467,0.1025388703,0.2415178264,0.1064167338,19057,27610,22183,79.90371934,22.038374,60,60,60,0,,4220305
S14-extreme,errra-no-floor,100057,258311.7879,190469.8,4529.032941,22600,40712.955,0.31268832,0.3308640164,0.2933403805,0.124025421,0.2491448314,0.132231248,18246,27078,21706,78.1909482,21.41588175,60,60,60,0,,4119730
S14-extreme,errra-no-floor,100058,259468.8694,191156.6,4412.694353,22725,41174.575,0.3100954483,0.3190192949,0.2859432353,0.1162582379,0.2497537028,0.1645072152,18776,27684,22081,79.88079131,21.73373094,60,60,60,0,,4208165
S14-extreme,errra-no-floor,100059,258511.1594,190338.2,4487.814353,22750,40935.145,0.3058500012,0.3192171845,0.2878203792,0.1174306004,0.2374978723,0.1550644223,18889,27902,22581,79.81087382,22.04464475,60,60,60,0,,4231280
S14-extreme,errra-no-floor,100060,254849.236,188293.3,4532.736,22775,39248.2,0.3070254111,0.312868297,0.2785393076,0.1060687433,0.2403223258,0.1619588474,18657,26710,21573,80.03140255,21.40864574,60,60,60,0,,4157670
S14-extreme,errra-no-floor,100061,258027.0337,189896.9,4455.648706,22650,41024.485,0.3096383543,0.3297317163,0.2892954291,0.1156169111,0.2465257523,0.1983797763,18238,27234,21924,78.43863345,21.64098493,60,60,60,0,,4126175
S14-extreme,errra-no-floor,100062,251921.969,185393,4438.164,22700,39390.805,0.3077948035,0.3254161212,0.2824969935,0.1113067028,0.2387025082,0.1550329251,18035,26840,21624,77.99542656,21.78551269,60,60,60,0,,4063715
S14-extreme,errra-no-floor,100063,255040.5959,187881.6,4421.325882,22550,40187.67,0.2985239852,0.3217289549,0.2934068264,0.1246224557,0.2384222211,0.0967340187,18548,27355,22129,79.76421001,21.86752768,60,60,60,0,,4190890
S14-extreme,errra-no-floor,100064,258877.377,190704.3,4546.392,22825,40801.685,0.3049789844,0.3042403982,0.2715754877,0.09884559885,0.2377445103,0.1251187272,19148,27379,21910,80.58791716,21.76304791,60,60,60,0,,4252025
S14-extreme,errra-no-floor,100065,256265.8662,188127.9,4485.681176,23200,40452.285,0.310339068,0.3244586832,0.295577884,0.126989412,0.2479786237,0.1226640819,18345,27025,21802,79.52103641,21.59958481,60,60,60,0,,4121695
S14-extreme,errra-no-floor,100066,255595.0232,188873.6,4425.033176,22900,39396.39,0.3178922711,0.3247882136,0.2894945753,0.118226601,0.2503171827,0.2181977324,18332,26897,21480,79.11891137,21.40519642,60,60,60,0,,4089050
S14-extreme,errra-no-floor,100067,258432.8858,189217.8,4423.670824,22350,42441.415,0.2985999432,0.2938785971,0.2666385402,0.09687479696,0.2369216064,0.09615893426,19287,27740,22334,81.97474091,22.13246145,60,60,60,0,,4276520
S14-extreme,errra-no-floor,100068,255295.6311,188089.1,4483.831059,22675,40047.7,0.3013114481,0.3141922921,0.2769042162,0.1028371139,0.2393447151,0.14424963,18667,27223,22225,79.89203806,21.7775422,60,60,60,0,,4188655
S14-extreme,errra-no-floor,100069,253900.0988,186551.2,4476.463765,22950,39922.435,0.3012009282,0.3190980652,0.2895331325,0.1218004122,0.2335903968,0.2311002648,18511,27652,22171,80.1685538,22.07089543,60,60,60,0,,4181600
S14-extreme,errra-no-floor,100070,255533.6743,188668,4409.699294,22650,39805.975,0.3085769446,0.3250690735,0.2950767602,0.1236014216,0.2449157318,0.1297190111,18321,27014,21935,80.07310653,21.53366066,60,60,60,0,,4136100
S14-extreme,errra-no-floor,100071,254276.6542,187552.2,4464.069176,22825,39435.385,0.3180101967,0.33886168,0.3070032573,0.1381987578,0.2470718582,0.1435250808,17819,26682,21266,78.27495735,21.33486845,60,60,60,0,,4024835
S14-extreme,errra-no-floor,100072,258606.2283,190082.9,4440.563294,22825,41257.765,0.3019025544,0.3128017132,0.2859677504,0.1156282316,0.2419013787,0.1492753888,18933,27718,22427,80.70290821,21.95992517,60,60,60,0,,4232765
S14-extreme,errra-no-floor,100073,253629.2427,187448,4437.612706,22550,39193.63,0.3143818335,0.323430744,0.2872701785,0.1188508199,0.2525530175,0.1541756047,18151,26689,21212,78.851533,21.37884176,60,60,60,0,,4092680
S14-extreme,errra-no-floor,100074,254132.3189,186666,4488.208941,23150,39828.11,0.3102817154,0.3251906709,0.2911392405,0.1224326487,0.2427494503,0.1303094895,18315,27252,22118,79.3118536,21.97711586,60,60,60,0,,4108150
S14-extreme,errra-no-floor,100075,255396.135,187546.6,4534.62,22675,40639.915,0.3087959703,0.3115418632,0.2726980211,0.1023298914,0.2437125228,0.1376555142,18682,26953,22084,79.71371606,21.74865417,60,60,60,0,,4166890
S14-extreme,errra-no-floor,100076,256071.1925,188665.7,4341.627529,22075,40988.865,0.3061402669,0.314236556,0.273516794,0.09918910152,0.2454714192,0.1653883869,18733,27147,21745,80.00579925,21.56416543,60,60,60,0,,4181555
S14-extreme,errra-no-floor,100077,256248.0265,189044.7,4491.651529,22825,39886.675,0.3150136596,0.3218395016,0.2844309786,0.1138757241,0.2531962726,0.1934577518,18507,27281,21984,78.96464586,21.72861385,60,60,60,0,,4107630
S14-extreme,errra-no-floor,100078,255169.6569,187909.4,4519.696941,22600,40140.56,0.3035381082,0.3099603931,0.279197861,0.1077055475,0.2402808341,0.1016733218,18816,27118,21887,80.55865203,21.71721449,60,60,60,0,,4176745
S14-extreme,errra-no-floor,100079,259089.9792,190857.3,4516.389176,23000,40716.29,0.3036087928,0.299308457,0.266614624,0.09480986639,0.2352390676,0.1725713675,19454,27534,22425,81.00516418,21.75838721,60,60,60,0,,4286515
S14-extreme,errra-no-floor,100080,258493.0057,190586.9,4459.440706,22825,40621.665,0.3136019704,0.3076895017,0.2693532972,0.09317957166,0.2542396274,0.1907044506,18979,27096,21437,80.8061026,21.3807415,60,60,60,0,,4200020
S14-extreme,errra-no-floor,100081,252715.9102,185726.6,4424.805176,22300,40264.505,0.3128916579,0.332762727,0.2947271346,0.1257481003,0.2512350035,0.1216379322,17930,27004,21941,78.18607947,21.82322116,60,60,60,0,,4043495
S14-extreme,errra-no-floor,100082,255738.1445,188807.1,4498.964471,22825,39607.08,0.3126255841,0.3145128935,0.2780449141,0.1076350336,0.2451944569,0.1193626104,18794,27138,22034,80.09877077,21.61904479,60,60,60,0,,4147765
S14-extreme,errra-no-floor,100083,256653.8621,188431.2,4463.947059,22675,41083.715,0.2992048187,0.3133321108,0.2898163962,0.1192745565,0.2386074745,0.07811687531,18722,27492,22104,80.45115313,21.95719353,60,60,60,0,,4202260
S14-extreme,errra-no-floor,100084,250700.2517,184581.6,4469.556706,22375,39274.095,0.3018491241,0.3109628074,0.2666812874,0.09155742715,0.2392092726,0.218138447,18378,26636,21501,80.4097012,21.76814735,60,60,60,0,,4114485
S14-extreme,errra-no-floor,100085,255881.0995,188785.7,4508.619529,22825,39761.78,0.3074601224,0.3078026708,0.2745814791,0.1004467218,0.245318609,0.1148306677,18816,26744,21733,80.57744596,21.46331977,60,60,60,0,,4170925
S14-extreme,errra-no-floor,100086,255633.6652,188347.4,4472.020235,22800,40014.245,0.3037458027,0.3011301093,0.2744869896,0.1005179988,0.2409246575,0.110128395,19047,27420,22336,81.7776763,21.9626013,60,60,60,0,,4225300
S14-extreme,errra-no-floor,100087,255478.3078,187894,4478.167765,23075,40031.14,0.3092238685,0.3148352052,0.2916332531,0.121993241,0.2482746662,0.07440330365,18668,27030,21905,79.9464383,21.61452294,60,60,60,0,,4159635
S14-extreme,errra-no-floor,100088,257304.8749,189269.5,4499.289882,23025,40511.085,0.3076695956,0.3353052188,0.2998695539,0.1367174934,0.2455492504,0.2759314983,18315,27497,22467,78.00717036,21.83948649,60,60,60,0,,4163090
S14-extreme,errra-no-floor,100089,258529.7516,190296.9,4469.926588,22650,41112.925,0.3060106715,0.3153159689,0.2933088428,0.1243904025,0.2475659454,0.1101744663,18874,27547,22423,80.4658433,21.83253042,60,60,60,0,,4226745
S14-extreme,errra-no-floor,100090,253212.6279,186037.2,4447.312941,22625,40103.115,0.3039251208,0.3030111289,0.2671966256,0.09726200786,0.2411508713,0.1774607774,18726,26858,21456,81.37227065,21.69138889,60,60,60,0,,4157090
S14-extreme,errra-no-floor,100091,258062.5435,190145.6,4461.608471,22575,40880.335,0.3108749423,0.3126949756,0.2727561557,0.0993507771,0.2498892259,0.133069087,18727,27168,22043,80.2450871,21.65430725,60,60,60,0,,4175705
S14-extreme,errra-no-floor,100092,253194.1243,186317.7,4431.659294,22350,40094.765,0.3042278304,0.3113672584,0.2851733651,0.1145728643,0.2479827013,0.08889495791,18580,27136,21846,79.61380635,21.7988165,60,60,60,0,,4144540
S14-extreme,errra-no-floor,100093,257322.2551,189537.8,4406.030118,22725,40653.425,0.3116065512,0.3250629401,0.2916622968,0.1219448778,0.2508821334,0.134344496,18498,27348,21863,79.36595146,21.66067878,60,60,60,0,,4167035
S14-extreme,errra-no-floor,100094,257014.3368,189031.5,4420.891765,22725,40836.945,0.3036237471,0.3224189654,0.2869606349,0.116041178,0.2440489433,0.1351846938,18521,27290,22122,78.77388203,21.70233082,60,60,60,0,,4175320
S14-extreme,errra-no-floor,100095,252058.3575,185963.9,4450.772471,21975,39668.685,0.3081723662,0.3299393576,0.301810203,0.1330290852,0.2523164142,0.1058452994,17900,26604,21487,78.22314705,21.61669615,60,60,60,0,,4051720
S14-extreme,errra-no-floor,100096,253873.0469,186899.8,4497.496941,22825,39650.75,0.3125165643,0.3209399167,0.2860174102,0.1151641831,0.2485274725,0.1826155486,18264,26764,21482,79.80809128,21.53783881,60,60,60,0,,4081870
S14-extreme,errra-no-floor,100097,255503.5328,187695.8,4450.802824,22875,40481.93,0.31046047,0.3344345336,0.3073170732,0.1406393896,0.2508110892,0.08981668479,18132,27485,22504,77.85352813,21.89465798,60,60,60,0,,4101080
S14-extreme,errra-no-floor,100098,254834.3436,187429.3,4497.353647,23075,39832.69,0.3091711201,0.3148991301,0.2816566769,0.1120678147,0.245130691,0.206032717,18508,27239,21912,80.39902355,21.77867843,60,60,60,0,,4134500
S14-extreme,errra-no-floor,100099,257303.3155,189861.8,4471.395529,22875,40095.12,0.3092403628,0.3114248385,0.2814581694,0.1126441249,0.2487517954,0.1847390137,18973,27137,21950,80.60634733,21.51778628,60,60,60,0,,4220720
S14-extreme,errra-no-floor,100100,251441.412,185356.6,4461.672,22800,38823.14,0.3105711933,0.314266462,0.2872014026,0.1179661017,0.2470354328,0.11117646,18318,26615,21554,80.62967329,21.61484424,60,60,60,0,,4069480
S14-extreme,errra-no-vulnerability,100001,265781.2579,187587,4405.497882,32325,41463.76,0.2944976133,0.2827085764,0.2644370476,0.09071909085,0.2387179133,0.08048910771,19671,27836,22421,83.66822766,22.13609917,60,60,60,0,,4345810
S14-extreme,errra-no-vulnerability,100002,262770.1794,185909.9,4392.109412,32775,39693.17,0.302269278,0.2899399511,0.2752293578,0.1050408902,0.252746094,0.08341438623,19156,27015,21881,82.95237166,21.826552,60,60,60,0,,4201095
S14-extreme,errra-no-vulnerability,100003,262758.4201,186679.3,4414.795059,32775,38889.325,0.2986349763,0.2847998224,0.2733972796,0.09904582717,0.2443557462,0.05281354664,19329,26766,21848,83.42971256,21.62804307,60,60,60,0,,4254400
S14-extreme,errra-no-vulnerability,100004,266436.9031,187918,4472.503059,32950,41096.4,0.2972394098,0.2907921338,0.2750254951,0.1024056353,0.2413685524,0.1249745049,19294,27379,22371,82.92516739,22.00585436,60,60,60,0,,4263450
S14-extreme,errra-no-vulnerability,100005,269852.6865,190822.3,4483.496471,33900,40646.89,0.3082981516,0.2971128801,0.2828084338,0.1089997361,0.2491499069,0.09671246803,19160,26776,21700,82.57337532,21.25294166,60,60,60,0,,4234460
S14-extreme,errra-no-vulnerability,100006,265354.7311,188185.3,4367.426118,32875,39927.005,0.3036378199,0.3062759051,0.293071508,0.1227009984,0.2513815971,0.09717239447,18913,26985,21803,81.91486801,21.52851797,60,60,60,0,,4193980
S14-extreme,errra-no-vulnerability,100007,265624.1089,188099.9,4442.733882,32300,40781.475,0.299662379,0.2963356152,0.2833571315,0.1121085048,0.2466870891,0.0680714399,19222,27563,22254,82.75669447,21.93745691,60,60,60,0,,4265905
S14-extreme,errra-no-vulnerability,100008,266098.8179,188890.8,4366.012941,33075,39767.005,0.3004845757,0.28125,0.2629175296,0.08834154351,0.2396152989,0.09054781693,19527,26885,21378,83.50474931,21.40815087,60,60,60,0,,4289805
S14-extreme,errra-no-vulnerability,100009,266953.5015,189058.7,4397.036471,32825,40672.765,0.2984201218,0.2914063074,0.2772587323,0.1052181914,0.2432020025,0.07087880347,19278,27087,21919,82.96771752,21.68326469,60,60,60,0,,4286510
S14-extreme,errra-no-vulnerability,100010,270162.746,191770.8,4447.596,33225,40719.35,0.2978720903,0.2919760913,0.2797056828,0.1086212464,0.2468395187,0.07720143646,19545,27091,21904,82.93070524,21.41488361,60,60,60,0,,4330380
S14-extreme,errra-no-vulnerability,100011,262466.3754,186304,4385.310353,32675,39102.065,0.2997928559,0.2933991684,0.2816626976,0.1127749181,0.2426070685,0.06336373205,19033,26658,21705,82.66073936,21.54854638,60,60,60,0,,4228235
S14-extreme,errra-no-vulnerability,100012,265014.6238,187742,4403.678824,33250,39618.945,0.3026505967,0.2959420183,0.2782215122,0.1108560184,0.2426559426,0.1540969889,19137,26711,21792,82.41458507,21.49654192,60,60,60,0,,4243605
S14-extreme,errra-no-vulnerability,100013,264028.5474,187147.4,4411.537412,32650,39819.61,0.2989073259,0.2834578992,0.2723725008,0.09896729776,0.2399318652,0.1026274992,19462,26811,21728,83.63506045,21.73086027,60,60,60,0,,4270775
S14-extreme,errra-no-vulnerability,100014,268201.5218,189575.7,4488.691765,33575,40562.13,0.2992165991,0.3000292355,0.2880339613,0.1205427373,0.2415107889,0.07884618512,19154,27391,22183,82.27814535,21.68383926,60,60,60,0,,4270490
S14-extreme,errra-no-vulnerability,100015,265292.1721,188026.8,4389.542118,32325,40550.83,0.3037121699,0.2997025012,0.2880671555,0.1184790474,0.2483615158,0.1106418813,19067,27213,22324,82.39544112,21.71253899,60,60,60,0,,4227245
S14-extreme,errra-no-vulnerability,100016,261921.3882,185897.8,4447.768235,33125,38450.82,0.3070427313,0.3006781935,0.2882669892,0.1172860552,0.250529878,0.1016851639,18767,26285,21124,82.45138093,21.27483977,60,60,60,0,,4140970
S14-extreme,errra-no-vulnerability,100017,268064.4965,189684.4,4539.771529,33125,40715.325,0.2985522246,0.2904753298,0.2775084317,0.1076542567,0.2421414875,0.08157202807,19629,27770,22676,83.04827767,21.9277994,60,60,60,0,,4330385
S14-extreme,errra-no-vulnerability,100018,265155.1271,188193.8,4439.407059,32775,39746.92,0.2988021666,0.2960767091,0.2856001279,0.114968321,0.2407301372,0.07514131701,19234,26946,21700,82.66701033,21.51617791,60,60,60,0,,4255610
S14-extreme,errra-no-vulnerability,100019,264599.4629,187128.4,4388.277882,33100,39982.785,0.301346439,0.304145937,0.2941239545,0.1276750812,0.2477728575,0.07581006997,18882,27312,21782,81.94891076,21.82162673,60,60,60,0,,4210490
S14-extreme,errra-no-vulnerability,100020,264988.0138,187897.7,4361.743765,32300,40428.57,0.2916507588,0.2963261419,0.2848677249,0.1148077805,0.2372729774,0.09007317348,19211,27303,21916,82.62134271,21.88999714,60,60,60,0,,4287545
S14-extreme,errra-no-vulnerability,100021,264474.6311,186261.2,4402.466118,33500,40310.965,0.2973411544,0.2805014135,0.2648587204,0.08870697175,0.237273948,0.07242780715,19343,26881,21902,83.71907772,21.86430512,60,60,60,0,,4255135
S14-extreme,errra-no-vulnerability,100022,268077.3472,189894.2,4466.692235,33225,40491.455,0.2991059269,0.2989196118,0.2899936265,0.1186127777,0.2455023004,0.06804294711,19143,27307,21930,82.6305473,21.59888685,60,60,60,0,,4268675
S14-extreme,errra-no-vulnerability,100023,268005.1021,190275.6,4503.722118,32875,40350.78,0.2963421829,0.2883121597,0.2760810882,0.1014978321,0.2431996983,0.06445437442,19607,27147,22042,83.19174076,21.57499705,60,60,60,0,,4350135
S14-extreme,errra-no-vulnerability,100024,269174.4512,190563.9,4494.261176,33825,40291.29,0.3095011876,0.2942656119,0.2811816776,0.1100547963,0.2559471136,0.082412579,19359,26579,21593,82.57115519,21.21048694,60,60,60,0,,4235325
S14-extreme,errra-no-vulnerability,100025,266138.9492,188755.1,4386.609176,32775,40222.24,0.3028974775,0.28576649,0.2709762533,0.09735380595,0.2471981903,0.06474828042,19545,26674,21575,83.39222999,21.38278712,60,60,60,0,,4274840
S14-extreme,errra-no-vulnerability,100026,260367.5493,183734.2,4312.799294,32550,39770.55,0.2900338125,0.2888905525,0.2712250095,0.09743004764,0.2347954553,0.1022861863,18998,26900,21808,83.11746179,22.02083485,60,60,60,0,,4233135
S14-extreme,errra-no-vulnerability,100027,267185.9246,189622,4409.194588,32950,40204.73,0.3041314498,0.3126000873,0.303118087,0.1368647661,0.2436026735,0.1073877496,18887,27212,21930,81.63174024,21.54771559,60,60,60,0,,4224915
S14-extreme,errra-no-vulnerability,100028,264794.5149,187397.6,4403.704941,33450,39543.21,0.3038548209,0.3052051348,0.29576326,0.1258530711,0.2483081002,0.1224361591,18781,26763,21521,82.10241361,21.55990794,60,60,60,0,,4176495
S14-extreme,errra-no-vulnerability,100029,264546.9205,187404.4,4374.615529,32725,40042.905,0.3002758124,0.3046696619,0.2959080509,0.1261392154,0.2421561996,0.0700164409,18881,26948,21878,82.21354843,21.60892193,60,60,60,0,,4215250
S14-extreme,errra-no-vulnerability,100030,262616.1748,186101.1,4423.334824,32875,39216.74,0.3044197361,0.2910306407,0.282023565,0.1086358451,0.2457972134,0.02993620239,19089,26564,21397,83.00770722,21.40499559,60,60,60,0,,4204120
S14-extreme,errra-no-vulnerability,100031,265445.8213,188098.3,4390.751294,32700,40256.77,0.297593128,0.2820082461,0.2612156677,0.08441134196,0.2392322338,0.1199841434,19678,27250,22140,83.69684936,21.69573235,60,60,60,0,,4329590
S14-extreme,errra-no-vulnerability,100032,266674.1462,189024.4,4440.381176,33050,40159.365,0.3076419941,0.3085879047,0.3009662601,0.1319826908,0.2512545483,0.09239866881,18944,26949,21809,81.89916809,21.41730092,60,60,60,0,,4191540
S14-extreme,errra-no-vulnerability,100033,261714.9054,186331.1,4412.670353,33025,37946.135,0.3062493961,0.3049180328,0.2971793333,0.1275904104,0.2520647272,0.05775296844,18656,26344,21294,82.19009633,21.26756208,60,60,60,0,,4146210
S14-extreme,errra-no-vulnerability,100034,265444.1859,188249,4483.785882,33075,39636.4,0.3110531854,0.309352783,0.3007337582,0.1337579618,0.2525007842,0.08111062217,18749,26416,21689,81.68269679,21.24650851,60,60,60,0,,4154935
S14-extreme,errra-no-vulnerability,100035,263056.0981,186710.5,4343.798118,33150,38851.8,0.3033411878,0.3022624098,0.2923274067,0.125206257,0.253782299,0.1114719114,18751,26259,21299,82.02576074,21.25225062,60,60,60,0,,4168915
S14-extreme,errra-no-vulnerability,100036,262230.1052,185980.3,4442.320235,33075,38732.485,0.3080096004,0.3049215672,0.2949828403,0.1273683501,0.2528832928,0.0804942589,18699,26740,21416,82.02966121,21.57507267,60,60,60,0,,4140305
S14-extreme,errra-no-vulnerability,100037,266476.3399,188625.5,4304.344941,32400,41146.495,0.3015005845,0.2974043115,0.2815246162,0.1100911416,0.2510839574,0.1022748052,19164,27229,21695,82.54775639,21.68893289,60,60,60,0,,4236665
S14-extreme,errra-no-vulnerability,100038,267570.1883,189613.6,4454.063294,33500,40002.525,0.3069419722,0.3021005169,0.2931043706,0.1233331122,0.2486946298,0.079011014,19038,26744,21901,82.33389919,21.39590602,60,60,60,0,,4212120
S14-extreme,errra-no-vulnerability,100039,265703.4628,188152.2,4419.362824,32475,40656.9,0.2990164012,0.3066373304,0.2976847918,0.1298684211,0.2469783196,0.08371938273,18908,27302,22128,81.84806511,21.73821049,60,60,60,0,,4227220
S14-extreme,errra-no-vulnerability,100040,264961.8549,187787.7,4424.589882,33500,39249.565,0.2973803635,0.2711183819,0.2586150491,0.07816949153,0.2347893367,0.04187832126,19604,26426,21082,84.49647196,21.26851874,60,60,60,0,,4270695
S14-extreme,errra-no-vulnerability,100041,262439.8549,185820,4353.429882,32750,39516.425,0.2991338058,0.2892188026,0.2793942672,0.1065513311,0.246281975,0.06274893321,19007,26533,21303,83.09724742,21.52793022,60,60,60,0,,4195655
S14-extreme,errra-no-vulnerability,100042,265539.4942,188860.1,4491.604235,32750,39437.79,0.2971912925,0.279795022,0.2524006223,0.07616837918,0.2398087394,0.182484192,19676,26689,21662,83.79052349,21.26774517,60,60,60,0,,4315285
S14-extreme,errra-no-vulnerability,100043,267124.1301,189311.2,4439.390118,33600,39773.54,0.3040613794,0.2897440619,0.2764044944,0.1027070064,0.2470256135,0.08409406746,19287,26597,21333,83.23694162,21.15008876,60,60,60,0,,4251950
S14-extreme,errra-no-vulnerability,100044,258550.3108,182956.7,4389.170824,32975,38229.44,0.3054991063,0.2938126902,0.2795563121,0.1080290978,0.2451374377,0.08373602468,18798,26321,21222,82.69836187,21.63105061,60,60,60,0,,4125530
S14-extreme,errra-no-vulnerability,100045,266338.8065,189692.3,4446.356471,32875,39325.15,0.3096459936,0.3142742757,0.3110922677,0.1454210769,0.2547822477,0.04109404405,18841,27054,21636,81.54008337,21.39938609,60,60,60,0,,4192180
S14-extreme,errra-no-vulnerability,100046,264971.7481,187246.3,4450.838118,33375,39899.61,0.2945031334,0.2879844392,0.2708056014,0.1013189842,0.2319694509,0.1059230586,19401,27092,22218,83.08772966,21.77153089,60,60,60,0,,4295865
S14-extreme,errra-no-vulnerability,100047,264968.6212,187623.3,4472.296235,33425,39448.025,0.3037525477,0.3054079976,0.2916644303,0.1235305838,0.240754638,0.1086238927,18829,26655,21764,81.98248158,21.42860568,60,60,60,0,,4187150
S14-extreme,errra-no-vulnerability,100048,265261.7432,188020.8,4457.788235,33675,39108.155,0.3038569972,0.3002926251,0.2916101005,0.1208976346,0.2458818169,0.06254655499,18890,26249,21517,82.48203473,21.18765521,60,60,60,0,,4190170
S14-extreme,errra-no-vulnerability,100049,270660.7924,191948.5,4458.217412,33350,40904.075,0.2940508522,0.2716752587,0.2516290466,0.07749646575,0.2368461264,0.06988625214,20203,27391,22350,84.37202336,21.50383967,60,60,60,0,,4422715
S14-extreme,errra-no-vulnerability,100050,263006.9866,186452.3,4381.661647,33075,39098.025,0.3012247961,0.2792521558,0.2591372888,0.0830549245,0.2410234737,0.09103269665,19391,26379,21315,83.88110792,21.37459153,60,60,60,0,,4245535
S14-extreme,errra-no-vulnerability,100051,266489.9747,188979.6,4460.964706,33350,39699.41,0.2971499822,0.2833705643,0.2699717167,0.09535775691,0.2411373198,0.04452459776,19569,27214,21917,83.78762693,21.70720817,60,60,60,0,,4314800
S14-extreme,errra-no-vulnerability,100052,267506.9916,189250.4,4446.161647,33400,40410.43,0.3020945954,0.3052290674,0.2941735275,0.1243943957,0.2471614368,0.08791742416,19093,27034,21843,81.94948409,21.52489634,60,60,60,0,,4242105
S14-extreme,errra-no-vulnerability,100053,263474.9843,186700,4443.599294,33375,38956.385,0.3061875143,0.2941896251,0.2830722367,0.114128243,0.2466232322,0.05042104542,19035,26775,21502,82.71030548,21.5108459,60,60,60,0,,4205200
S14-extreme,errra-no-vulnerability,100054,267080.504,189525.9,4397.664,32775,40381.94,0.2987649341,0.2892745398,0.2781456954,0.1025875588,0.2450514987,0.06158289612,19535,27228,21843,83.28306289,21.64827316,60,60,60,0,,4296660
S14-extreme,errra-no-vulnerability,100055,265619.6722,188063.9,4412.577176,32800,40343.195,0.3043550433,0.2955104438,0.2884954806,0.1181305933,0.2524308668,0.0384460343,19191,27797,22391,82.57242561,22.11604359,60,60,60,0,,4237810
S14-extreme,errra-no-vulnerability,100056,266532.5854,188720.4,4386.145412,32300,41126.04,0.2969153804,0.2717121588,0.2606708127,0.08751558092,0.2389835184,0.05091633429,19958,27496,22104,84.34032156,21.96092657,60,60,60,0,,4349715
S14-extreme,errra-no-vulnerability,100057,268981.1336,190469.8,4514.038588,33450,40547.295,0.302937199,0.3040560364,0.2902748414,0.1202253816,0.246972703,0.09096640915,18977,26924,21587,82.01602637,21.31797907,60,60,60,0,,4235750
S14-extreme,errra-no-vulnerability,100058,269796.8808,190324.6,4402.195765,33150,41920.085,0.2976038132,0.2977658494,0.2814454842,0.1106916629,0.2436588909,0.1268048715,19362,28085,22548,82.52844501,22.11600549,60,60,60,0,,4307635
S14-extreme,errra-no-vulnerability,100059,268277.9508,190340,4450.435765,32725,40762.515,0.2994100642,0.3000792907,0.2924046676,0.123111685,0.2386553191,0.05754692965,19420,27805,22531,82.45885322,21.95246433,60,60,60,0,,4312835
S14-extreme,errra-no-vulnerability,100060,264749.7313,187825.7,4471.271294,32950,39502.76,0.2985949178,0.2809369476,0.2682992902,0.09338077336,0.2401467671,0.06472654002,19524,26856,21636,83.73516476,21.48249925,60,60,60,0,,4276765
S14-extreme,errra-no-vulnerability,100061,268829.5561,189823.7,4430.246118,33750,40825.61,0.2996137075,0.2993752297,0.2931356339,0.1203955665,0.2481556463,0.06742502342,19064,27127,21857,82.55582396,21.5243388,60,60,60,0,,4250705
S14-extreme,errra-no-vulnerability,100062,262381.3399,185672.2,4421.889882,33375,38912.25,0.2986493853,0.2957172246,0.2821690172,0.1109004739,0.2390376407,0.09695975258,18829,26526,21340,82.53518052,21.515632,60,60,60,0,,4185420
S14-extreme,errra-no-vulnerability,100063,265547.0639,188155.6,4378.648941,33100,39912.815,0.2947744316,0.296898998,0.2850328599,0.1142481944,0.2417953087,0.07365258614,19227,27157,22026,82.66178435,21.66381383,60,60,60,0,,4279580
S14-extreme,errra-no-vulnerability,100064,268953.5775,190456.9,4528.832471,33050,40917.845,0.296384379,0.2830202391,0.2710983885,0.09812409812,0.2352608681,0.056725303,19732,27512,22136,83.50308889,21.8263301,60,60,60,0,,4341430
S14-extreme,errra-no-vulnerability,100065,266002.4789,188134.1,4464.148941,33000,40404.23,0.3048151948,0.3072617469,0.2963301273,0.1279216888,0.2482735885,0.09780975923,18812,26982,21829,81.68853321,21.56100122,60,60,60,0,,4191080
S14-extreme,errra-no-vulnerability,100066,265183.7721,188873.6,4398.302118,32800,39111.87,0.3116178457,0.3054511971,0.2890711829,0.1177011494,0.2501800226,0.1258472321,18857,26661,21393,82.04554384,21.25811194,60,60,60,0,,4167800
S14-extreme,errra-no-vulnerability,100067,269192.0351,189344.8,4396.550118,33225,42225.685,0.3019108883,0.2946108223,0.2858875646,0.120200117,0.2492447388,0.05796867629,19267,27741,22256,82.60122563,22.02377968,60,60,60,0,,4256145
S14-extreme,errra-no-vulnerability,100068,265049.63,187725.1,4428,32600,40296.53,0.2934499065,0.2960432051,0.2871382122,0.1155346869,0.2399661655,0.04940024929,19161,27285,22394,82.69174663,21.86195848,60,60,60,0,,4276025
S14-extreme,errra-no-vulnerability,100069,263838.5334,186603,4443.253412,33075,39717.28,0.2993349441,0.3149047304,0.3002366609,0.1350309155,0.2398192414,0.1776904024,18625,27474,22122,81.25853897,21.95281213,60,60,60,0,,4201805
S14-extreme,errra-no-vulnerability,100070,266144.4901,188938.8,4383.115059,33350,39472.575,0.3056691018,0.3134278873,0.3037056644,0.1343293405,0.2470672609,0.1028296552,18637,26865,21718,81.74050588,21.3559724,60,60,60,0,,4187370
S14-extreme,errra-no-vulnerability,100071,264862.7648,187977.4,4462.999765,33600,38822.365,0.3164229715,0.3177871772,0.3102325581,0.1434647583,0.2562871513,0.08890288855,18387,26288,21142,81.36497861,21.01525901,60,60,60,0,,4086995
S14-extreme,errra-no-vulnerability,100072,268773.5384,190029.7,4413.918353,33000,41329.92,0.2956195362,0.2907335487,0.2703125815,0.09623836608,0.2421889537,0.1413388388,19541,27629,22492,82.97656342,21.94054665,60,60,60,0,,4321810
S14-extreme,errra-no-vulnerability,100073,264264.2706,187439.8,4402.150588,33450,38972.32,0.3048780488,0.2959221709,0.2858683345,0.1171177176,0.2511438562,0.05148106309,18889,26495,21150,82.56482439,21.25761144,60,60,60,0,,4207200
S14-extreme,errra-no-vulnerability,100074,264115.5161,186666,4460.726118,33300,39688.79,0.3025898678,0.3014995763,0.2865607326,0.1167644705,0.241266185,0.1165436889,18958,27194,22060,82.38954666,21.90133381,60,60,60,0,,4204600
S14-extreme,errra-no-vulnerability,100075,265982.896,187554,4483.296,33475,40470.6,0.299008081,0.284271816,0.2731806725,0.1029256023,0.2424958721,0.03868801437,19422,26921,22097,83.33930107,21.69509531,60,60,60,0,,4271885
S14-extreme,errra-no-vulnerability,100076,265787.9686,188665.7,4321.013647,31950,40851.255,0.2992273836,0.2930775707,0.2771790311,0.103730133,0.2466744578,0.1143165701,19311,27022,21684,82.94419594,21.48168923,60,60,60,0,,4268255
S14-extreme,errra-no-vulnerability,100077,266188.1147,188559.5,4457.784706,32975,40195.83,0.2951894524,0.2817515573,0.2676872375,0.09314112691,0.2375452627,0.07563183045,19601,27421,22122,83.74555301,21.85246466,60,60,60,0,,4306260
S14-extreme,errra-no-vulnerability,100078,265474.0293,187368,4441.199294,33050,40614.83,0.2968637864,0.2902303066,0.2774331551,0.105520985,0.2394425233,0.06928389735,19354,27322,22014,82.93421448,21.93115162,60,60,60,0,,4250430
S14-extreme,errra-no-vulnerability,100079,268795.5179,191077.9,4478.392941,32925,40314.225,0.3010461972,0.2881789368,0.2779599271,0.1088129496,0.2430321593,0.08313803784,19763,27331,22287,83.03325897,21.54496297,60,60,60,0,,4331885
S14-extreme,errra-no-vulnerability,100080,269101.3455,190165.5,4436.720471,33650,40849.125,0.3068998591,0.2972203983,0.2822554954,0.1091927512,0.2518761321,0.1263104334,19266,27224,21774,82.48222571,21.52319096,60,60,60,0,,4256220
S14-extreme,errra-no-vulnerability,100081,263061.1419,185726.6,4402.996941,32800,40131.545,0.3051158523,0.3087972611,0.3035152436,0.136641786,0.2540931546,0.05558221202,18574,26940,21942,81.63466624,21.74533029,60,60,60,0,,4140095
S14-extreme,errra-no-vulnerability,100082,265873.4534,188789.1,4460.053412,33125,39499.3,0.3032684557,0.2923003976,0.2804755614,0.1106394096,0.2439049551,0.07363339518,19403,27031,22098,82.827184,21.54028797,60,60,60,0,,4250750
S14-extreme,errra-no-vulnerability,100083,267002.3003,188019.8,4417.535294,33150,41414.965,0.2906220984,0.2929396662,0.2835183604,0.111464125,0.2331425211,0.06587922999,19278,27647,22344,82.67948845,22.12224127,60,60,60,0,,4286540
S14-extreme,errra-no-vulnerability,100084,260796.5892,184449,4427.829176,32675,39244.76,0.2974789098,0.2993026395,0.2829102473,0.1116620254,0.243902439,0.1113022764,18689,26640,21377,82.46375722,21.73541334,60,60,60,0,,4164000
S14-extreme,errra-no-vulnerability,100085,266237.6736,188337.9,4445.218588,33325,40129.555,0.3009460862,0.2933818931,0.2764886629,0.1028117199,0.244564099,0.07762953166,19208,26906,21887,82.95818812,21.65394481,60,60,60,0,,4235940
S14-extreme,errra-no-vulnerability,100086,265244.7683,188347.4,4441.463294,32525,39930.905,0.2995930281,0.2882879577,0.2772371483,0.1039276113,0.2418150685,0.05015497178,19397,27405,22342,83.30556356,21.90003678,60,60,60,0,,4277800
S14-extreme,errra-no-vulnerability,100087,265009.3382,187894,4444.168235,32700,39971.17,0.3047264572,0.3009983117,0.2925955627,0.1231860049,0.2485867869,0.05179696068,19045,26940,21867,82.13276524,21.56679312,60,60,60,0,,4216185
S14-extreme,errra-no-vulnerability,100088,267066.2217,189269.5,4468.416706,32950,40378.305,0.3020479025,0.3180300501,0.3038872945,0.1386041009,0.2468535614,0.1791351827,18791,27484,22410,80.71282991,21.76502268,60,60,60,0,,4234490
S14-extreme,errra-no-vulnerability,100089,268768.6969,190362.5,4440.021882,33000,40966.175,0.3016761093,0.2997533193,0.2905274206,0.1209441446,0.247821713,0.06554418073,19303,27399,22290,82.33101576,21.74301229,60,60,60,0,,4289135
S14-extreme,errra-no-vulnerability,100090,263398.8758,186269.4,4439.150824,32925,39765.325,0.3047705314,0.2935571519,0.2735236859,0.1050562921,0.2460489455,0.1457384128,18980,26638,21211,82.68339225,21.4642029,60,60,60,0,,4183290
S14-extreme,errra-no-vulnerability,100091,268807.7388,190145.6,4433.323765,33450,40778.815,0.3062002201,0.2981979667,0.2811225841,0.1097121123,0.2525818876,0.104799746,19122,27051,21995,82.52196667,21.58994994,60,60,60,0,,4234955
S14-extreme,errra-no-vulnerability,100092,263171.2428,186343.7,4388.822824,32550,39888.72,0.2960927519,0.2788999666,0.2655379456,0.09025125628,0.2445370322,0.06747081781,19456,26857,21624,83.73459896,21.64405717,60,60,60,0,,4264180
S14-extreme,errra-no-vulnerability,100093,268086.3288,189603.4,4379.198824,33625,40478.73,0.305417495,0.3083518809,0.2963293131,0.1277301092,0.2504410667,0.1223994594,18956,27213,21876,81.66364497,21.55658904,60,60,60,0,,4241990
S14-extreme,errra-no-vulnerability,100094,267663.4022,189008.1,4420.497176,33450,40784.805,0.3002075796,0.306394966,0.2937404741,0.1244461819,0.2498160349,0.1101151858,18959,27268,22003,81.81130892,21.6428563,60,60,60,0,,4233930
S14-extreme,errra-no-vulnerability,100095,263142.0903,185963.9,4434.755294,33200,39543.435,0.2987445772,0.3008160515,0.2911135491,0.1197466113,0.2488617238,0.08113525473,18678,26508,21452,82.33331084,21.54999879,60,60,60,0,,4168420
S14-extreme,errra-no-vulnerability,100096,263758.7392,186822.2,4469.769176,32825,39641.77,0.3077460547,0.310715348,0.2988574538,0.1310767986,0.251410989,0.1028279395,18539,26765,21426,81.66154824,21.52397302,60,60,60,0,,4126200
S14-extreme,errra-no-vulnerability,100097,264755.8872,187686.8,4406.812235,32200,40462.275,0.3012915041,0.3043350585,0.2955461294,0.1260360479,0.2466741052,0.06251378503,18952,27368,22424,81.96550599,21.84884883,60,60,60,0,,4224885
S14-extreme,errra-no-vulnerability,100098,264750.6682,187308.5,4466.788235,33200,39775.38,0.3034563562,0.3033499907,0.2860845618,0.1175410493,0.2438229089,0.1495214988,18820,27200,22027,82.06711691,21.76264601,60,60,60,0,,4185990
S14-extreme,errra-no-vulnerability,100099,266853.0142,189861.8,4443.544235,32600,39947.67,0.3073861489,0.3057269362,0.2965119329,0.1312346159,0.2536591204,0.09597633005,19130,27049,21907,81.77037177,21.43524424,60,60,60,0,,4244270
S14-extreme,errra-no-vulnerability,100100,261434.5089,185356.6,4437.988941,32900,38739.92,0.3083547309,0.3074158649,0.2982138944,0.1315932203,0.2506035646,0.08585099113,18501,26521,21516,81.73473713,21.56197616,60,60,60,0,,4096930
S14-extreme,errra-no-rolling,100001,268022.5386,188285.8,4426.438588,34650,40660.3,0.296991142,0.2933926488,0.2864690654,0.1179544119,0.2425648634,0.03844756161,19378,27272,21720,82.96568028,21.78018951,60,60,60,0,,4290455
S14-extreme,errra-no-rolling,100002,264009.0044,184880.5,4371.109412,34175,40582.395,0.2814555178,0.2826377048,0.2791379404,0.1098672744,0.2350656426,0.012648115,19353,27585,22276,83.45890054,22.33886199,60,60,60,0,,4315705
S14-extreme,errra-no-rolling,100003,263888.1999,185913.5,4413.244941,34175,39386.455,0.288661652,0.2903130319,0.2854820354,0.1140303723,0.2337178225,0.01543028867,19180,27310,21750,83.03955697,21.99515753,60,60,60,0,,4267800
S14-extreme,errra-no-rolling,100004,268335.5809,187897.4,4398.105882,34825,41215.075,0.2898976678,0.2702811983,0.2576887982,0.08094098884,0.2365501941,0.0421264158,19852,27514,22076,84.38103772,22.02457163,60,60,60,0,,4363545
S14-extreme,errra-no-rolling,100005,271530.6475,189817.5,4441.652471,35750,41521.495,0.2885017916,0.2908397227,0.2867385416,0.1138822908,0.2381969482,0.02044793091,19331,27523,22009,83.03685792,21.75150483,60,60,60,0,,4331660
S14-extreme,errra-no-rolling,100006,266981.0942,187781.3,4371.249176,34450,40378.545,0.2912646894,0.2964090526,0.2860847933,0.1140304782,0.2363567284,0.07116054385,19182,27225,21812,82.60227831,21.82419395,60,60,60,0,,4273650
S14-extreme,errra-no-rolling,100007,267783.1707,187729.9,4411.680706,34575,41066.59,0.2910791983,0.2922722114,0.2840975197,0.1130258158,0.237324889,0.04114057554,19333,27703,22363,83.00552288,22.12897358,60,60,60,0,,4301180
S14-extreme,errra-no-rolling,100008,267541.8198,188188.6,4365.919765,34625,40362.3,0.2861258944,0.2830535925,0.2778397324,0.1067980296,0.2370780546,0.03354640626,19478,27301,21955,83.37887321,21.78109559,60,60,60,0,,4337360
S14-extreme,errra-no-rolling,100009,268778.1916,188297.9,4362.406588,34675,41442.885,0.2877253789,0.2804528413,0.2695084404,0.09562302839,0.2349038165,0.03906663134,19576,27702,22029,83.74383888,22.10168908,60,60,60,0,,4344435
S14-extreme,errra-no-rolling,100010,271718.2881,190767.4,4438.358118,34975,41537.53,0.2870914648,0.2879550806,0.2767562471,0.1087209302,0.2388239281,0.02746776813,19656,27905,22293,83.2165145,21.93011992,60,60,60,0,,4373640
S14-extreme,errra-no-rolling,100011,265368.7381,185885.4,4369.483059,35475,39638.855,0.2876532505,0.2698247698,0.2530309591,0.07741159168,0.2352972037,0.05739671992,19668,26990,21788,84.34062478,21.74127466,60,60,60,0,,4340905
S14-extreme,errra-no-rolling,100012,266218.2111,186811.6,4384.651059,34675,40346.96,0.2912670067,0.2922629778,0.2845580405,0.1186618563,0.2391521972,0.05829910239,19237,27242,22015,82.66354155,21.92521232,60,60,60,0,,4292355
S14-extreme,errra-no-rolling,100013,265811.8965,186989.4,4422.891529,34475,39924.605,0.286486228,0.2733699054,0.2640329306,0.08864027539,0.2323536058,0.03036328091,19736,27006,22003,84.36109118,21.79484267,60,60,60,0,,4354425
S14-extreme,errra-no-rolling,100014,268913.6738,188364.3,4453.423765,34500,41595.95,0.2854745897,0.2934877942,0.2888299284,0.121525957,0.2326881647,0.0327620204,19333,28026,22693,82.74730823,22.27268968,60,60,60,0,,4334375
S14-extreme,errra-no-rolling,100015,267105.6045,187700.4,4348.724471,34375,40681.48,0.2918660857,0.2868476145,0.2791945596,0.1074929281,0.2402250013,0.05595936298,19417,27188,21883,83.29614907,21.76897159,60,60,60,0,,4299045
S14-extreme,errra-no-rolling,100016,263304.6156,185139.2,4409.590588,34375,39380.825,0.2901052836,0.2834252497,0.2733670552,0.09880668258,0.2375990738,0.03907313619,19230,26681,21451,83.68317246,21.72507542,60,60,60,0,,4258435
S14-extreme,errra-no-rolling,100017,268702.1041,189107.8,4455.739059,34000,41138.565,0.2886847707,0.2799204771,0.2680227656,0.09593855767,0.2373818655,0.06393125739,19921,27983,22370,83.79661991,22.1452127,60,60,60,0,,4403730
S14-extreme,errra-no-rolling,100018,266729.5458,187820.2,4390.735765,34400,40118.61,0.2957837219,0.2865612648,0.2807522242,0.1089625132,0.2426040636,0.02099998547,19494,27153,21698,83.35189283,21.72095493,60,60,60,0,,4284880
S14-extreme,errra-no-rolling,100019,266083.919,187156.4,4394.004,34550,39983.515,0.2932391065,0.2985443155,0.2925155479,0.1256874048,0.2379265434,0.04066070089,19034,27256,21736,82.34634657,21.81912756,60,60,60,0,,4257185
S14-extreme,errra-no-rolling,100020,267016.1144,187816.9,4363.729412,34225,40610.485,0.2842058795,0.2828101535,0.274973545,0.102560744,0.2354843148,0.03519193966,19580,27474,21811,83.57345068,21.92292641,60,60,60,0,,4360360
S14-extreme,errra-no-rolling,100021,265173.6149,185961.4,4410.609882,34350,40451.605,0.2903093973,0.293148341,0.2906787918,0.1207139502,0.2411453883,0.01767035429,19003,27212,21904,82.81892656,22.01699642,60,60,60,0,,4246115
S14-extreme,errra-no-rolling,100022,270237.4496,189827.4,4427.909647,35425,40557.14,0.2912191367,0.291045596,0.283035904,0.1099756049,0.2396655909,0.04131443289,19358,27280,21823,83.19002541,21.61636568,60,60,60,0,,4320505
S14-extreme,errra-no-rolling,100023,269820.2682,189803.8,4430.428235,34775,40811.04,0.2885545723,0.2871143376,0.284285185,0.1116804625,0.238743294,0.01303750172,19640,27596,22085,83.27457391,21.83781711,60,60,60,0,,4373400
S14-extreme,errra-no-rolling,100024,269754.297,189086.9,4435.212,34700,41532.185,0.2867814727,0.2831832598,0.2789953607,0.1073479897,0.2395329065,0.01373275413,19663,27473,22085,83.35643819,21.8707601,60,60,60,0,,4364185
S14-extreme,errra-no-rolling,100025,267522.8688,187585.7,4338.703765,34325,41273.465,0.2865588573,0.2727571716,0.2624802111,0.08683436785,0.2364572001,0.04112510201,19901,27361,21916,84.31628799,21.92739585,60,60,60,0,,4380270
S14-extreme,errra-no-rolling,100026,262060.8321,184404.2,4338.907059,34300,39017.725,0.2943394391,0.2899386136,0.2834696863,0.1125947796,0.2416194731,0.02318615786,18970,26661,21189,83.08666395,21.68105524,60,60,60,0,,4202540
S14-extreme,errra-no-rolling,100027,268520.2041,188996,4373.839059,34250,40900.365,0.2880312075,0.2803901587,0.268829664,0.09439624242,0.2341156561,0.05169562787,19772,27505,22212,83.94962461,21.8739169,60,60,60,0,,4372355
S14-extreme,errra-no-rolling,100028,265444.2019,187208.8,4373.781882,34175,39686.62,0.2932348852,0.2982871518,0.2892949547,0.117824167,0.2397788321,0.06404483231,18968,26984,21489,82.57967543,21.65110035,60,60,60,0,,4246600
S14-extreme,errra-no-rolling,100029,266424.2025,187136.2,4383.927529,34650,40254.075,0.2901187193,0.2825734698,0.2741446283,0.09912825254,0.2368316076,0.04870145106,19481,27073,21665,83.77139773,21.71618899,60,60,60,0,,4307635
S14-extreme,errra-no-rolling,100030,263965.575,185603.1,4369.8,34325,39667.675,0.2973331885,0.2894336119,0.2873202897,0.1152117023,0.2442529744,0.00782534137,19132,26802,21457,83.10346405,21.67147151,60,60,60,0,,4233250
S14-extreme,errra-no-rolling,100031,266650.6589,187655.5,4353.213882,33925,40716.945,0.2879680194,0.2867150728,0.272022774,0.09780478244,0.2344637129,0.08981000824,19549,27481,22155,83.37697399,21.95238605,60,60,60,0,,4343725
S14-extreme,errra-no-rolling,100032,267190.7347,188412.6,4399.164706,33575,40803.97,0.2847849872,0.2839884667,0.271872855,0.09585628114,0.230336788,0.07789017822,19618,27190,21783,83.61612737,21.69828037,60,60,60,0,,4358715
S14-extreme,errra-no-rolling,100033,263098.1749,184873.3,4378.924941,34650,39195.95,0.286416562,0.2915052161,0.2826668122,0.1095760531,0.229233354,0.03841635999,19016,26954,21829,83.13407995,21.97195381,60,60,60,0,,4249855
S14-extreme,errra-no-rolling,100034,266841.1413,186859.8,4407.011294,34625,40949.33,0.2888248517,0.2906398497,0.2838626747,0.1128582803,0.2335401345,0.02408227365,19257,27362,21964,82.99729483,21.94659939,60,60,60,0,,4290505
S14-extreme,errra-no-rolling,100035,264717.8612,185830.3,4309.456235,35025,39553.105,0.2953175035,0.2876386098,0.2780180469,0.1075176556,0.240507426,0.03274668766,19144,26844,21594,83.06523396,21.68456287,60,60,60,0,,4233030
S14-extreme,errra-no-rolling,100036,263321.3349,185302.1,4406.529882,34425,39187.705,0.2946341346,0.2997174931,0.288663725,0.119546895,0.2401862237,0.1049431452,18839,27052,21602,82.39580552,21.86113155,60,60,60,0,,4209445
S14-extreme,errra-no-rolling,100037,268977.5712,188324.1,4335.736235,35050,41267.735,0.2863396713,0.2747836926,0.2643197459,0.08878106354,0.2364483899,0.0366941958,19781,27208,21897,84.16114836,21.75480115,60,60,60,0,,4365535
S14-extreme,errra-no-rolling,100038,268111.7361,188246,4428.511059,34300,41137.225,0.2921205649,0.2831848675,0.2749157439,0.1007762224,0.2360904596,0.03085348691,19554,27515,22244,83.69134099,21.9990744,60,60,60,0,,4320700
S14-extreme,errra-no-rolling,100039,267980.3297,188526,4422.624706,34850,40181.705,0.2931647617,0.2928126146,0.2896665251,0.1199342105,0.2404793425,0.03718356981,19285,27127,21602,82.80795829,21.51304131,60,60,60,0,,4300895
S14-extreme,errra-no-rolling,100040,266286.6052,186517.9,4402.900235,34825,40540.805,0.2852306289,0.2796698394,0.2742093784,0.09755932203,0.2347717521,0.01806115299,19374,27278,21692,83.88745107,21.9252167,60,60,60,0,,4319725
S14-extreme,errra-no-rolling,100041,264043.1232,185033,4300.288235,34475,40234.835,0.2846447392,0.2879847425,0.2790697674,0.1061489975,0.2308849774,0.03114092948,19040,26964,21623,83.18542803,21.96174208,60,60,60,0,,4252370
S14-extreme,errra-no-rolling,100042,266461.716,187389.9,4441.416,33875,40755.4,0.2852220977,0.2866764275,0.2779893783,0.1077891946,0.2343117409,0.07697065936,19488,27521,22110,83.3117297,22.04360888,60,60,60,0,,4335270
S14-extreme,errra-no-rolling,100043,268055.7988,187922.2,4394.558824,34600,41139.04,0.2915758247,0.2894862825,0.2799357945,0.1070859873,0.2396827321,0.03645921984,19294,27451,21745,83.25404631,21.88212588,60,60,60,0,,4297325
S14-extreme,errra-no-rolling,100044,260060.9815,183062.5,4352.936471,34600,38045.545,0.2968807384,0.2876141102,0.2790071935,0.107349242,0.2464591259,0.05874115092,18963,26354,20977,83.13887288,21.55166124,60,60,60,0,,4188065
S14-extreme,errra-no-rolling,100045,267843.7182,188442.7,4413.748235,34275,40712.27,0.2889294476,0.2809724851,0.2702845938,0.09479981592,0.2310526134,0.03912605261,19756,27646,22136,83.84361471,22.08663498,60,60,60,0,,4356665
S14-extreme,errra-no-rolling,100046,265504.1136,186813.1,4367.398588,34075,40248.615,0.2878782453,0.2776350558,0.2664394867,0.09593805368,0.2360127173,0.03670023071,19683,27323,21948,83.80474596,21.97001492,60,60,60,0,,4347815
S14-extreme,errra-no-rolling,100047,266014.0645,186828.9,4383.999529,34550,40251.165,0.2850137873,0.2757857459,0.2642906983,0.08965929468,0.2299167525,0.0398056119,19632,26913,21664,84.07932339,21.77630979,60,60,60,0,,4343200
S14-extreme,errra-no-rolling,100048,266236.6769,186472.2,4377.201882,34875,40512.275,0.2894487433,0.2841797237,0.2778713006,0.1038479682,0.2359806533,0.02100579526,19325,27088,21775,83.62489627,21.92197229,60,60,60,0,,4279395
S14-extreme,errra-no-rolling,100049,272543.8128,191407.9,4460.227765,35225,41450.685,0.2874601985,0.2830311114,0.2737319502,0.104742321,0.2375252551,0.03379460055,19888,27823,22315,83.57142402,21.84629612,60,60,60,0,,4414210
S14-extreme,errra-no-rolling,100050,264048.9737,185440.3,4357.128706,34450,39801.545,0.2931280711,0.2910347904,0.2844571614,0.1143926233,0.2369028123,0.02130051026,19074,27042,21369,83.04094806,21.87054922,60,60,60,0,,4227130
S14-extreme,errra-no-rolling,100051,267706.4308,188348.4,4417.135765,34700,40240.895,0.2896686854,0.2819057385,0.2730135013,0.09912709959,0.2344127181,0.03000206295,19609,27526,22063,83.88927382,21.99448997,60,60,60,0,,4348790
S14-extreme,errra-no-rolling,100052,269144.3179,188925,4382.992941,35000,40836.325,0.2918057717,0.2893271715,0.2839349799,0.1116930732,0.2382500688,0.01778377005,19530,27361,21690,83.08011107,21.73909634,60,60,60,0,,4329270
S14-extreme,errra-no-rolling,100053,264379.5922,186317.6,4387.197176,34375,39299.795,0.2904390091,0.2816196374,0.271105309,0.09934130932,0.2357116373,0.03761642615,19374,26940,21425,83.59013568,21.67319145,60,60,60,0,,4284570
S14-extreme,errra-no-rolling,100054,268571.6654,189982.9,4439.250353,34200,39949.515,0.2924413017,0.2981154042,0.2889729843,0.116048092,0.24056143,0.07228111019,19292,27079,21537,82.66006274,21.44834909,60,60,60,0,,4302100
S14-extreme,errra-no-rolling,100055,267510.6392,188674.7,4447.749176,34625,39763.19,0.3000746985,0.3005763371,0.2939509012,0.1248922771,0.2458451141,0.06223318316,19053,27553,22013,82.21581065,21.85361458,60,60,60,0,,4248575
S14-extreme,errra-no-rolling,100056,268577.2565,188280.2,4370.876471,34575,41351.18,0.2893045973,0.2741935484,0.2689097964,0.0976841829,0.2370526171,0.02113150693,19890,27849,22312,84.1756654,22.1112099,60,60,60,0,,4382450
S14-extreme,errra-no-rolling,100057,269996.5892,189570.2,4470.124235,34775,41181.265,0.291750694,0.2964280475,0.2891649049,0.1188495053,0.2408839023,0.03374690102,19185,27419,21956,82.54327761,21.73828561,60,60,60,0,,4290570
S14-extreme,errra-no-rolling,100058,271070.6586,190792.8,4368.298588,34550,41359.56,0.291780645,0.2885173364,0.2786020783,0.1071725638,0.2397014377,0.0480930379,19617,27859,22295,83.18287684,21.8338049,60,60,60,0,,4364680
S14-extreme,errra-no-rolling,100059,270023.1858,190179.2,4410.295765,34550,40883.69,0.2875643406,0.2785626757,0.269014378,0.09412524209,0.2314553191,0.03156645453,20017,27875,22124,83.96061786,21.99042236,60,60,60,0,,4416250
S14-extreme,errra-no-rolling,100060,266102.8619,187177.9,4432.336941,34400,40092.625,0.2898893871,0.2804213318,0.2710082895,0.09673737916,0.2368287074,0.03249724552,19538,27243,21681,83.77579887,21.81413453,60,60,60,0,,4318560
S14-extreme,errra-no-rolling,100061,270063.6099,190158.9,4441.389882,34950,40513.32,0.2946250829,0.2966556413,0.2925489359,0.1196654941,0.2473492777,0.04674540915,19138,26989,21573,82.76013089,21.37682482,60,60,60,0,,4284830
S14-extreme,errra-no-rolling,100062,263789.0079,184785.6,4358.757882,34875,39769.65,0.2878929199,0.2883860108,0.2804744725,0.1088016249,0.2342928705,0.03355137718,19025,27145,21739,83.07003274,21.96981406,60,60,60,0,,4249015
S14-extreme,errra-no-rolling,100063,266995.8538,187617.8,4393.363765,34575,40409.69,0.2870848708,0.2820156513,0.2744329023,0.101116218,0.2351523913,0.02503149597,19634,27426,22223,83.69670846,21.95543388,60,60,60,0,,4348560
S14-extreme,errra-no-rolling,100064,270058.4653,190168.1,4454.795294,34250,41185.57,0.2867301647,0.2800043603,0.2713104326,0.09838646202,0.2357062108,0.03058800855,19815,27682,22070,83.72543669,21.93408055,60,60,60,0,,4398705
S14-extreme,errra-no-rolling,100065,267264.4638,187221.7,4410.763765,34375,41257,0.2847359756,0.2707320666,0.2572134759,0.0794432976,0.2292049832,0.04532191063,19804,27487,22123,84.35404002,21.99057482,60,60,60,0,,4364325
S14-extreme,errra-no-rolling,100066,267080.4934,187892.2,4383.013412,34750,40055.28,0.2951011676,0.2947697974,0.2866366764,0.114679803,0.2425676371,0.06114887142,19147,27248,21841,82.80623764,21.77867412,60,60,60,0,,4263430
S14-extreme,errra-no-rolling,100067,270570.8772,189713.4,4407.477176,34600,41850,0.2836533914,0.2820531596,0.2732306719,0.1046065883,0.2316305108,0.03759087588,19610,27615,22018,83.48506227,21.80260855,60,60,60,0,,4377365
S14-extreme,errra-no-rolling,100068,267150.9822,187840.3,4393.437176,34925,39992.245,0.290924684,0.283882582,0.2745589254,0.09992725349,0.2364618757,0.03368817397,19492,27192,21911,83.5369627,21.71488809,60,60,60,0,,4312835
S14-extreme,errra-no-rolling,100069,264673.3528,185874.8,4375.567765,33875,40547.985,0.2885218057,0.2813580519,0.2687715146,0.09613722492,0.235213037,0.06232253527,19537,27782,22414,83.66066474,22.29606947,60,60,60,0,,4338485
S14-extreme,errra-no-rolling,100070,267462.2678,188178,4367.587765,34725,40191.68,0.2881386231,0.2866826303,0.2756484913,0.09944715019,0.2343117668,0.05015641022,19363,27112,21745,83.61303977,21.70347154,60,60,60,0,,4321140
S14-extreme,errra-no-rolling,100071,265751.0613,186855.2,4412.651294,34550,39933.21,0.2891635804,0.2939670525,0.2872421281,0.1136240886,0.2370300025,0.05761858273,19029,26744,21384,83.0436093,21.55498774,60,60,60,0,,4258490
S14-extreme,errra-no-rolling,100072,270544.3879,190158.9,4406.212941,34900,41079.275,0.2905719429,0.2923668832,0.2893597036,0.1198293692,0.23733401,0.01203654099,19496,27634,22207,82.86360175,21.84634844,60,60,60,0,,4350550
S14-extreme,errra-no-rolling,100073,264983.5858,186362.8,4379.270824,34225,40016.515,0.2899195002,0.2767258089,0.2637623335,0.08978802826,0.2367738905,0.04448774704,19404,27148,21607,83.93965062,21.82932837,60,60,60,0,,4304860
S14-extreme,errra-no-rolling,100074,264790.6673,186129.8,4432.307294,34075,40153.56,0.2884383037,0.2877196861,0.2757339079,0.1033608962,0.2287195058,0.06575245147,19332,27587,22107,83.36630037,22.17419702,60,60,60,0,,4301325
S14-extreme,errra-no-rolling,100075,267221.8856,186680.2,4428.185647,34900,41213.5,0.2836816787,0.2761276533,0.2678178796,0.09630659253,0.2312853046,0.02747883762,19643,27508,22182,83.91756047,22.0693269,60,60,60,0,,4357940
S14-extreme,errra-no-rolling,100076,268082.5349,188809.7,4320.969882,34425,40526.865,0.2932473808,0.2926748911,0.2838756932,0.1120337334,0.2433746949,0.03870495195,19322,26787,21058,82.97530979,21.37488638,60,60,60,0,,4296710
S14-extreme,errra-no-rolling,100077,268020.0475,188124.7,4391.672471,34975,40528.675,0.284463713,0.2912055698,0.284749907,0.1142706688,0.2331863191,0.02102354768,19343,27598,22165,83.06889861,22.06889179,60,60,60,0,,4330405
S14-extreme,errra-no-rolling,100078,266444.0711,187013.8,4424.911059,34200,40805.36,0.2860867901,0.2793017456,0.2682352941,0.09413478088,0.2318278668,0.03931392306,19652,27526,22086,83.71699996,22.04422037,60,60,60,0,,4328540
S14-extreme,errra-no-rolling,100079,270740.9034,190599.9,4434.793412,34950,40756.21,0.287457388,0.2783100418,0.2652094718,0.09307553957,0.2312234133,0.04430306964,20037,27659,22176,83.73233573,21.74931233,60,60,60,0,,4420865
S14-extreme,errra-no-rolling,100080,270128.9318,190562.7,4457.551765,34650,40458.68,0.2965625037,0.2918581747,0.2859190825,0.1137397035,0.2406624687,0.02736291941,19413,27048,21381,82.86265457,21.35866952,60,60,60,0,,4308520
S14-extreme,errra-no-rolling,100081,264416.5716,185028.2,4385.021647,34325,40678.35,0.2873788049,0.284571301,0.2784445511,0.1099455316,0.2377028934,0.01565458341,19225,27260,21867,83.36563077,22.04544741,60,60,60,0,,4263655
S14-extreme,errra-no-rolling,100082,267180.2674,188057.1,4428.582353,34450,40244.585,0.2885015516,0.2724586935,0.2607661823,0.08627783946,0.2336921014,0.0414785221,19947,27456,22230,84.22008779,21.86539765,60,60,60,0,,4382530
S14-extreme,errra-no-rolling,100083,268375.3172,188320.6,4418.392235,34600,41036.325,0.28825322,0.2932330827,0.2901366354,0.1196716971,0.2394721823,0.03284760932,19270,27519,21807,82.65135777,21.88926981,60,60,60,0,,4314515
S14-extreme,errra-no-rolling,100084,261971.1908,184123,4368.295765,34075,39404.895,0.2868394464,0.2914667067,0.2881188662,0.1181145147,0.2375204437,0.03019232928,18898,26808,21443,83.00055519,21.8538352,60,60,60,0,,4240030
S14-extreme,errra-no-rolling,100085,267135.2945,187857.1,4393.599529,34375,40509.595,0.2850189098,0.2723393297,0.2561453698,0.07758507423,0.2287193909,0.05702354599,19780,27163,21903,84.46026394,21.81995729,60,60,60,0,,4368055
S14-extreme,errra-no-rolling,100086,266962.4148,187654,4405.214824,34375,40528.2,0.2856041101,0.2824172599,0.274910091,0.1010425546,0.2322260274,0.02586235834,19557,27970,22317,83.72425728,22.21784269,60,60,60,0,,4359435
S14-extreme,errra-no-rolling,100087,266806.484,187789.6,4437.504,34575,40004.38,0.2952783146,0.2851794759,0.2798182304,0.1073487509,0.2448760187,0.0253219565,19476,26950,21492,83.25415116,21.55025887,60,60,60,0,,4304840
S14-extreme,errra-no-rolling,100088,268074.0296,189300.7,4402.889647,34150,40220.44,0.2937452759,0.291826958,0.2795199583,0.1116258123,0.2405183366,0.08968138081,19513,27341,22027,82.63523367,21.6324641,60,60,60,0,,4348280
S14-extreme,errra-no-rolling,100089,270562.6192,190217.7,4424.049176,34900,41020.87,0.2920293525,0.285097584,0.2787719759,0.1063788283,0.2380513922,0.05407756454,19707,27544,22093,83.39271235,21.76792424,60,60,60,0,,4367015
S14-extreme,errra-no-rolling,100090,265238.7989,185929.6,4375.948941,34750,40183.25,0.2920410628,0.2848475825,0.2718472853,0.1029911398,0.2395475448,0.06020829686,19214,26908,21410,83.29696103,21.6436715,60,60,60,0,,4270895
S14-extreme,errra-no-rolling,100091,269354.1465,189271.6,4392.536471,34325,41365.01,0.2910399186,0.2922156568,0.2835583797,0.1127287035,0.2376359112,0.04556783393,19285,27676,21908,82.96117092,21.95244802,60,60,60,0,,4298945
S14-extreme,errra-no-rolling,100092,264713.0858,185847.5,4382.935765,34200,40282.65,0.2882469207,0.2830139728,0.2766268188,0.1039865997,0.237891813,0.03593403802,19345,27210,21588,83.43374797,21.90410249,60,60,60,0,,4285250
S14-extreme,errra-no-rolling,100093,269428.2774,188825,4366.422353,35075,41161.855,0.290861971,0.2860218192,0.2803356057,0.1079043162,0.2383117324,0.02776725702,19568,27605,22350,83.2421809,21.92955363,60,60,60,0,,4341630
S14-extreme,errra-no-rolling,100094,268289.1209,188619.9,4345.125882,34075,41249.095,0.2867682818,0.2758103461,0.2644662848,0.08815480844,0.2342774022,0.04489081264,19795,27396,21950,83.99719681,21.85728011,60,60,60,0,,4375335
S14-extreme,errra-no-rolling,100095,264120.4478,185472.1,4355.642824,34325,39967.705,0.28072514,0.2797783934,0.2732057416,0.1032627205,0.233661086,0.0142512493,19240,26721,21276,83.81639093,21.74702504,60,60,60,0,,4295525
S14-extreme,errra-no-rolling,100096,265775.5001,186698.8,4432.075059,34950,39694.625,0.2974822311,0.2848007139,0.274265506,0.1006000944,0.2476483516,0.03472325806,19236,26840,21288,83.48901994,21.51093844,60,60,60,0,,4248035
S14-extreme,errra-no-rolling,100097,266386.4329,187629.2,4368.652941,33775,40613.58,0.2895894777,0.2902396946,0.2853128314,0.11334035,0.2396704146,0.03280414436,19336,27468,21882,82.96101913,21.89393255,60,60,60,0,,4317885
S14-extreme,errra-no-rolling,100098,265704.7539,186442.7,4406.428941,34400,40455.625,0.2907356264,0.2978715528,0.2904584481,0.122947537,0.2368655077,0.05849988525,18968,27659,22204,82.46918103,22.15973841,60,60,60,0,,4244865
S14-extreme,errra-no-rolling,100099,269067.5639,189019.4,4413.688941,34875,40759.475,0.2904029667,0.2969804747,0.2875950695,0.1202228268,0.237774434,0.06263967228,19371,27524,22199,82.38299781,21.83290816,60,60,60,0,,4342320
S14-extreme,errra-no-rolling,100100,262882.5528,184098,4388.587765,34325,40070.965,0.2873286178,0.2892973459,0.2812294543,0.1105762712,0.236047007,0.0327018434,18985,27231,21841,83.05215601,22.22113754,60,60,60,0,,4241715
S14-extreme,errra-no-essential-priority,100001,277076.6666,182938.9,3334.421647,49800,41003.345,0.2697760574,0.2739206534,0.251703915,0.07497877343,0.2512593155,0.09322224027,19912,26467,20431,84.29929817,20.66657959,60,60,60,0,,4523260
S14-extreme,errra-no-essential-priority,100002,278083.5772,180756.3,3310.492235,54675,39341.785,0.2724819927,0.271702869,0.2485207101,0.07206059794,0.253097594,0.110123034,19648,25880,19923,84.23725454,20.39134205,60,60,60,0,,4458940
S14-extreme,errra-no-essential-priority,100003,277676.9198,181434.8,3352.514824,54025,38864.605,0.2743745644,0.273921409,0.2591990462,0.08144066658,0.2564530876,0.06701177999,19623,25887,19869,84.15434409,20.41134556,60,60,60,0,,4460445
S14-extreme,errra-no-essential-priority,100004,279279.7316,182550.2,3337.601647,52350,41041.93,0.2701927653,0.2699503768,0.2445923461,0.06472620946,0.2520452024,0.1554076539,19861,26563,20299,84.4024019,20.68862446,60,60,60,0,,4505540
S14-extreme,errra-no-essential-priority,100005,280380.6243,184190,3390.179294,51650,41150.445,0.2731874032,0.2731208041,0.2480747783,0.06584850884,0.2533021205,0.1314461236,19814,26119,19979,84.3005487,20.17098899,60,60,60,0,,4503960
S14-extreme,errra-no-essential-priority,100006,279504.9787,182662,3324.408706,53550,39968.57,0.2736912575,0.2759050728,0.2492457524,0.0683131897,0.2545074606,0.14099815,19741,25879,19796,84.0926988,20.25758826,60,60,60,0,,4492880
S14-extreme,errra-no-essential-priority,100007,278543.6194,182507.3,3322.674353,51675,41038.645,0.2686702014,0.2765310979,0.2547464171,0.07666098807,0.2483048222,0.09668215438,19763,26635,20475,84.18212883,20.78649041,60,60,60,0,,4501905
S14-extreme,errra-no-essential-priority,100008,278047.091,182505.5,3314.196,51775,40452.395,0.2717791192,0.2660851001,0.2410387128,0.06128078818,0.2495585538,0.1124266338,19939,26239,20106,84.59051472,20.45300092,60,60,60,0,,4511005
S14-extreme,errra-no-essential-priority,100009,279720.0549,183423.8,3350.764941,52175,40770.49,0.272662528,0.2750496214,0.2531585094,0.07538117771,0.2523402942,0.09497902642,19723,26313,20020,84.14645753,20.42849004,60,60,60,0,,4513610
S14-extreme,errra-no-essential-priority,100010,283623.6344,184730.4,3343.669412,53825,41724.565,0.2699506231,0.2706393769,0.2489693681,0.07058443655,0.2522792747,0.1079377512,20134,26729,20571,84.43939151,20.65074065,60,60,60,0,,4567400
S14-extreme,errra-no-essential-priority,100011,274633.8706,179742.7,3293.765647,51625,39972.405,0.2691668473,0.2784749035,0.2599047413,0.085901464,0.2502841754,0.08512168832,19435,26124,20193,83.71147609,20.67802346,60,60,60,0,,4443025
S14-extreme,errra-no-essential-priority,100012,276515.9236,181939.7,3358.318588,50950,40267.905,0.271223288,0.2719546742,0.2434504792,0.06802230239,0.2483171666,0.1888680219,19789,26236,20289,84.11493474,20.63192661,60,60,60,0,,4485985
S14-extreme,errra-no-essential-priority,100013,278377.4875,181755.1,3362.672471,53275,39984.715,0.2722599464,0.2678840985,0.2495456003,0.07070038395,0.2516121183,0.1254543997,19885,26109,20133,84.72049589,20.55712031,60,60,60,0,,4499640
S14-extreme,errra-no-essential-priority,100014,280862.163,183967.2,3399.348,52725,40770.615,0.2719570843,0.2752521561,0.2523746352,0.07649449397,0.2534623671,0.1145055112,19832,26407,20341,84.05589844,20.49277452,60,60,60,0,,4522355
S14-extreme,errra-no-essential-priority,100015,277307.8636,182298.4,3278.873647,50875,40855.59,0.2704002667,0.274470195,0.2524705132,0.0744029998,0.2505805653,0.1377976099,19754,26278,20335,84.17104636,20.58375598,60,60,60,0,,4494510
S14-extreme,errra-no-essential-priority,100016,275288.428,179548.1,3344.148,52800,39596.18,0.2709143556,0.2758235206,0.2515944579,0.07180361405,0.2492118621,0.1383576952,19434,25903,19886,84.2087674,20.61009947,60,60,60,0,,4413465
S14-extreme,errra-no-essential-priority,100017,280867.6638,184246.8,3382.838824,52025,41213.025,0.268538229,0.2607265498,0.2359295953,0.05630044259,0.2486988084,0.1231508645,20452,26959,20754,85.13946367,20.84307338,60,60,60,0,,4622715
S14-extreme,errra-no-essential-priority,100018,278731.2472,182219,3321.477176,52700,40490.77,0.2699897397,0.2717391304,0.2501731394,0.07107972545,0.2550448528,0.1105683054,19899,26239,20211,84.38499763,20.61202844,60,60,60,0,,4509705
S14-extreme,errra-no-essential-priority,100019,276153.6362,181441.9,3336.676235,51150,40225.06,0.270615105,0.2776487931,0.2555758096,0.08003710329,0.2562646523,0.1143582149,19601,26344,20179,83.84908631,20.66486105,60,60,60,0,,4473100
S14-extreme,errra-no-essential-priority,100020,278327.4866,182012.3,3293.681647,51950,41071.505,0.2674071776,0.2633969452,0.2373015873,0.05593031633,0.2442212438,0.137639311,20110,26601,20410,84.97485627,20.88182447,60,60,60,0,,4549830
S14-extreme,errra-no-essential-priority,100021,275903.3425,180974.8,3324.452471,51625,39979.09,0.2725677332,0.2763353668,0.2587961459,0.08119170637,0.2534572659,0.07849038158,19455,25832,19901,84.01322148,20.39974037,60,60,60,0,,4440650
S14-extreme,errra-no-essential-priority,100022,279533.9392,183498.2,3348.544235,51800,40887.195,0.2706969033,0.283025087,0.2682706607,0.09164633744,0.2552702053,0.08928468096,19577,26373,20185,83.75168686,20.48277577,60,60,60,0,,4474570
S14-extreme,errra-no-essential-priority,100023,279561.7938,183396.9,3335.078824,51125,41704.815,0.2665722714,0.2688203267,0.2476578627,0.06621994482,0.2514783264,0.09287759996,20144,27045,20765,84.57680979,20.97510324,60,60,60,0,,4590825
S14-extreme,errra-no-essential-priority,100024,280842.0206,183776.9,3410.410588,52675,40979.71,0.2738954869,0.2744340345,0.2521729857,0.07414009375,0.2523033679,0.1114212709,19903,26053,19907,84.02895357,20.24408551,60,60,60,0,,4507900
S14-extreme,errra-no-essential-priority,100025,279531.9062,182197.1,3313.641176,52975,41046.165,0.2707576916,0.270783848,0.2493403694,0.07056517478,0.2538120154,0.08638416432,19955,26303,20083,84.48520914,20.55466511,60,60,60,0,,4500025
S14-extreme,errra-no-essential-priority,100026,272789.4262,178122,3241.396235,51525,39901.03,0.2690286799,0.2741802665,0.249932275,0.07105951822,0.2515565092,0.1235789208,19391,25963,20005,84.19345537,20.7667664,60,60,60,0,,4421380
S14-extreme,errra-no-essential-priority,100027,280244.8566,184473.3,3338.206588,52200,40233.35,0.274236066,0.2761682923,0.251764458,0.0732598343,0.2537050649,0.1490137521,19888,26156,20097,84.21982953,20.27954371,60,60,60,0,,4504465
S14-extreme,errra-no-essential-priority,100028,279085.1236,182290.3,3345.538588,53950,39499.285,0.2747998274,0.2743516703,0.2529646399,0.07272848923,0.2562443313,0.1531341016,19615,25894,19790,84.28604735,20.27732895,60,60,60,0,,4454090
S14-extreme,errra-no-essential-priority,100029,276682.9192,182055.6,3319.089176,51250,40058.23,0.272130951,0.2767548059,0.2555738839,0.0760797781,0.2526839759,0.1103506079,19639,25991,19770,84.16589592,20.32178918,60,60,60,0,,4465590
S14-extreme,errra-no-essential-priority,100030,274520.1556,181041.8,3307.690588,51050,39120.665,0.2760373281,0.2748003714,0.2584044968,0.07931289002,0.2585547327,0.05355527059,19526,25580,19475,84.16375482,20.13896635,60,60,60,0,,4418445
S14-extreme,errra-no-essential-priority,100031,278200.8215,182895.3,3324.231529,51525,40456.29,0.2725250146,0.2671215383,0.2397068902,0.05775512871,0.2541553028,0.1414929209,20086,26372,20199,84.74082106,20.60913017,60,60,60,0,,4524405
S14-extreme,errra-no-essential-priority,100032,280137.3639,182796.6,3332.073882,52975,41033.69,0.2688255161,0.2701558451,0.2463699245,0.06418830317,0.2482712239,0.1469950044,19997,26467,20345,84.58862672,20.63044667,60,60,60,0,,4508330
S14-extreme,errra-no-essential-priority,100033,276203.8482,180745.9,3335.493176,53900,38222.455,0.2765243019,0.2849850969,0.2682088494,0.09162941894,0.2577239367,0.0847892164,19191,25562,19612,83.57520528,20.19255484,60,60,60,0,,4384820
S14-extreme,errra-no-essential-priority,100034,278671.75,182144.4,3358.32,52725,40444.03,0.2733642625,0.2685011235,0.2413368325,0.06017781316,0.2525182113,0.1405075479,19858,26022,19927,84.58162491,20.36273197,60,60,60,0,,4492510
S14-extreme,errra-no-essential-priority,100035,276287.2947,180573.2,3281.244706,52900,39532.85,0.2724427527,0.2668750465,0.2415505366,0.0624381229,0.2497617108,0.1622487815,19702,25819,19711,84.54121339,20.38626065,60,60,60,0,,4450385
S14-extreme,errra-no-essential-priority,100036,274064.892,180048.3,3324.612,51525,39166.98,0.2721044951,0.2785294774,0.2563054965,0.079495651,0.2548583924,0.1191716027,19409,25944,19905,83.85836823,20.51224778,60,60,60,0,,4428045
S14-extreme,errra-no-essential-priority,100037,280678.1579,183154.5,3311.397882,53350,40862.26,0.2730992199,0.2766534683,0.2515616728,0.07297882106,0.2548199688,0.1322377486,19730,26073,19841,84.0526462,20.32607295,60,60,60,0,,4479030
S14-extreme,errra-no-essential-priority,100038,280120.2939,183624.4,3371.493882,52850,40274.4,0.2751038329,0.2773562081,0.2583854919,0.08027599018,0.2551782565,0.1137298927,19713,26072,20055,84.09164687,20.23544559,60,60,60,0,,4481265
S14-extreme,errra-no-essential-priority,100039,281501.1518,183185.9,3342.571765,54475,40497.68,0.2723153225,0.2749541621,0.2483538658,0.06875,0.2561766071,0.1325759255,19772,26222,20105,84.09988099,20.41415811,60,60,60,0,,4506070
S14-extreme,errra-no-essential-priority,100040,278675.8231,182162.8,3350.618118,53725,39437.405,0.2763704469,0.2713786437,0.2619411123,0.08230508475,0.25967152,0.03022663359,19597,25736,19507,84.47583906,20.10854323,60,60,60,0,,4435975
S14-extreme,errra-no-essential-priority,100041,274470.2134,179457.4,3265.693412,51900,39847.12,0.2715609667,0.2753449759,0.2593293672,0.0816737075,0.2568674109,0.08281383316,19378,25788,19719,84.09230935,20.44151675,60,60,60,0,,4397690
S14-extreme,errra-no-essential-priority,100042,280229.5025,182664.5,3390.572471,54150,40024.43,0.2725733769,0.2730234261,0.242476262,0.06390454093,0.2483596259,0.1924085523,19861,25971,20031,84.24453316,20.34475811,60,60,60,0,,4496470
S14-extreme,errra-no-essential-priority,100043,278778.0683,182690.8,3346.823294,51950,40790.445,0.2718110011,0.2810900387,0.2638309256,0.08711518047,0.2577108914,0.09666763621,19522,26170,20074,83.82616372,20.42752302,60,60,60,0,,4467335
S14-extreme,errra-no-essential-priority,100044,273073.6485,178427.8,3300.548471,53300,38045.3,0.2742207967,0.2614673729,0.2344736698,0.05221293086,0.2569790495,0.128818667,19659,25347,19418,85.02298333,20.32941997,60,60,60,0,,4405215
S14-extreme,errra-no-essential-priority,100045,279538.0284,183549.2,3348.553412,52300,40340.275,0.2704054422,0.2788979473,0.259579204,0.08151995267,0.2553011173,0.0926071078,19813,26519,20371,83.99421778,20.6684049,60,60,60,0,,4501050
S14-extreme,errra-no-essential-priority,100046,278677.4524,182437.5,3326.082353,53250,39663.87,0.2720262608,0.2747724604,0.2517970289,0.07789225015,0.255468777,0.1235010159,19761,26079,20098,83.99292988,20.42301403,60,60,60,0,,4491565
S14-extreme,errra-no-essential-priority,100047,278113.6617,181735.2,3346.356706,53125,39907.105,0.273072773,0.2783680094,0.2523213998,0.07484890748,0.2512783818,0.1479669231,19562,25928,19944,83.89552195,20.38216041,60,60,60,0,,4439990
S14-extreme,errra-no-essential-priority,100048,277994.3724,180944.9,3320.137412,53200,40529.335,0.2691260272,0.273585954,0.2583220201,0.07958757329,0.2536625543,0.09583463536,19611,26197,20276,84.35779771,20.6488273,60,60,60,0,,4463590
S14-extreme,errra-no-essential-priority,100049,282039.5566,185151.3,3346.546588,51650,41891.71,0.2682384342,0.2663758607,0.2439660116,0.06805037913,0.247695207,0.07754928712,20350,26979,20706,84.74864816,20.71621558,60,60,60,0,,4607140
S14-extreme,errra-no-essential-priority,100050,275080.5344,179956.5,3295.374353,52025,39803.66,0.2705806889,0.2744573298,0.2521729741,0.07443538688,0.2505679117,0.09799701129,19520,25888,19706,84.2238152,20.51103769,60,60,60,0,,4423635
S14-extreme,errra-no-essential-priority,100051,279282.8389,183805,3353.548941,52650,39474.29,0.2748960931,0.2777309847,0.2617535621,0.08517391879,0.2608455756,0.05274275241,19723,26131,19875,84.17740696,20.29587935,60,60,60,0,,4492510
S14-extreme,errra-no-essential-priority,100052,281550.9685,183684.8,3361.563529,53725,40779.605,0.2713112904,0.2801208107,0.2578636268,0.07935053031,0.252666529,0.1242273249,19783,26258,20055,83.75770658,20.44260951,60,60,60,0,,4503535
S14-extreme,errra-no-essential-priority,100053,274031.1485,180657.7,3314.288471,50375,39684.16,0.2699142194,0.267677704,0.2441797215,0.06607070843,0.2516729347,0.08931356065,19750,26093,20041,84.58385509,20.6381814,60,60,60,0,,4470425
S14-extreme,errra-no-essential-priority,100054,278911.7788,182929.5,3314.798824,51375,41292.48,0.2674671064,0.275303791,0.2589614212,0.07873758495,0.2515980874,0.08076717027,19919,26673,20491,84.27162963,20.81376725,60,60,60,0,,4537340
S14-extreme,errra-no-essential-priority,100055,276054.1162,182167.2,3315.916235,49650,40921,0.2657252279,0.2723468301,0.2547467508,0.07630096122,0.2491897111,0.07219476405,19822,27081,20790,84.21720447,21.13585648,60,60,60,0,,4516295
S14-extreme,errra-no-essential-priority,100056,279918.7442,183119.9,3304.389176,52100,41394.455,0.2687128056,0.2643774631,0.2499867113,0.07432920029,0.2526205089,0.06160043571,20159,26824,20581,84.84121525,20.87342627,60,60,60,0,,4553830
S14-extreme,errra-no-essential-priority,100057,281261.117,184575.5,3382.752,52825,40477.865,0.276993523,0.2768813261,0.2511099366,0.07167660355,0.255507286,0.130131314,19718,25832,19671,83.97953284,19.97090085,60,60,60,0,,4484475
S14-extreme,errra-no-essential-priority,100058,280690.5484,184706.9,3301.698353,50700,41981.95,0.2662690632,0.2716161323,0.2441710179,0.06455947277,0.2467814384,0.1640793377,20083,27005,20678,84.39378975,20.85946911,60,60,60,0,,4564575
S14-extreme,errra-no-essential-priority,100059,280192.5331,184903.8,3334.598118,50900,41054.135,0.2692081698,0.2755352123,0.2569285268,0.07914783731,0.2530382979,0.09302307051,20101,27033,20717,84.18599007,20.83891931,60,60,60,0,,4562505
S14-extreme,errra-no-essential-priority,100060,279479.3651,182130.2,3368.275059,54325,39655.89,0.2736980568,0.2781010607,0.2641274313,0.08821160043,0.2543670231,0.06889839893,19601,25973,19911,83.9327007,20.3475994,60,60,60,0,,4457705
S14-extreme,errra-no-essential-priority,100061,280037.4936,183516.8,3340.073647,52000,41180.62,0.2727391222,0.2700110254,0.2484399168,0.06477732794,0.2550526713,0.1121207405,19863,26137,20045,84.67696376,20.30752915,60,60,60,0,,4516835
S14-extreme,errra-no-essential-priority,100062,276662.566,180626.5,3345.636,54250,38440.43,0.2782024105,0.2789227604,0.257625451,0.08050101557,0.2623028892,0.1215033188,19278,25409,19213,83.76313668,20.01714009,60,60,60,0,,4376405
S14-extreme,errra-no-essential-priority,100063,278271.1619,182753.4,3352.756941,52350,39815.005,0.2733841209,0.2836612302,0.2658469366,0.09047931714,0.256543962,0.0928385094,19589,26013,20113,83.59232496,20.36982502,60,60,60,0,,4471345
S14-extreme,errra-no-essential-priority,100064,281690.5253,184405.7,3383.255294,52625,41276.57,0.270471055,0.2780058864,0.2637828668,0.08907254362,0.2539138776,0.06404082462,19870,26755,20558,83.86118338,20.70069581,60,60,60,0,,4531180
S14-extreme,errra-no-essential-priority,100065,279511.623,182642.2,3377.088,53000,40492.335,0.2729366007,0.2766239505,0.2516253828,0.07251781315,0.2541728841,0.1425145037,19644,26081,19937,83.93862403,20.35476867,60,60,60,0,,4458925
S14-extreme,errra-no-essential-priority,100066,277722.0186,183208.3,3363.053647,51900,39250.665,0.2774610687,0.2831675875,0.2611802064,0.08308702791,0.2581353084,0.1537382085,19462,25824,19527,83.61837858,20.08488999,60,60,60,0,,4435675
S14-extreme,errra-no-essential-priority,100067,281560.6735,184359.6,3343.923529,52325,41532.15,0.2714147195,0.2789045911,0.2632633688,0.09232668443,0.2524535322,0.08059287205,19696,26351,20066,83.69277557,20.35655331,60,60,60,0,,4503830
S14-extreme,errra-no-essential-priority,100068,279480.6768,182719.3,3341.546824,53525,39894.83,0.2738794325,0.276130644,0.2582484942,0.07969049666,0.2591102902,0.07828996732,19703,25998,20069,84.08454723,20.34366848,60,60,60,0,,4484775
S14-extreme,errra-no-essential-priority,100069,275671.6274,181703.7,3331.422353,50800,39836.505,0.271177723,0.2784521445,0.2497848537,0.07266804069,0.2521024532,0.2027103478,19616,26365,20243,83.84402074,20.72705198,60,60,60,0,,4484970
S14-extreme,errra-no-essential-priority,100070,278359.9361,182457.4,3291.991059,52225,40385.545,0.2712516833,0.28119359,0.2589730016,0.07871528235,0.2498676639,0.1355488629,19512,26234,20166,83.98420767,20.54188366,60,60,60,0,,4467780
S14-extreme,errra-no-essential-priority,100071,276552.3182,181667.1,3345.933176,51825,39714.285,0.2750589197,0.2796823983,0.2557546145,0.07446664866,0.2556012803,0.1424202173,19414,25699,19622,84.00914508,20.17131211,60,60,60,0,,4423485
S14-extreme,errra-no-essential-priority,100072,281116.4951,183964.1,3308.330118,52025,41819.065,0.2666046993,0.2701898298,0.2422898294,0.06153050672,0.2496997378,0.169361591,20107,26957,20885,84.43495886,20.89675377,60,60,60,0,,4577000
S14-extreme,errra-no-essential-priority,100073,277299.7409,181877.6,3339.885882,52850,39232.255,0.2764387841,0.2749739079,0.2558904405,0.08005599253,0.2592334858,0.08145895709,19451,25658,19526,84.06295423,20.13229605,60,60,60,0,,4439080
S14-extreme,errra-no-essential-priority,100074,277610.3097,182596.7,3382.644706,52675,38955.965,0.2746097255,0.281419255,0.2572044169,0.08042144572,0.2513174886,0.1459000045,19503,25962,19874,83.81331928,20.32956517,60,60,60,0,,4439925
S14-extreme,errra-no-essential-priority,100075,278296.0452,181797.9,3345.825176,52300,40852.32,0.2697876505,0.2688679245,0.250764198,0.07525814138,0.2546449987,0.06110448887,19840,26228,20266,84.44867356,20.59133175,60,60,60,0,,4514470
S14-extreme,errra-no-essential-priority,100076,279332.4048,183134.3,3317.479765,52250,40630.625,0.2755465723,0.2761284182,0.2529559485,0.07369445345,0.258567353,0.1385396527,19774,25839,19568,84.15369559,20.16783476,60,60,60,0,,4470625
S14-extreme,errra-no-essential-priority,100077,279700.2062,182822.4,3328.281176,53200,40349.525,0.2702815061,0.270392085,0.2521660554,0.07392048447,0.2578641177,0.09115301261,19911,26497,20302,84.53860118,20.66515026,60,60,60,0,,4517120
S14-extreme,errra-no-essential-priority,100078,278429.592,181913.2,3352.752,52825,40338.64,0.2719247883,0.2732506968,0.2526737968,0.07487091222,0.2547766251,0.09404325564,19817,26167,20068,84.15502829,20.48672312,60,60,60,0,,4481710
S14-extreme,errra-no-essential-priority,100079,280759.5662,185103.3,3385.096235,51275,40996.17,0.2710121077,0.265199539,0.2453812126,0.06860226105,0.2505189723,0.1157167524,20401,26688,20471,84.66703568,20.5895968,60,60,60,0,,4586470
S14-extreme,errra-no-essential-priority,100080,278500.3783,183648.6,3365.423294,49925,41561.355,0.2694935525,0.2767928796,0.2525220346,0.07228995058,0.245734495,0.1560438942,19826,26543,20207,83.97333682,20.59391837,60,60,60,0,,4515440
S14-extreme,errra-no-essential-priority,100081,276647.4069,180120.2,3315.376941,53100,40111.83,0.2717668224,0.276905329,0.2572420527,0.07928182368,0.2504057869,0.1018554029,19431,25828,19837,83.95640911,20.44032311,60,60,60,0,,4425590
S14-extreme,errra-no-essential-priority,100082,279834.1342,183248.9,3345.489176,53300,39939.745,0.2729380432,0.2691395849,0.2489828269,0.07171314741,0.2508854579,0.1051261297,20038,26274,20229,84.45073731,20.46453922,60,60,60,0,,4518290
S14-extreme,errra-no-essential-priority,100083,279849.161,183194.2,3368.196,52675,40611.765,0.2734566579,0.2704933064,0.250853971,0.07095578501,0.2579423413,0.0985436194,19890,26161,19967,84.33161839,20.39229341,60,60,60,0,,4504365
S14-extreme,errra-no-essential-priority,100084,277191.9344,179691.4,3335.989412,55425,38739.545,0.274775707,0.2833308338,0.2595537036,0.08272770495,0.2567375382,0.1346588201,19115,25383,19340,83.59050046,20.21662386,60,60,60,0,,4374610
S14-extreme,errra-no-essential-priority,100085,278814.3203,182328.6,3342.395294,52650,40493.325,0.2699030053,0.2728175698,0.2468743378,0.06608855604,0.2479250977,0.1072438567,19767,26192,20100,84.42089712,20.52007301,60,60,60,0,,4497890
S14-extreme,errra-no-essential-priority,100086,278066.1889,182792.5,3324.513882,51925,40024.175,0.2718524934,0.269905335,0.2507404273,0.07107730641,0.2551027397,0.07665169274,19898,26484,20406,84.59790509,20.64855661,60,60,60,0,,4498865
S14-extreme,errra-no-essential-priority,100087,278454.2094,182233.1,3328.314353,52350,40542.795,0.2692124162,0.2777288409,0.2587008821,0.08117420979,0.2537020981,0.08569164125,19679,26344,20298,83.81361783,20.65978336,60,60,60,0,,4473645
S14-extreme,errra-no-essential-priority,100088,280999.8452,184895.8,3348.225176,52950,39805.82,0.2753684807,0.2883428903,0.2663188103,0.09534838834,0.2583382739,0.1703143795,19609,26141,20101,82.89181028,20.22284817,60,60,60,0,,4488915
S14-extreme,errra-no-essential-priority,100089,281097.8571,184993.3,3351.602118,51700,41052.955,0.2707805746,0.2766451426,0.2570978746,0.07952402627,0.2518969427,0.09897372678,19940,26524,20379,84.01118449,20.4998881,60,60,60,0,,4540535
S14-extreme,errra-no-essential-priority,100090,275626.9812,180303.6,3321.081176,51725,40277.3,0.2709057971,0.2767335393,0.2490806835,0.0749450403,0.2499955953,0.1701814152,19432,25932,19876,83.88069825,20.46785024,60,60,60,0,,4431625
S14-extreme,errra-no-essential-priority,100091,279675.3325,183894,3322.527529,51425,41033.805,0.2717374581,0.2829669321,0.2606301297,0.08433339891,0.2544224411,0.1252922004,19537,26436,20102,83.58454697,20.43663089,60,60,60,0,,4473205
S14-extreme,errra-no-essential-priority,100092,278153.9467,180653.9,3299.136706,54075,40125.91,0.2716031528,0.2628145732,0.2420619895,0.06117252931,0.2575286114,0.09094677388,19890,25971,19853,84.8966717,20.50386868,60,60,60,0,,4483710
S14-extreme,errra-no-essential-priority,100093,278438.2494,184071.9,3338.934353,50475,40552.415,0.2726853167,0.2837231364,0.2609334033,0.08385335413,0.2546142363,0.1577953692,19631,26259,20122,83.37944688,20.36477563,60,60,60,0,,4490215
S14-extreme,errra-no-essential-priority,100094,281090.0292,183677.7,3331.804235,53375,40705.525,0.2727596228,0.2858710763,0.2642560572,0.08789418817,0.2600325148,0.1395996027,19520,26251,20138,83.2932212,20.39551628,60,60,60,0,,4471920
S14-extreme,errra-no-essential-priority,100095,276900.0979,179389.7,3309.532941,54175,40025.865,0.2702309687,0.272815752,0.2498628634,0.06852394251,0.2559128355,0.1223859404,19426,25782,19752,84.31857984,20.46287051,60,60,60,0,,4420030
S14-extreme,errra-no-essential-priority,100096,277685.9478,181628,3364.507765,53200,39493.44,0.2757017227,0.2833506841,0.2607181719,0.08381093655,0.2557010989,0.1409672213,19275,25713,19512,83.60886128,20.1674738,60,60,60,0,,4411705
S14-extreme,errra-no-essential-priority,100097,277271.8726,182235.4,3314.842588,50925,40796.63,0.2703834079,0.2755203171,0.2539236479,0.07439810551,0.2515663892,0.1041362665,19737,26558,20460,84.01792887,20.70011179,60,60,60,0,,4498655
S14-extreme,errra-no-essential-priority,100098,277725.6512,182454.6,3389.001176,52550,39332.05,0.2755759597,0.274218027,0.2468815811,0.06908289948,0.2530296954,0.1887244795,19607,26004,19842,84.12662297,20.30233253,60,60,60,0,,4449535
S14-extreme,errra-no-essential-priority,100099,279693.5618,183709.7,3352.891765,51600,41030.97,0.2696877362,0.2691805183,0.2444794125,0.06697758777,0.250615553,0.1480088504,20137,26619,20584,84.38851677,20.70643188,60,60,60,0,,4576705
S14-extreme,errra-no-essential-priority,100100,272787.0651,179552.1,3339.470118,50650,39245.495,0.2726612083,0.2717029162,0.2459456498,0.06691525424,0.2465028758,0.1381192357,19455,25736,19862,84.32000743,20.50578945,60,60,60,0,,4409845
S14-extreme,errra-no-compound-awareness,100001,264079.7684,187311,4438.338353,30575,41755.43,0.2882756655,0.285334014,0.2717282189,0.09973221867,0.2355092465,0.06271675485,19599,27923,22658,83.50690922,22.32694911,60,60,60,0,,4354565
S14-extreme,errra-no-compound-awareness,100002,262027.3911,185478.3,4403.551059,32100,40045.54,0.297800583,0.2831937134,0.2701807719,0.09880681056,0.2482996186,0.0583770122,19338,27182,22012,83.4326046,22.03029318,60,60,60,0,,4239810
S14-extreme,errra-no-compound-awareness,100003,261537.4118,186322.9,4422.206824,31600,39192.305,0.2968806325,0.2913120699,0.2828266407,0.1107378041,0.2428611619,0.04528352079,19153,26971,21958,82.97715301,21.82765375,60,60,60,0,,4241025
S14-extreme,errra-no-compound-awareness,100004,265661.0639,188418.8,4443.813882,32175,40623.45,0.3047596383,0.2932916743,0.2800171757,0.1085858586,0.2511785912,0.1156559012,19226,27319,21862,82.7477357,21.73219895,60,60,60,0,,4231590
S14-extreme,errra-no-compound-awareness,100005,268934.2233,190487.1,4484.423294,33000,40962.7,0.303331323,0.2939579588,0.2784534495,0.1035893376,0.244587598,0.1067039014,19246,27049,21826,82.79583215,21.42882653,60,60,60,0,,4264250
S14-extreme,errra-no-compound-awareness,100006,264074.9825,187897.7,4386.987529,31600,40190.295,0.3016413824,0.3038183619,0.2933890859,0.123095113,0.2507598784,0.0772469734,18980,27140,21607,82.09265318,21.68878289,60,60,60,0,,4211470
S14-extreme,errra-no-compound-awareness,100007,265330.7625,188157.7,4448.312471,32050,40674.75,0.2965477068,0.3034740272,0.2922946745,0.1231817586,0.240611985,0.07341961122,19027,27511,22271,82.2415358,21.91314582,60,60,60,0,,4254290
S14-extreme,errra-no-compound-awareness,100008,265390.6554,188335.4,4360.170353,32375,40320.085,0.3014132467,0.2777164311,0.2624926982,0.08781609195,0.24324973,0.05087363842,19623,27122,21761,83.75626462,21.71421938,60,60,60,0,,4282455
S14-extreme,errra-no-compound-awareness,100009,265993.0626,188771.3,4410.077647,31800,41011.685,0.2924495828,0.2839814747,0.2696146088,0.09575446898,0.2364983026,0.05560029094,19480,27379,21826,83.49499174,21.88291571,60,60,60,0,,4316980
S14-extreme,errra-no-compound-awareness,100010,268714.7139,190760.4,4431.393882,32000,41522.92,0.2929579121,0.2856004347,0.2717215467,0.09874071682,0.2374512794,0.07245572814,19721,27765,22384,83.38338931,21.91912767,60,60,60,0,,4346990
S14-extreme,errra-no-compound-awareness,100011,261998.7414,186036.2,4410.906353,32200,39351.635,0.2941445673,0.2808137808,0.2657501624,0.09312119794,0.235646958,0.06293796833,19372,26784,21822,83.54022743,21.66478792,60,60,60,0,,4282630
S14-extreme,errra-no-compound-awareness,100012,263994.1592,186938,4417.804235,32400,40238.355,0.2950535733,0.2901291343,0.269542066,0.1001639882,0.2344230039,0.1590293625,19295,27114,22129,82.82343537,21.87071921,60,60,60,0,,4281075
S14-extreme,errra-no-compound-awareness,100013,263322.3979,187419.2,4458.112941,32050,39395.085,0.3019677697,0.2961599352,0.2812466588,0.1099563088,0.2429562164,0.1159231525,19117,26794,21729,82.74434751,21.57776635,60,60,60,0,,4220910
S14-extreme,errra-no-compound-awareness,100014,266264.9506,189173.1,4495.025647,31775,40821.825,0.298070447,0.2989694489,0.2874502521,0.1198217095,0.2394932121,0.07119567658,19183,27618,22212,82.35325767,21.84239818,60,60,60,0,,4279490
S14-extreme,errra-no-compound-awareness,100015,264395.5195,188136,4365.459529,31575,40319.06,0.2972831393,0.2902266133,0.2785038784,0.1066377212,0.2423236372,0.07849711461,19325,27076,21773,83.05858993,21.5642784,60,60,60,0,,4292780
S14-extreme,errra-no-compound-awareness,100016,260668.558,185599.6,4448.988,31900,38719.97,0.3011788367,0.2940080489,0.281229382,0.1085577907,0.2436370113,0.08575626392,18946,26405,21154,82.92355263,21.42171579,60,60,60,0,,4178830
S14-extreme,errra-no-compound-awareness,100017,266757.4893,189761.8,4554.599294,31950,40491.09,0.3032566126,0.2956081692,0.2853604553,0.117352252,0.2496747021,0.07326023434,19487,27685,22475,82.6818713,21.82720783,60,60,60,0,,4294655
S14-extreme,errra-no-compound-awareness,100018,264484.6061,188137.8,4466.611059,32075,39805.195,0.2966069341,0.2904040404,0.2791540142,0.1069825766,0.2373987125,0.06542773488,19389,27003,21808,83.06930604,21.56052399,60,60,60,0,,4279900
S14-extreme,errra-no-compound-awareness,100019,263630.8708,187188.2,4431.290824,32150,39861.38,0.3000430478,0.3021190345,0.2894595754,0.1219108196,0.2375965963,0.08801450567,18937,27223,21780,82.08949501,21.8153011,60,60,60,0,,4205580
S14-extreme,errra-no-compound-awareness,100020,264513.1854,187260.5,4381.890353,31800,41070.795,0.2853393147,0.2858503352,0.2725396825,0.099548104,0.2303763071,0.08537993921,19497,27666,22330,83.36332828,22.22205784,60,60,60,0,,4344210
S14-extreme,errra-no-compound-awareness,100021,262896.8678,186473.6,4432.087765,31900,40091.18,0.2965117677,0.2769305163,0.262585255,0.08588874723,0.237273948,0.04908457427,19439,26765,21772,83.97386592,21.76929827,60,60,60,0,,4260660
S14-extreme,errra-no-compound-awareness,100022,267116.1272,190123.4,4494.057176,32200,40298.67,0.3046479957,0.3019227248,0.2919056724,0.1209863519,0.251321843,0.07719923616,19061,27107,21887,82.41162116,21.48547575,60,60,60,0,,4230730
S14-extreme,errra-no-compound-awareness,100023,267044.0927,190248,4516.572706,31850,40429.52,0.3020530973,0.289292196,0.2751283544,0.1003153331,0.2516840067,0.08842260848,19580,27328,22107,83.11540129,21.60844838,60,60,60,0,,4312830
S14-extreme,errra-no-compound-awareness,100024,267673.9755,189534.9,4502.835529,32500,41136.24,0.3039548694,0.2804491269,0.265237562,0.09031491384,0.2516613746,0.069639696,19738,27142,21924,83.56739527,21.66210214,60,60,60,0,,4278425
S14-extreme,errra-no-compound-awareness,100025,265222.249,188324.5,4404.264,32000,40493.485,0.2998757883,0.283281564,0.2681266491,0.09382554721,0.2417586213,0.07142380525,19613,26848,21693,83.57502366,21.54895614,60,60,60,0,,4292875
S14-extreme,errra-no-compound-awareness,100026,260186.5481,183296,4328.678118,32375,40186.87,0.2876620691,0.2795328642,0.2622853118,0.08635845132,0.2315241479,0.08549934756,19248,27165,22003,83.80197302,22.26311757,60,60,60,0,,4261340
S14-extreme,errra-no-compound-awareness,100027,266133.0843,189951,4421.759294,31875,39885.325,0.3039541344,0.3035376328,0.2901611714,0.1208167526,0.2489017282,0.1179127586,19136,27061,21687,82.29775721,21.34942964,60,60,60,0,,4255895
S14-extreme,errra-no-compound-awareness,100028,263241.6066,187493.6,4418.386588,31975,39354.62,0.3014455578,0.3027634938,0.2874083657,0.1154824033,0.2425521524,0.124014674,18847,26874,21469,82.27650489,21.46833197,60,60,60,0,,4190345
S14-extreme,errra-no-compound-awareness,100029,263894.3055,187578.2,4386.135529,32175,39754.97,0.3018107687,0.2930691611,0.2790932794,0.1052701096,0.2458157726,0.08925134789,19196,26701,21412,83.03082659,21.44538914,60,60,60,0,,4233965
S14-extreme,errra-no-compound-awareness,100030,261597.8388,185642.1,4413.223765,31850,39692.515,0.300544469,0.2874651811,0.2752134904,0.1001811716,0.243902011,0.05197097559,19185,26855,21837,83.25889036,21.67517777,60,60,60,0,,4216890
S14-extreme,errra-no-compound-awareness,100031,263900.4713,187908.5,4392.911294,31250,40349.06,0.2993658612,0.2937935564,0.2793505193,0.1068861884,0.2407931525,0.09334669377,19355,27310,22031,82.88403159,21.8293655,60,60,60,0,,4272420
S14-extreme,errra-no-compound-awareness,100032,265574.0134,188164.4,4456.038353,31950,41003.575,0.3009823043,0.3089163838,0.2974285865,0.1275898243,0.2435461898,0.1077846836,18935,27411,22189,81.88618545,21.87956664,60,60,60,0,,4218140
S14-extreme,errra-no-compound-awareness,100033,260056.1485,185740.5,4443.423529,31500,38372.225,0.302166876,0.2962369598,0.285285613,0.1128267642,0.2484569812,0.05900839091,18889,26596,21491,82.7901133,21.49211276,60,60,60,0,,4186695
S14-extreme,errra-no-compound-awareness,100034,263973.6949,187709.4,4466.829882,31750,40047.465,0.3026353549,0.2997016245,0.2860585935,0.1155785563,0.2447631661,0.1063525496,19011,26835,21681,82.35980302,21.46845705,60,60,60,0,,4208950
S14-extreme,errra-no-compound-awareness,100035,261807.5959,185850.7,4352.560941,32025,39579.335,0.3004531448,0.2990622907,0.2902450745,0.1226321695,0.2470408818,0.09114800881,18837,26711,21727,82.25594341,21.67798925,60,60,60,0,,4183890
S14-extreme,errra-no-compound-awareness,100036,260798.1186,185761.3,4448.513647,31750,38838.305,0.3037641866,0.2920600699,0.2813640573,0.1105117659,0.2458117307,0.07693746941,19045,26736,21694,82.93036883,21.64699142,60,60,60,0,,4186465
S14-extreme,errra-no-compound-awareness,100037,265459.2432,187942.9,4362.813176,31575,41578.53,0.296383329,0.2954978736,0.280518793,0.1088453216,0.243080667,0.1061735889,19216,27483,22065,82.69216257,21.96537204,60,60,60,0,,4263815
S14-extreme,errra-no-compound-awareness,100038,266479.8731,189393,4494.223059,32550,40042.65,0.3041058502,0.2989845669,0.287059327,0.1158362635,0.2388913863,0.1018829807,19123,26881,21945,82.5588088,21.45438472,60,60,60,0,,4228005
S14-extreme,errra-no-compound-awareness,100039,265172.2581,187819.4,4433.323059,31900,41019.535,0.2912498959,0.2958562523,0.2839847069,0.1128947368,0.2400151299,0.07796975232,19202,27546,22304,82.60743751,21.92329833,60,60,60,0,,4300300
S14-extreme,errra-no-compound-awareness,100040,263462.3007,187187.7,4443.780706,32000,39830.82,0.3002257065,0.2754684711,0.2635223555,0.08427118644,0.2387986214,0.03889310343,19487,26802,21515,84.18714797,21.58798953,60,60,60,0,,4247110
S14-extreme,errra-no-compound-awareness,100041,261763.9437,185356.8,4351.368706,32125,39930.775,0.2958628627,0.2846939157,0.2732828556,0.09897404949,0.2414179235,0.07318518861,19128,26786,21725,83.42109125,21.77676419,60,60,60,0,,4218240
S14-extreme,errra-no-compound-awareness,100042,264507.4432,188576.9,4508.853176,31725,39696.69,0.2968336473,0.2870058565,0.2664556622,0.09353662579,0.2391979617,0.1383398244,19479,26836,21735,83.29276053,21.46434277,60,60,60,0,,4288700
S14-extreme,errra-no-compound-awareness,100043,265834.6358,188187.2,4439.990824,32375,40832.445,0.2946614723,0.2873503959,0.2746388443,0.1005175159,0.2370330603,0.0575759208,19352,27284,21962,83.40343948,21.74091283,60,60,60,0,,4287685
S14-extreme,errra-no-compound-awareness,100044,257597.8729,183015.5,4394.997882,32075,38112.375,0.3020958304,0.2967804951,0.2847729394,0.1144877286,0.2416367501,0.0742620653,18719,26291,21214,82.48012037,21.56838381,60,60,60,0,,4141585
S14-extreme,errra-no-compound-awareness,100045,265312.6552,189272.3,4450.060235,31725,39865.295,0.3011247141,0.3024821663,0.292649319,0.1225428966,0.2437130305,0.07664725896,19165,27204,21796,82.34725861,21.64721429,60,60,60,0,,4261225
S14-extreme,errra-no-compound-awareness,100046,263148.1989,186927.7,4444.168941,31600,40176.33,0.2932378395,0.2845346447,0.2684095629,0.09836603452,0.2348895877,0.08447551106,19495,27129,22256,83.31264342,21.92888093,60,60,60,0,,4305415
S14-extreme,errra-no-compound-awareness,100047,262829.1037,187254.7,4461.528706,31275,39837.875,0.2962714303,0.2940091486,0.2785679781,0.1073254964,0.233808618,0.09288805265,19138,26835,22040,82.78089354,21.61653279,60,60,60,0,,4242955
S14-extreme,errra-no-compound-awareness,100048,264030.5986,187419.6,4455.773647,32625,39530.225,0.2983024414,0.2943289995,0.2841162096,0.1115978166,0.2405018926,0.06571560202,19051,26607,21412,82.90370313,21.39448143,60,60,60,0,,4230675
S14-extreme,errra-no-compound-awareness,100049,269819.39,191364.9,4462.62,32375,41616.87,0.2949288256,0.2766141534,0.2604389303,0.08835625241,0.239783358,0.05670531448,20066,27701,22663,84.02994607,21.86741431,60,60,60,0,,4398475
S14-extreme,errra-no-compound-awareness,100050,261785.2301,185137.7,4352.815059,32025,40269.715,0.2963231912,0.2918896818,0.2788425201,0.1074435387,0.2403895258,0.06744208407,19051,27190,21745,82.98855677,22.04668022,60,60,60,0,,4206260
S14-extreme,errra-no-compound-awareness,100051,265022.003,188650.4,4458.768,31975,39937.835,0.297434984,0.2849086315,0.2716260206,0.0974077503,0.2410166218,0.05376308446,19527,27500,21996,83.68370573,21.84690654,60,60,60,0,,4307725
S14-extreme,errra-no-compound-awareness,100052,266205.296,189189.2,4448.076,32025,40543.02,0.3018688591,0.2963138168,0.2852543804,0.1133298416,0.246834572,0.0776148179,19338,27072,21799,82.58627817,21.5843838,60,60,60,0,,4269525
S14-extreme,errra-no-compound-awareness,100053,262287.8082,185891,4448.728235,32225,39723.08,0.295588253,0.2888872409,0.2781222802,0.1080118295,0.2369652347,0.04241514778,19178,27180,21843,83.08787688,21.96047835,60,60,60,0,,4234365
S14-extreme,errra-no-compound-awareness,100054,266042.8271,189480.7,4448.647059,31625,40488.48,0.2953243086,0.281052172,0.2709450226,0.09363565081,0.239995887,0.03381537594,19761,27341,21988,83.86428784,21.70498416,60,60,60,0,,4343345
S14-extreme,errra-no-compound-awareness,100055,264987.7976,188094.3,4458.382588,32025,40410.115,0.3007505425,0.2951800595,0.2869444296,0.1162081538,0.2468795255,0.04814665383,19200,27787,22442,82.58573783,22.17229277,60,60,60,0,,4251670
S14-extreme,errra-no-compound-awareness,100056,265712.5166,188115.2,4395.406588,31625,41576.91,0.2943073239,0.2737556561,0.2622123,0.08941809355,0.2373457003,0.06057251012,19902,27793,22374,84.19197014,22.23831709,60,60,60,0,,4344300
S14-extreme,errra-no-compound-awareness,100057,268090.4536,189715.2,4512.958588,32700,41162.295,0.2985717336,0.3007187913,0.2854122622,0.1141977331,0.2392761853,0.09956207289,19068,27369,22116,82.24792399,21.6936938,60,60,60,0,,4254820
S14-extreme,errra-no-compound-awareness,100058,268807.3438,190659.8,4412.803765,32100,41634.74,0.2943869824,0.2818076309,0.2663495838,0.09200844584,0.237714362,0.07172533319,19802,27862,22575,83.66492339,21.98085164,60,60,60,0,,4369990
S14-extreme,errra-no-compound-awareness,100059,267226.5855,190601.8,4477.995529,31825,40321.79,0.2989517475,0.2915375189,0.2784955199,0.1058747579,0.2380425532,0.09323729714,19657,27598,22115,83.05971501,21.76507157,60,60,60,0,,4329080
S14-extreme,errra-no-compound-awareness,100060,263432.8535,187433.7,4477.748471,31675,39846.405,0.2976382661,0.2857616382,0.2758844883,0.1027792696,0.2383736241,0.06037012428,19393,27091,21871,83.39857277,21.69201794,60,60,60,0,,4265670
S14-extreme,errra-no-compound-awareness,100061,267779.5418,189694.3,4413.266824,32700,40971.975,0.296106266,0.2901139287,0.2788948744,0.1026747196,0.2417561679,0.07006597626,19316,27257,21578,83.22993139,21.59329083,60,60,60,0,,4290760
S14-extreme,errra-no-compound-awareness,100062,260853.0191,185636.6,4429.279059,31850,38937.14,0.3012537096,0.2987095568,0.2858860829,0.1155044008,0.2414012065,0.09037049923,18749,26586,21420,82.33672472,21.57361759,60,60,60,0,,4151430
S14-extreme,errra-no-compound-awareness,100063,264644.682,188310.8,4430.952,32200,39702.93,0.2981430782,0.2961676296,0.2873648505,0.1171372292,0.2450307192,0.04409054852,19247,27074,21881,82.72044833,21.5590763,60,60,60,0,,4272810
S14-extreme,errra-no-compound-awareness,100064,267629.8478,190298.1,4530.127765,31750,41051.62,0.2941238801,0.2757530613,0.2610262935,0.08566181293,0.2346442397,0.05577811424,19932,27633,22341,84.01753156,21.88696328,60,60,60,0,,4371475
S14-extreme,errra-no-compound-awareness,100065,264964.9358,187405.7,4469.095765,32000,41090.14,0.2992674605,0.2922742672,0.2782762882,0.1055470467,0.242235486,0.08798080063,19219,27386,22138,82.78626455,21.9317569,60,60,60,0,,4244915
S14-extreme,errra-no-compound-awareness,100066,264580.0482,188527,4431.453176,32250,39371.595,0.304793661,0.2997421731,0.2844667902,0.1119868637,0.2458080444,0.09828379259,19012,26856,21518,82.43890762,21.42768874,60,60,60,0,,4213405
S14-extreme,errra-no-compound-awareness,100067,268089.8172,189442,4407.952235,32125,42114.865,0.3001016933,0.2900344146,0.2809830187,0.1141576246,0.2466845312,0.04781736987,19392,27641,22167,82.91998701,21.96408807,60,60,60,0,,4274215
S14-extreme,errra-no-compound-awareness,100068,264192.8341,188265.1,4440.139059,31900,39587.595,0.3014067395,0.2906058268,0.2767976121,0.1027048476,0.2492706589,0.07993315716,19309,26919,21901,83.06654587,21.49826689,60,60,60,0,,4251335
S14-extreme,errra-no-compound-awareness,100069,262471.5342,186047.8,4441.929176,31600,40381.805,0.2999928231,0.2997866549,0.286305938,0.1178113157,0.2430819695,0.1167650792,19036,27738,22489,82.36317354,22.26622569,60,60,60,0,,4229185
S14-extreme,errra-no-compound-awareness,100070,265308.3442,188321.2,4410.544235,32550,40026.6,0.2959683474,0.3033707865,0.2904711488,0.1178754772,0.2380342537,0.1160641708,18910,27050,21989,82.44234108,21.7039959,60,60,60,0,,4234400
S14-extreme,errra-no-compound-awareness,100071,263861.5629,187574.6,4476.177882,32650,39160.785,0.3132244721,0.3105891956,0.2996199783,0.1290170132,0.2540536738,0.07934255774,18581,26445,21316,81.85405696,21.20264778,60,60,60,0,,4107000
S14-extreme,errra-no-compound-awareness,100072,267572.3173,190351.9,4440.227294,31875,40905.19,0.2984080667,0.2981017023,0.2893597036,0.1198293692,0.2417998816,0.08233023381,19338,27554,22162,82.45623586,21.77815298,60,60,60,0,,4294975
S14-extreme,errra-no-compound-awareness,100073,262538.3423,186084.4,4431.887294,31750,40272.055,0.2933797909,0.2927911138,0.2800452903,0.1099186775,0.2380612724,0.0775450711,18973,27428,22231,82.7940732,22.02751412,60,60,60,0,,4247085
S14-extreme,errra-no-compound-awareness,100074,262620.0905,187064.2,4446.975529,31800,39308.915,0.3058197261,0.3051840389,0.2925935901,0.1242331288,0.2486476111,0.1142737664,18858,27077,21727,82.12636075,21.68457444,60,60,60,0,,4193100
S14-extreme,errra-no-compound-awareness,100075,265080.7339,187358.6,4496.493882,32625,40600.64,0.297444406,0.2840138561,0.2706601598,0.09981466773,0.2395237681,0.047036078,19429,27093,22164,83.36713003,21.783246,60,60,60,0,,4274410
S14-extreme,errra-no-compound-awareness,100076,265158.6648,188393.3,4338.199765,31450,40977.165,0.2965603023,0.2856829081,0.270796275,0.09581576387,0.2426184993,0.06889091954,19513,27084,21413,83.46208017,21.59563221,60,60,60,0,,4287265
S14-extreme,errra-no-compound-awareness,100077,264881.6731,188069.7,4407.338118,31800,40604.635,0.2926000713,0.2793697325,0.2665178334,0.09169299631,0.241183436,0.05873180995,19666,27696,22380,83.90838592,22.04652572,60,60,60,0,,4336180
S14-extreme,errra-no-compound-awareness,100078,264313.8756,187282.6,4475.470588,31875,40680.805,0.2954643319,0.2883599824,0.277540107,0.1056533828,0.2404554822,0.05028228322,19405,27323,22281,83.07567133,21.94776566,60,60,60,0,,4271995
S14-extreme,errra-no-compound-awareness,100079,267743.8725,190382.5,4476.932471,31950,40934.44,0.2989890678,0.2919608126,0.2837887067,0.1160071942,0.2428279735,0.07636273671,19658,27725,22431,82.76834136,21.87701893,60,60,60,0,,4324350
S14-extreme,errra-no-compound-awareness,100080,267886.7153,190274.3,4480.535294,32250,40881.88,0.301737102,0.2942292259,0.2808750133,0.1074794069,0.2462865522,0.09881699828,19348,27209,21963,82.70388065,21.55648838,60,60,60,0,,4272455
S14-extreme,errra-no-compound-awareness,100081,261739.4208,185721.6,4469.990824,31625,39922.83,0.3015298052,0.3068621614,0.297819247,0.1295810638,0.2455892731,0.08192151148,18626,26849,21724,81.77549542,21.70986827,60,60,60,0,,4147885
S14-extreme,errra-no-compound-awareness,100082,264220.1846,188383.3,4486.294588,31600,39750.59,0.3029355464,0.2936499252,0.284015852,0.1150153484,0.2484611946,0.05670436956,19366,27250,22090,82.731126,21.69732603,60,60,60,0,,4249695
S14-extreme,errra-no-compound-awareness,100083,266146.1303,188145.4,4499.255294,32350,41151.475,0.2942289836,0.2837704016,0.271029035,0.09597564204,0.2367051173,0.06724714664,19528,27635,22353,83.3478384,21.99857153,60,60,60,0,,4295780
S14-extreme,errra-no-compound-awareness,100084,259707.9225,184329.6,4460.547529,31675,39242.775,0.2947033976,0.2949910018,0.2768243873,0.1041228011,0.2393692669,0.1197600529,18804,26617,21427,82.76891975,21.74813444,60,60,60,0,,4189765
S14-extreme,errra-no-compound-awareness,100085,264812.8029,188382.3,4459.792941,32025,39945.71,0.2975697634,0.2966559982,0.2839054885,0.1120089344,0.2407572536,0.06044071909,19119,26936,21830,82.71890578,21.60174901,60,60,60,0,,4244725
S14-extreme,errra-no-compound-awareness,100086,264517.2088,187835.6,4415.558824,31750,40516.05,0.2958911261,0.2913700741,0.2802517453,0.1076650711,0.2390410959,0.05652123782,19313,27846,22449,83.08824054,22.19459902,60,60,60,0,,4287090
S14-extreme,errra-no-compound-awareness,100087,264158.019,187766.4,4465.584,31875,40051.035,0.2998711617,0.2935843794,0.2802459235,0.1078788682,0.2426218138,0.07909987084,19247,26997,21812,82.66929726,21.59906234,60,60,60,0,,4258635
S14-extreme,errra-no-compound-awareness,100088,266027.3224,188692.3,4464.102353,32100,40770.92,0.2977725813,0.3073963853,0.297104096,0.1333075983,0.2429236893,0.1012698877,19084,27721,22768,81.52470175,22.00257464,60,60,60,0,,4275405
S14-extreme,errra-no-compound-awareness,100089,267793.3492,190236.7,4460.829176,32050,41045.82,0.2983074006,0.2877457738,0.27499344,0.1016971194,0.2434736645,0.06656437321,19634,27511,22228,83.19780841,21.80750068,60,60,60,0,,4336680
S14-extreme,errra-no-compound-awareness,100090,262895.3919,186117.8,4452.681882,32475,39849.91,0.3029830918,0.2932966092,0.2770927969,0.1094530678,0.2473527494,0.1004826703,18987,26734,21397,82.70825022,21.55728261,60,60,60,0,,4178260
S14-extreme,errra-no-compound-awareness,100091,267528.1694,189197,4418.034353,32450,41463.135,0.2932175107,0.289573164,0.2727561557,0.0993507771,0.2379767545,0.09083607733,19357,27673,22100,83.12603767,21.98699362,60,60,60,0,,4303595
S14-extreme,errra-no-compound-awareness,100092,262847.8626,186463.5,4404.262588,32250,39730.1,0.2996601345,0.2854972017,0.2746254125,0.1015075377,0.2485628395,0.05935706077,19278,26888,21499,83.26126826,21.5845084,60,60,60,0,,4236755
S14-extreme,errra-no-compound-awareness,100093,266130.8455,189067,4391.595529,31850,40822.25,0.301926536,0.2998139162,0.289512323,0.1192797712,0.2459795074,0.08991513938,19190,27480,22360,82.26065415,21.77623544,60,60,60,0,,4263155
S14-extreme,errra-no-compound-awareness,100094,266253.6387,188651.1,4387.368706,32025,41190.17,0.2984283257,0.3028828565,0.2921112104,0.1224263748,0.2476426799,0.08653436549,19055,27396,22117,82.06523665,21.85491964,60,60,60,0,,4251725
S14-extreme,errra-no-compound-awareness,100095,262535.7888,186187.9,4430.083765,32700,39217.805,0.299520128,0.2931047391,0.2793746572,0.1051699476,0.248773142,0.0636875438,18884,26250,20998,82.87123547,21.38861152,60,60,60,0,,4181520
S14-extreme,errra-no-compound-awareness,100096,262955.4081,186697.4,4481.858118,32100,39676.15,0.3058065293,0.305212671,0.2912404788,0.1216371115,0.2456087912,0.1188718808,18687,26771,21401,82.04729164,21.56485966,60,60,60,0,,4149090
S14-extreme,errra-no-compound-awareness,100097,264255.2585,187625.8,4398.008471,31600,40631.45,0.2948458757,0.2905700547,0.2783669141,0.1047230628,0.242210969,0.07779095561,19327,27481,22253,82.94248369,21.92658881,60,60,60,0,,4296290
S14-extreme,errra-no-compound-awareness,100098,263116.0084,187351.3,4475.833412,31700,39588.875,0.304329113,0.3007218212,0.2828986446,0.1136029903,0.2446598894,0.1484460523,18891,27073,21781,82.25389337,21.67474863,60,60,60,0,,4190795
S14-extreme,errra-no-compound-awareness,100099,265931.6776,189009,4451.237647,31725,40746.44,0.301563681,0.3043115337,0.2939942303,0.1281254048,0.2484440189,0.104597319,19169,27619,22223,81.87013635,21.88454271,60,60,60,0,,4255225
S14-extreme,errra-no-compound-awareness,100100,260420.9191,184830.8,4453.214118,31800,39336.905,0.3004578267,0.2959233332,0.2839688801,0.1139661017,0.2463076049,0.0757639443,18808,26817,21689,82.56886487,21.86491691,60,60,60,0,,4165920
