scenario,policyA,policyB,metric,better,meanDiff,sd,ci95Low,ci95High,aHigher,aLower,ties,n
M1-normal,fixed-allocation,reorder-point,overallFillRate,higher,-0.0003382350284,0.0001047291559,-0.000358557319,-0.0003164795313,0,100,0,100
M1-normal,fixed-allocation,reorder-point,essentialMedicineFillRate,higher,-0.0002319030471,0.000182140447,-0.0002653742234,-0.0001944889866,5,92,3,100
M1-normal,fixed-allocation,reorder-point,worstRegionEssentialFillRate,higher,-0.003035855924,0.002317769004,-0.003463765493,-0.002561019013,4,92,4,100
M1-normal,fixed-allocation,reorder-point,regionalServiceGap,lower,0.003035855924,0.002317769004,0.00256246038,0.00346414466,92,4,4,100
M1-normal,fixed-allocation,reorder-point,cumulativeUnmetDemand,lower,21.82,6.773954875,20.43,23.15,100,0,0,100
M1-normal,fixed-allocation,reorder-point,backlogArea,lower,36.43,12.05815454,33.94,38.68,100,0,0,100
M1-normal,fixed-allocation,reorder-point,stockoutIncidentRate,lower,0.001618879306,0.000440400381,0.001529973287,0.001705109142,100,0,0,100
M1-normal,fixed-allocation,reorder-point,horizonEndUnmetRate,lower,-0.000001082331728,0.000005036151069,-0.000002161274001,-1.574034723e-7,0,5,95,100
M1-normal,fixed-allocation,reorder-point,meanWaitingTime,lower,0.0005646565145,0.0001865100834,0.0005258320241,0.0005995352583,100,0,0,100
M1-normal,fixed-allocation,reorder-point,p95WaitingTime,lower,0,0,0,0,0,0,100,100
M1-normal,fixed-allocation,reorder-point,serviceLossAUC,lower,0,0,0,0,0,0,100,100
M1-normal,fixed-allocation,reorder-point,totalCost,lower,62816.95807,826.4753692,62661.79071,62980.19848,100,0,0,100
M1-normal,fixed-allocation,cost-first,overallFillRate,higher,0.01241632786,0.001593702546,0.01210609547,0.01273352035,100,0,0,100
M1-normal,fixed-allocation,cost-first,essentialMedicineFillRate,higher,-0.0003912654843,0.0001385371269,-0.0004176455063,-0.0003632957815,0,100,0,100
M1-normal,fixed-allocation,cost-first,worstRegionEssentialFillRate,higher,-0.005061362597,0.00176398072,-0.005396552159,-0.00470762121,0,100,0,100
M1-normal,fixed-allocation,cost-first,regionalServiceGap,lower,0.005061362597,0.00176398072,0.004708623493,0.005397090638,100,0,0,100
M1-normal,fixed-allocation,cost-first,cumulativeUnmetDemand,lower,-800.65,101.8447397,-820.83,-780.87,0,100,0,100
M1-normal,fixed-allocation,cost-first,backlogArea,lower,-1997.41,363.5710675,-2070.45,-1924.53,0,100,0,100
M1-normal,fixed-allocation,cost-first,stockoutIncidentRate,lower,-0.009258602604,0.001418003904,-0.009544867013,-0.008981444561,0,100,0,100
M1-normal,fixed-allocation,cost-first,horizonEndUnmetRate,lower,-0.00001507263837,0.0000523091327,-0.0000258172635,-0.000006073100242,0,10,90,100
M1-normal,fixed-allocation,cost-first,meanWaitingTime,lower,-0.03097815967,0.0056760811,-0.03213949209,-0.02982429537,0,100,0,100
M1-normal,fixed-allocation,cost-first,p95WaitingTime,lower,0,0,0,0,0,0,100,100
M1-normal,fixed-allocation,cost-first,serviceLossAUC,lower,0,0,0,0,0,0,100,100
M1-normal,fixed-allocation,cost-first,totalCost,lower,61147.99622,1166.086606,60915.90452,61378.15602,100,0,0,100
M1-normal,fixed-allocation,equity-aware,overallFillRate,higher,0.009298604048,0.001209904339,0.009062401259,0.009526384836,100,0,0,100
M1-normal,fixed-allocation,equity-aware,essentialMedicineFillRate,higher,-0.0001927023295,0.0002696852288,-0.0002454066862,-0.0001373123592,18,76,6,100
M1-normal,fixed-allocation,equity-aware,worstRegionEssentialFillRate,higher,-0.004433829182,0.001898090551,-0.004793025573,-0.00404516059,1,99,0,100
M1-normal,fixed-allocation,equity-aware,regionalServiceGap,lower,0.004433829182,0.001898090551,0.004047340819,0.004793222533,99,1,0,100
M1-normal,fixed-allocation,equity-aware,cumulativeUnmetDemand,lower,-599.63,77.4931284,-614.45,-584.56,0,100,0,100
M1-normal,fixed-allocation,equity-aware,backlogArea,lower,-1472.44,267.9752107,-1524.44,-1421.36,0,100,0,100
M1-normal,fixed-allocation,equity-aware,stockoutIncidentRate,lower,-0.01063790969,0.001513471722,-0.01093085842,-0.01034839452,0,100,0,100
M1-normal,fixed-allocation,equity-aware,horizonEndUnmetRate,lower,-0.000002641079325,0.00001397540954,-0.000005893111846,-3.1169155e-7,0,5,95,100
M1-normal,fixed-allocation,equity-aware,meanWaitingTime,lower,-0.02283565641,0.004176352533,-0.02364164445,-0.02203276515,0,100,0,100
M1-normal,fixed-allocation,equity-aware,p95WaitingTime,lower,0,0,0,0,0,0,100,100
M1-normal,fixed-allocation,equity-aware,serviceLossAUC,lower,0,0,0,0,0,0,100,100
M1-normal,fixed-allocation,equity-aware,totalCost,lower,60333.10637,1180.985684,60124.2938,60557.48462,100,0,0,100
M1-normal,fixed-allocation,equity-constrained-rolling-horizon,overallFillRate,higher,0.0114939801,0.001718242942,0.01114803663,0.01183616293,100,0,0,100
M1-normal,fixed-allocation,equity-constrained-rolling-horizon,essentialMedicineFillRate,higher,-0.0003941224408,0.0001361158423,-0.0004202301218,-0.000366669544,0,100,0,100
M1-normal,fixed-allocation,equity-constrained-rolling-horizon,worstRegionEssentialFillRate,higher,-0.005092391116,0.001743767956,-0.005428095013,-0.004743708196,0,100,0,100
M1-normal,fixed-allocation,equity-constrained-rolling-horizon,regionalServiceGap,lower,0.005092391116,0.001743767956,0.004745191742,0.005430067548,100,0,0,100
M1-normal,fixed-allocation,equity-constrained-rolling-horizon,cumulativeUnmetDemand,lower,-741.24,110.1877296,-763.15,-718.94,0,100,0,100
M1-normal,fixed-allocation,equity-constrained-rolling-horizon,backlogArea,lower,-1809.83,391.749045,-1887.74,-1731.51,0,100,0,100
M1-normal,fixed-allocation,equity-constrained-rolling-horizon,stockoutIncidentRate,lower,-0.008569329555,0.001551497951,-0.008877066004,-0.008262450015,0,100,0,100
M1-normal,fixed-allocation,equity-constrained-rolling-horizon,horizonEndUnmetRate,lower,-0.000004669215969,0.00002175419709,-0.0000096863308,-0.000001084583099,0,8,92,100
M1-normal,fixed-allocation,equity-constrained-rolling-horizon,meanWaitingTime,lower,-0.02806501285,0.006098303713,-0.02927637299,-0.02684466712,0,100,0,100
M1-normal,fixed-allocation,equity-constrained-rolling-horizon,p95WaitingTime,lower,0,0,0,0,0,0,100,100
M1-normal,fixed-allocation,equity-constrained-rolling-horizon,serviceLossAUC,lower,0,0,0,0,0,0,100,100
M1-normal,fixed-allocation,equity-constrained-rolling-horizon,totalCost,lower,60486.44632,1117.90296,60285.10186,60715.9114,100,0,0,100
M1-normal,reorder-point,cost-first,overallFillRate,higher,0.01275456289,0.001592901742,0.01244579724,0.01307028333,100,0,0,100
M1-normal,reorder-point,cost-first,essentialMedicineFillRate,higher,-0.0001593624372,0.0001146741973,-0.0001837765134,-0.0001375544476,0,90,10,100
M1-normal,reorder-point,cost-first,worstRegionEssentialFillRate,higher,-0.002025506673,0.001454927823,-0.002339174406,-0.001751313984,0,90,10,100
M1-normal,reorder-point,cost-first,regionalServiceGap,lower,0.002025506673,0.001454927823,0.001751603788,0.002340722648,90,0,10,100
M1-normal,reorder-point,cost-first,cumulativeUnmetDemand,lower,-822.47,101.8109215,-842.62,-802.77,0,100,0,100
M1-normal,reorder-point,cost-first,backlogArea,lower,-2033.84,362.1320346,-2106.06,-1961.19,0,100,0,100
M1-normal,reorder-point,cost-first,stockoutIncidentRate,lower,-0.01087748191,0.001395712979,-0.01115079669,-0.01060429945,0,100,0,100
M1-normal,reorder-point,cost-first,horizonEndUnmetRate,lower,-0.00001399030664,0.00005286364477,-0.00002492050082,-0.000004968060011,5,10,85,100
M1-normal,reorder-point,cost-first,meanWaitingTime,lower,-0.03154281618,0.005653514531,-0.03268413858,-0.03040418499,0,100,0,100
M1-normal,reorder-point,cost-first,p95WaitingTime,lower,0,0,0,0,0,0,100,100
M1-normal,reorder-point,cost-first,serviceLossAUC,lower,0,0,0,0,0,0,100,100
M1-normal,reorder-point,cost-first,totalCost,lower,-1668.961846,1444.059168,-1951.729847,-1383.044428,15,85,0,100
M1-normal,reorder-point,equity-aware,overallFillRate,higher,0.009636839076,0.001208058246,0.009405992053,0.009868870951,100,0,0,100
M1-normal,reorder-point,equity-aware,essentialMedicineFillRate,higher,0.0000392007176,0.0002633512472,-0.00001252469528,0.00009263083435,42,48,10,100
M1-normal,reorder-point,equity-aware,worstRegionEssentialFillRate,higher,-0.001397973258,0.0017288816,-0.001749534754,-0.001064145357,17,80,3,100
M1-normal,reorder-point,equity-aware,regionalServiceGap,lower,0.001397973258,0.0017288816,0.001064221105,0.001749663553,80,17,3,100
M1-normal,reorder-point,equity-aware,cumulativeUnmetDemand,lower,-621.45,77.40153406,-636.28,-606.55,0,100,0,100
M1-normal,reorder-point,equity-aware,backlogArea,lower,-1508.87,266.7640222,-1560.45,-1459.04,0,100,0,100
M1-normal,reorder-point,equity-aware,stockoutIncidentRate,lower,-0.01225678899,0.001536002844,-0.01254955811,-0.01197016694,0,100,0,100
M1-normal,reorder-point,equity-aware,horizonEndUnmetRate,lower,-0.000001558747598,0.00001504824525,-0.000004829960519,9.277079218e-7,5,5,90,100
M1-normal,reorder-point,equity-aware,meanWaitingTime,lower,-0.02340031292,0.004157100546,-0.02421535242,-0.02260826,0,100,0,100
M1-normal,reorder-point,equity-aware,p95WaitingTime,lower,0,0,0,0,0,0,100,100
M1-normal,reorder-point,equity-aware,serviceLossAUC,lower,0,0,0,0,0,0,100,100
M1-normal,reorder-point,equity-aware,totalCost,lower,-2483.851698,1291.792567,-2723.378551,-2232.392774,3,97,0,100
M1-normal,reorder-point,equity-constrained-rolling-horizon,overallFillRate,higher,0.01183221513,0.001712837933,0.01149021416,0.01217534078,100,0,0,100
M1-normal,reorder-point,equity-constrained-rolling-horizon,essentialMedicineFillRate,higher,-0.0001622193938,0.0001117635538,-0.0001854420084,-0.0001412359383,0,92,8,100
M1-normal,reorder-point,equity-constrained-rolling-horizon,worstRegionEssentialFillRate,higher,-0.002056535192,0.00141710947,-0.002353213434,-0.001795614061,0,92,8,100
M1-normal,reorder-point,equity-constrained-rolling-horizon,regionalServiceGap,lower,0.002056535192,0.00141710947,0.001797994214,0.002353768303,92,0,8,100
M1-normal,reorder-point,equity-constrained-rolling-horizon,cumulativeUnmetDemand,lower,-763.06,109.8623399,-785.04,-740.86,0,100,0,100
M1-normal,reorder-point,equity-constrained-rolling-horizon,backlogArea,lower,-1846.26,389.6202663,-1923.56,-1769.7,0,100,0,100
M1-normal,reorder-point,equity-constrained-rolling-horizon,stockoutIncidentRate,lower,-0.01018820886,0.001519886525,-0.01050445222,-0.009889611291,0,100,0,100
M1-normal,reorder-point,equity-constrained-rolling-horizon,horizonEndUnmetRate,lower,-0.000003586884242,0.00002255697859,-0.000008524230351,2.825831866e-7,5,8,87,100
M1-normal,reorder-point,equity-constrained-rolling-horizon,meanWaitingTime,lower,-0.02862966937,0.006064848001,-0.0298251387,-0.02741876923,0,100,0,100
M1-normal,reorder-point,equity-constrained-rolling-horizon,p95WaitingTime,lower,0,0,0,0,0,0,100,100
M1-normal,reorder-point,equity-constrained-rolling-horizon,serviceLossAUC,lower,0,0,0,0,0,0,100,100
M1-normal,reorder-point,equity-constrained-rolling-horizon,totalCost,lower,-2330.511752,1398.947334,-2594.127178,-2051.503035,7,93,0,100
M1-normal,cost-first,equity-aware,overallFillRate,higher,-0.003117723815,0.00130468172,-0.003373475864,-0.00286378096,1,99,0,100
M1-normal,cost-first,equity-aware,essentialMedicineFillRate,higher,0.0001985631548,0.000243425358,0.0001499446931,0.0002480890782,66,3,31,100
M1-normal,cost-first,equity-aware,worstRegionEssentialFillRate,higher,0.0006275334152,0.0009655042023,0.0004422826369,0.0008205399453,51,5,44,100
M1-normal,cost-first,equity-aware,regionalServiceGap,lower,-0.0006275334152,0.0009655042023,-0.000817960796,-0.0004401613023,5,51,44,100
M1-normal,cost-first,equity-aware,cumulativeUnmetDemand,lower,201.02,83.95164313,184.97,217.62,99,1,0,100
M1-normal,cost-first,equity-aware,backlogArea,lower,524.97,300.2650834,466.51,587.9,97,3,0,100
M1-normal,cost-first,equity-aware,stockoutIncidentRate,lower,-0.001379307085,0.001311839917,-0.001637062339,-0.001123841099,12,85,3,100
M1-normal,cost-first,equity-aware,horizonEndUnmetRate,lower,0.00001243155904,0.00005488148782,0.000002643900403,0.00002335711093,10,5,85,100
M1-normal,cost-first,equity-aware,meanWaitingTime,lower,0.008142503259,0.004668311341,0.007232270313,0.009119569971,97,3,0,100
M1-normal,cost-first,equity-aware,p95WaitingTime,lower,0,0,0,0,0,0,100,100
M1-normal,cost-first,equity-aware,serviceLossAUC,lower,0,0,0,0,0,0,100,100
M1-normal,cost-first,equity-aware,totalCost,lower,-814.8898518,1592.441606,-1099.917269,-515.8400982,27,73,0,100
M1-normal,cost-first,equity-constrained-rolling-horizon,overallFillRate,higher,-0.0009223477645,0.001514553022,-0.001231458514,-0.0006286339753,29,71,0,100
M1-normal,cost-first,equity-constrained-rolling-horizon,essentialMedicineFillRate,higher,-0.000002856956587,0.00001906429484,-0.000006693182406,9.782193768e-7,2,8,90,100
M1-normal,cost-first,equity-constrained-rolling-horizon,worstRegionEssentialFillRate,higher,-0.00003102851915,0.0002390413407,-0.00008050357048,0.00001246850181,2,7,91,100
M1-normal,cost-first,equity-constrained-rolling-horizon,regionalServiceGap,lower,0.00003102851915,0.0002390413407,-0.00001246083384,0.00008051135668,7,2,91,100
M1-normal,cost-first,equity-constrained-rolling-horizon,cumulativeUnmetDemand,lower,59.41,97.53114965,40.52,79.34,71,29,0,100
M1-normal,cost-first,equity-constrained-rolling-horizon,backlogArea,lower,187.58,315.0921039,125.86,248.29,74,26,0,100
M1-normal,cost-first,equity-constrained-rolling-horizon,stockoutIncidentRate,lower,0.0006892730484,0.001232590703,0.0004365816338,0.0009434844399,68,31,1,100
M1-normal,cost-first,equity-constrained-rolling-horizon,horizonEndUnmetRate,lower,0.0000104034224,0.00005746213728,-2.026445038e-7,0.00002207629436,10,7,83,100
M1-normal,cost-first,equity-constrained-rolling-horizon,meanWaitingTime,lower,0.002913146817,0.004890716035,0.001956222795,0.003860479353,74,26,0,100
M1-normal,cost-first,equity-constrained-rolling-horizon,p95WaitingTime,lower,0,0,0,0,0,0,100,100
M1-normal,cost-first,equity-constrained-rolling-horizon,serviceLossAUC,lower,0,0,0,0,0,0,100,100
M1-normal,cost-first,equity-constrained-rolling-horizon,totalCost,lower,-661.5499065,1556.930589,-949.5965153,-359.5721776,32,68,0,100
M1-normal,equity-aware,equity-constrained-rolling-horizon,overallFillRate,higher,0.002195376051,0.001565253584,0.0018794541,0.002513901213,91,9,0,100
M1-normal,equity-aware,equity-constrained-rolling-horizon,essentialMedicineFillRate,higher,-0.0002014201114,0.0002463402952,-0.0002503697894,-0.0001525217643,1,66,33,100
M1-normal,equity-aware,equity-constrained-rolling-horizon,worstRegionEssentialFillRate,higher,-0.0006585619344,0.000998321535,-0.0008561941698,-0.0004639732462,3,50,47,100
M1-normal,equity-aware,equity-constrained-rolling-horizon,regionalServiceGap,lower,0.0006585619344,0.000998321535,0.0004641464911,0.0008582207755,50,3,47,100
M1-normal,equity-aware,equity-constrained-rolling-horizon,cumulativeUnmetDemand,lower,-141.61,100.6763888,-161.78,-121.24,9,91,0,100
M1-normal,equity-aware,equity-constrained-rolling-horizon,backlogArea,lower,-337.39,350.1062146,-409.33,-265.22,15,84,1,100
M1-normal,equity-aware,equity-constrained-rolling-horizon,stockoutIncidentRate,lower,0.002068580133,0.001563803423,0.001761852107,0.002388243344,90,8,2,100
M1-normal,equity-aware,equity-constrained-rolling-horizon,horizonEndUnmetRate,lower,-0.000002028136644,0.00002633381531,-0.000007507803168,0.000003071738992,5,8,87,100
M1-normal,equity-aware,equity-constrained-rolling-horizon,meanWaitingTime,lower,-0.005229356442,0.00544494689,-0.006348898533,-0.004108878137,15,84,1,100
M1-normal,equity-aware,equity-constrained-rolling-horizon,p95WaitingTime,lower,0,0,0,0,0,0,100,100
M1-normal,equity-aware,equity-constrained-rolling-horizon,serviceLossAUC,lower,0,0,0,0,0,0,100,100
M1-normal,equity-aware,equity-constrained-rolling-horizon,totalCost,lower,153.3399453,1697.766797,-173.3087788,473.5073853,56,44,0,100
M2-demand-surge,fixed-allocation,reorder-point,overallFillRate,higher,-0.3906862355,0.01111302239,-0.3928792634,-0.388585867,0,100,0,100
M2-demand-surge,fixed-allocation,reorder-point,essentialMedicineFillRate,higher,-0.3626306167,0.01491088482,-0.3655118675,-0.3598754022,0,100,0,100
M2-demand-surge,fixed-allocation,reorder-point,worstRegionEssentialFillRate,higher,-0.400549207,0.01757796147,-0.4040213819,-0.3972506862,0,100,0,100
M2-demand-surge,fixed-allocation,reorder-point,regionalServiceGap,lower,0.1560053058,0.02329123324,0.1515204592,0.1607431234,100,0,0,100
M2-demand-surge,fixed-allocation,reorder-point,cumulativeUnmetDemand,lower,28991.06,957.4200689,28806.27,29177.44,100,0,0,100
M2-demand-surge,fixed-allocation,reorder-point,backlogArea,lower,141079.61,11375.82476,138890.78,143282.71,100,0,0,100
M2-demand-surge,fixed-allocation,reorder-point,stockoutIncidentRate,lower,0.3312756631,0.007424784393,0.3298450382,0.3327614455,100,0,0,100
M2-demand-surge,fixed-allocation,reorder-point,horizonEndUnmetRate,lower,0.004278709495,0.002150744783,0.003853826464,0.004723940031,100,0,0,100
M2-demand-surge,fixed-allocation,reorder-point,meanWaitingTime,lower,1.901025482,0.1473440371,1.87196973,1.9303626,100,0,0,100
M2-demand-surge,fixed-allocation,reorder-point,p95WaitingTime,lower,8.73,0.6942039988,8.6,8.87,100,0,0,100
M2-demand-surge,fixed-allocation,reorder-point,recoveryTime90,lower,55.47,3.182829565,54.83,56.11,100,0,0,100
M2-demand-surge,fixed-allocation,reorder-point,recoveryTime95,lower,57.51,2.576094452,56.98,58.01,100,0,0,100
M2-demand-surge,fixed-allocation,reorder-point,recoveryTime99,lower,59.45,1.546419782,59.12,59.73,100,0,0,100
M2-demand-surge,fixed-allocation,reorder-point,serviceLossAUC,lower,41.02073844,1.793829704,40.68097498,41.37530808,100,0,0,100
M2-demand-surge,fixed-allocation,reorder-point,totalCost,lower,45680.40526,2160.316918,45273.84094,46106.84868,100,0,0,100
M2-demand-surge,fixed-allocation,cost-first,overallFillRate,higher,-0.2953600431,0.01127570576,-0.2975874289,-0.2933024281,0,100,0,100
M2-demand-surge,fixed-allocation,cost-first,essentialMedicineFillRate,higher,-0.3622445599,0.01489398634,-0.3651315933,-0.3594425195,0,100,0,100
M2-demand-surge,fixed-allocation,cost-first,worstRegionEssentialFillRate,higher,-0.3963692853,0.01772028445,-0.3998920783,-0.3929961224,0,100,0,100
M2-demand-surge,fixed-allocation,cost-first,regionalServiceGap,lower,0.151832716,0.024290195,0.1471068253,0.1566853278,100,0,0,100
M2-demand-surge,fixed-allocation,cost-first,cumulativeUnmetDemand,lower,21918.1,931.8587648,21745.43,22099.16,100,0,0,100
M2-demand-surge,fixed-allocation,cost-first,backlogArea,lower,77513.6,12214.89766,75160.71,79968.42,100,0,0,100
M2-demand-surge,fixed-allocation,cost-first,stockoutIncidentRate,lower,0.2744052038,0.007728543229,0.2729073354,0.275883223,100,0,0,100
M2-demand-surge,fixed-allocation,cost-first,horizonEndUnmetRate,lower,0.004276272659,0.002150313054,0.003853830453,0.004721511931,100,0,0,100
M2-demand-surge,fixed-allocation,cost-first,meanWaitingTime,lower,1.044280342,0.1618330887,1.013089271,1.076894034,100,0,0,100
M2-demand-surge,fixed-allocation,cost-first,p95WaitingTime,lower,2.03,1.234643039,1.79,2.27,87,3,10,100
M2-demand-surge,fixed-allocation,cost-first,recoveryTime90,lower,55.47,3.182829565,54.83,56.11,100,0,0,100
M2-demand-surge,fixed-allocation,cost-first,recoveryTime95,lower,57.51,2.576094452,56.98,58.01,100,0,0,100
M2-demand-surge,fixed-allocation,cost-first,recoveryTime99,lower,59.45,1.546419782,59.12,59.73,100,0,0,100
M2-demand-surge,fixed-allocation,cost-first,serviceLossAUC,lower,40.98773585,1.79195242,40.65128098,41.34309264,100,0,0,100
M2-demand-surge,fixed-allocation,cost-first,totalCost,lower,53364.5078,1358.066819,53102.86473,53631.07315,100,0,0,100
M2-demand-surge,fixed-allocation,equity-aware,overallFillRate,higher,-0.3223952334,0.01221228251,-0.3248505435,-0.3199877101,0,100,0,100
M2-demand-surge,fixed-allocation,equity-aware,essentialMedicineFillRate,higher,-0.3605560294,0.01482524174,-0.3634444526,-0.3577233251,0,100,0,100
M2-demand-surge,fixed-allocation,equity-aware,worstRegionEssentialFillRate,higher,-0.3762918411,0.0203258355,-0.380444713,-0.3724261801,0,100,0,100
M2-demand-surge,fixed-allocation,equity-aware,regionalServiceGap,lower,0.1317722971,0.02700604523,0.1263945226,0.137232453,100,0,0,100
M2-demand-surge,fixed-allocation,equity-aware,cumulativeUnmetDemand,lower,23923.72,996.5082886,23732.38,24122.72,100,0,0,100
M2-demand-surge,fixed-allocation,equity-aware,backlogArea,lower,101289,10683.34809,99279.24,103429.06,100,0,0,100
M2-demand-surge,fixed-allocation,equity-aware,stockoutIncidentRate,lower,0.2162478629,0.009431592626,0.2143389603,0.2182115958,100,0,0,100
M2-demand-surge,fixed-allocation,equity-aware,horizonEndUnmetRate,lower,0.004277629558,0.002152439746,0.003850993877,0.004724076821,100,0,0,100
M2-demand-surge,fixed-allocation,equity-aware,meanWaitingTime,lower,1.364792556,0.1401074053,1.338260964,1.393658748,100,0,0,100
M2-demand-surge,fixed-allocation,equity-aware,p95WaitingTime,lower,6.77,0.8973023544,6.59,6.95,100,0,0,100
M2-demand-surge,fixed-allocation,equity-aware,recoveryTime90,lower,55.47,3.182829565,54.83,56.11,100,0,0,100
M2-demand-surge,fixed-allocation,equity-aware,recoveryTime95,lower,57.51,2.576094452,56.98,58.01,100,0,0,100
M2-demand-surge,fixed-allocation,equity-aware,recoveryTime99,lower,58.94,2.784589628,58.36,59.45,100,0,0,100
M2-demand-surge,fixed-allocation,equity-aware,serviceLossAUC,lower,40.86192289,1.788020773,40.52383303,41.21649763,100,0,0,100
M2-demand-surge,fixed-allocation,equity-aware,totalCost,lower,54034.39475,1294.931351,53786.81581,54278.88364,100,0,0,100
M2-demand-surge,fixed-allocation,equity-constrained-rolling-horizon,overallFillRate,higher,-0.2799643577,0.01083275414,-0.282123386,-0.2779697699,0,100,0,100
M2-demand-surge,fixed-allocation,equity-constrained-rolling-horizon,essentialMedicineFillRate,higher,-0.3624154436,0.01487878274,-0.365289928,-0.3596461202,0,100,0,100
M2-demand-surge,fixed-allocation,equity-constrained-rolling-horizon,worstRegionEssentialFillRate,higher,-0.3977579152,0.01748291153,-0.4012624319,-0.3944692204,0,100,0,100
M2-demand-surge,fixed-allocation,equity-constrained-rolling-horizon,regionalServiceGap,lower,0.153214014,0.02400161357,0.1486478366,0.1580840568,100,0,0,100
M2-demand-surge,fixed-allocation,equity-constrained-rolling-horizon,cumulativeUnmetDemand,lower,20775.74,896.2397612,20606.24,20951.81,100,0,0,100
M2-demand-surge,fixed-allocation,equity-constrained-rolling-horizon,backlogArea,lower,53544.4,12540.1302,50981.69,56057.34,100,0,0,100
M2-demand-surge,fixed-allocation,equity-constrained-rolling-horizon,stockoutIncidentRate,lower,0.2589151147,0.007722758391,0.2573775345,0.2605240192,100,0,0,100
M2-demand-surge,fixed-allocation,equity-constrained-rolling-horizon,horizonEndUnmetRate,lower,0.004271842435,0.002145212325,0.003845933734,0.004715341532,100,0,0,100
M2-demand-surge,fixed-allocation,equity-constrained-rolling-horizon,meanWaitingTime,lower,0.7212254591,0.1671023493,0.687058301,0.7547139025,100,0,0,100
M2-demand-surge,fixed-allocation,equity-constrained-rolling-horizon,p95WaitingTime,lower,-1.87,1.292206632,-2.15,-1.62,2,87,11,100
M2-demand-surge,fixed-allocation,equity-constrained-rolling-horizon,recoveryTime90,lower,55.47,3.182829565,54.83,56.11,100,0,0,100
M2-demand-surge,fixed-allocation,equity-constrained-rolling-horizon,recoveryTime95,lower,57.51,2.576094452,56.98,58.01,100,0,0,100
M2-demand-surge,fixed-allocation,equity-constrained-rolling-horizon,recoveryTime99,lower,59.45,1.546419782,59.12,59.73,100,0,0,100
M2-demand-surge,fixed-allocation,equity-constrained-rolling-horizon,serviceLossAUC,lower,41.00229323,1.790927759,40.66372251,41.35636402,100,0,0,100
M2-demand-surge,fixed-allocation,equity-constrained-rolling-horizon,totalCost,lower,52229.82372,1430.239826,51955.12183,52502.53372,100,0,0,100
M2-demand-surge,reorder-point,cost-first,overallFillRate,higher,0.09532619236,0.006444153213,0.09403778589,0.0965716569,100,0,0,100
M2-demand-surge,reorder-point,cost-first,essentialMedicineFillRate,higher,0.0003860568541,0.0004129574591,0.0003094706195,0.0004702793858,84,8,8,100
M2-demand-surge,reorder-point,cost-first,worstRegionEssentialFillRate,higher,0.004179921662,0.003204020218,0.003547703514,0.004833721485,85,6,9,100
M2-demand-surge,reorder-point,cost-first,regionalServiceGap,lower,-0.00417258977,0.003204761608,-0.004813888293,-0.003533900363,6,85,9,100
M2-demand-surge,reorder-point,cost-first,cumulativeUnmetDemand,lower,-7072.96,480.7151852,-7166.88,-6977.93,0,100,0,100
M2-demand-surge,reorder-point,cost-first,backlogArea,lower,-63566.01,7871.118408,-65127.13,-62026.42,0,100,0,100
M2-demand-surge,reorder-point,cost-first,stockoutIncidentRate,lower,-0.05687045926,0.004157999131,-0.05768812969,-0.05604129622,0,100,0,100
M2-demand-surge,reorder-point,cost-first,horizonEndUnmetRate,lower,-0.000002436836588,0.0000155926205,-0.000006097107924,-1.300087451e-7,2,7,91,100
M2-demand-surge,reorder-point,cost-first,meanWaitingTime,lower,-0.85674514,0.1060569718,-0.8775008842,-0.8360292298,0,100,0,100
M2-demand-surge,reorder-point,cost-first,p95WaitingTime,lower,-6.7,1.193416283,-6.94,-6.47,0,100,0,100
M2-demand-surge,reorder-point,cost-first,recoveryTime90,lower,0,0,0,0,0,0,100,100
M2-demand-surge,reorder-point,cost-first,recoveryTime95,lower,0,0,0,0,0,0,100,100
M2-demand-surge,reorder-point,cost-first,recoveryTime99,lower,0,0,0,0,0,0,100,100
M2-demand-surge,reorder-point,cost-first,serviceLossAUC,lower,-0.0330025907,0.03513489433,-0.04003035993,-0.0265101562,11,88,1,100
M2-demand-surge,reorder-point,cost-first,totalCost,lower,7684.102531,2167.334293,7258.795665,8105.823396,100,0,0,100
M2-demand-surge,reorder-point,equity-aware,overallFillRate,higher,0.06829100205,0.008251125718,0.06660272225,0.069836069,100,0,0,100
M2-demand-surge,reorder-point,equity-aware,essentialMedicineFillRate,higher,0.002074587312,0.001001870649,0.001884024949,0.002273501177,100,0,0,100
M2-demand-surge,reorder-point,equity-aware,worstRegionEssentialFillRate,higher,0.0242573659,0.01246109124,0.02189646766,0.02672306479,100,0,0,100
M2-demand-surge,reorder-point,equity-aware,regionalServiceGap,lower,-0.02423300872,0.01247467206,-0.02667221982,-0.02182799882,0,100,0,100
M2-demand-surge,reorder-point,equity-aware,cumulativeUnmetDemand,lower,-5067.34,617.5685987,-5181.13,-4942.07,0,100,0,100
M2-demand-surge,reorder-point,equity-aware,backlogArea,lower,-39790.61,4391.209911,-40638.56,-38921.27,0,100,0,100
M2-demand-surge,reorder-point,equity-aware,stockoutIncidentRate,lower,-0.1150278002,0.006785266535,-0.1162944884,-0.1136444561,0,100,0,100
M2-demand-surge,reorder-point,equity-aware,horizonEndUnmetRate,lower,-0.000001079936935,0.000008510513391,-0.000002838004457,4.054261616e-7,2,5,93,100
M2-demand-surge,reorder-point,equity-aware,meanWaitingTime,lower,-0.5362329258,0.0584625456,-0.547271923,-0.5245758126,0,100,0,100
M2-demand-surge,reorder-point,equity-aware,p95WaitingTime,lower,-1.96,0.723627227,-2.09,-1.82,0,98,2,100
M2-demand-surge,reorder-point,equity-aware,recoveryTime90,lower,0,0,0,0,0,0,100,100
M2-demand-surge,reorder-point,equity-aware,recoveryTime95,lower,0,0,0,0,0,0,100,100
M2-demand-surge,reorder-point,equity-aware,recoveryTime99,lower,-0.51,2.280771622,-0.97,-0.12,0,6,94,100
M2-demand-surge,reorder-point,equity-aware,serviceLossAUC,lower,-0.1588155466,0.08736703983,-0.1762671239,-0.1420238615,0,100,0,100
M2-demand-surge,reorder-point,equity-aware,totalCost,lower,8353.989489,2159.155994,7939.068641,8744.570595,100,0,0,100
M2-demand-surge,reorder-point,equity-constrained-rolling-horizon,overallFillRate,higher,0.1107218778,0.005260374443,0.1097050158,0.1117657899,100,0,0,100
M2-demand-surge,reorder-point,equity-constrained-rolling-horizon,essentialMedicineFillRate,higher,0.0002151731028,0.0002760724732,0.0001627710784,0.0002706589838,73,15,12,100
M2-demand-surge,reorder-point,equity-constrained-rolling-horizon,worstRegionEssentialFillRate,higher,0.00279129181,0.002981382877,0.0022169486,0.003420144749,73,14,13,100
M2-demand-surge,reorder-point,equity-constrained-rolling-horizon,regionalServiceGap,lower,-0.00279129181,0.002981382877,-0.003419345758,-0.002216481094,14,73,13,100
M2-demand-surge,reorder-point,equity-constrained-rolling-horizon,cumulativeUnmetDemand,lower,-8215.32,395.4849441,-8291.11,-8139.21,0,100,0,100
M2-demand-surge,reorder-point,equity-constrained-rolling-horizon,backlogArea,lower,-87535.21,8236.697662,-89157.6,-85974.03,0,100,0,100
M2-demand-surge,reorder-point,equity-constrained-rolling-horizon,stockoutIncidentRate,lower,-0.07236054838,0.004798106197,-0.07330350695,-0.07146733944,0,100,0,100
M2-demand-surge,reorder-point,equity-constrained-rolling-horizon,horizonEndUnmetRate,lower,-0.000006867060144,0.00004429668576,-0.00001711784327,-3.973757756e-7,2,8,90,100
M2-demand-surge,reorder-point,equity-constrained-rolling-horizon,meanWaitingTime,lower,-1.179800023,0.1111654199,-1.202016859,-1.158350636,0,100,0,100
M2-demand-surge,reorder-point,equity-constrained-rolling-horizon,p95WaitingTime,lower,-10.6,1.145919418,-10.83,-10.39,0,100,0,100
M2-demand-surge,reorder-point,equity-constrained-rolling-horizon,recoveryTime90,lower,0,0,0,0,0,0,100,100
M2-demand-surge,reorder-point,equity-constrained-rolling-horizon,recoveryTime95,lower,0,0,0,0,0,0,100,100
M2-demand-surge,reorder-point,equity-constrained-rolling-horizon,recoveryTime99,lower,0,0,0,0,0,0,100,100
M2-demand-surge,reorder-point,equity-constrained-rolling-horizon,serviceLossAUC,lower,-0.01844521133,0.0235673583,-0.02322877511,-0.01396717865,20,78,2,100
M2-demand-surge,reorder-point,equity-constrained-rolling-horizon,totalCost,lower,6549.418458,1990.308061,6163.999309,6933.125376,100,0,0,100
M2-demand-surge,cost-first,equity-aware,overallFillRate,higher,-0.0270351903,0.008339547969,-0.02869736178,-0.02541087823,0,100,0,100
M2-demand-surge,cost-first,equity-aware,essentialMedicineFillRate,higher,0.001688530458,0.000983952621,0.001501288181,0.001892358386,98,2,0,100
M2-demand-surge,cost-first,equity-aware,worstRegionEssentialFillRate,higher,0.02007744424,0.01169160128,0.01782871566,0.02249286214,100,0,0,100
M2-demand-surge,cost-first,equity-aware,regionalServiceGap,lower,-0.02006041895,0.01170006955,-0.02247290797,-0.01781961474,0,100,0,100
M2-demand-surge,cost-first,equity-aware,cumulativeUnmetDemand,lower,2005.62,617.9185128,1884.25,2129.51,100,0,0,100
M2-demand-surge,cost-first,equity-aware,backlogArea,lower,23775.4,7537.204307,22346.25,25218.68,100,0,0,100
M2-demand-surge,cost-first,equity-aware,stockoutIncidentRate,lower,-0.05815734095,0.006625578752,-0.05945461787,-0.0568181162,0,100,0,100
M2-demand-surge,cost-first,equity-aware,horizonEndUnmetRate,lower,0.000001356899653,0.00001685429122,-0.000001486071713,0.000005145657093,6,5,89,100
M2-demand-surge,cost-first,equity-aware,meanWaitingTime,lower,0.3205122142,0.1019023509,0.3010410065,0.340097533,100,0,0,100
M2-demand-surge,cost-first,equity-aware,p95WaitingTime,lower,4.74,1.151371602,4.51,4.97,100,0,0,100
M2-demand-surge,cost-first,equity-aware,recoveryTime90,lower,0,0,0,0,0,0,100,100
M2-demand-surge,cost-first,equity-aware,recoveryTime95,lower,0,0,0,0,0,0,100,100
M2-demand-surge,cost-first,equity-aware,recoveryTime99,lower,-0.51,2.280771622,-0.97,-0.12,0,6,94,100
M2-demand-surge,cost-first,equity-aware,serviceLossAUC,lower,-0.1258129559,0.08405009437,-0.1425057632,-0.1100507217,3,97,0,100
M2-demand-surge,cost-first,equity-aware,totalCost,lower,669.8869582,1484.961338,387.4998324,963.3823124,66,34,0,100
M2-demand-surge,cost-first,equity-constrained-rolling-horizon,overallFillRate,higher,0.01539568544,0.005890050029,0.01431044789,0.01656801296,100,0,0,100
M2-demand-surge,cost-first,equity-constrained-rolling-horizon,essentialMedicineFillRate,higher,-0.0001708837514,0.0002599145313,-0.000223854321,-0.0001255788554,1,74,25,100
M2-demand-surge,cost-first,equity-constrained-rolling-horizon,worstRegionEssentialFillRate,higher,-0.001388629851,0.001465762339,-0.001677156199,-0.001122615938,0,72,28,100
M2-demand-surge,cost-first,equity-constrained-rolling-horizon,regionalServiceGap,lower,0.001381297959,0.001465643339,0.001116837921,0.001670554503,72,1,27,100
M2-demand-surge,cost-first,equity-constrained-rolling-horizon,cumulativeUnmetDemand,lower,-1142.36,435.7939815,-1228.15,-1061.48,0,100,0,100
M2-demand-surge,cost-first,equity-constrained-rolling-horizon,backlogArea,lower,-23969.2,8279.271008,-25532.59,-22380.88,0,100,0,100
M2-demand-surge,cost-first,equity-constrained-rolling-horizon,stockoutIncidentRate,lower,-0.01549008912,0.004253253211,-0.01631495012,-0.01467802331,0,100,0,100
M2-demand-surge,cost-first,equity-constrained-rolling-horizon,horizonEndUnmetRate,lower,-0.000004430223556,0.00003312987949,-0.00001162852047,9.399289508e-7,5,7,88,100
M2-demand-surge,cost-first,equity-constrained-rolling-horizon,meanWaitingTime,lower,-0.3230548827,0.1118416658,-0.3443644468,-0.3015221563,0,100,0,100
M2-demand-surge,cost-first,equity-constrained-rolling-horizon,p95WaitingTime,lower,-3.9,1.29879509,-4.17,-3.66,0,100,0,100
M2-demand-surge,cost-first,equity-constrained-rolling-horizon,recoveryTime90,lower,0,0,0,0,0,0,100,100
M2-demand-surge,cost-first,equity-constrained-rolling-horizon,recoveryTime95,lower,0,0,0,0,0,0,100,100
M2-demand-surge,cost-first,equity-constrained-rolling-horizon,recoveryTime99,lower,0,0,0,0,0,0,100,100
M2-demand-surge,cost-first,equity-constrained-rolling-horizon,serviceLossAUC,lower,0.01455737937,0.02178347552,0.01073133293,0.01904755361,75,2,23,100
M2-demand-surge,cost-first,equity-constrained-rolling-horizon,totalCost,lower,-1134.684073,1338.653571,-1413.28072,-879.8266776,17,83,0,100
M2-demand-surge,equity-aware,equity-constrained-rolling-horizon,overallFillRate,higher,0.04243087574,0.008427727165,0.04082527142,0.04410461189,100,0,0,100
M2-demand-surge,equity-aware,equity-constrained-rolling-horizon,essentialMedicineFillRate,higher,-0.00185941421,0.0009496337355,-0.002055613484,-0.001676811664,0,100,0,100
M2-demand-surge,equity-aware,equity-constrained-rolling-horizon,worstRegionEssentialFillRate,higher,-0.02146607409,0.01176487564,-0.02381077735,-0.01918458313,0,100,0,100
M2-demand-surge,equity-aware,equity-constrained-rolling-horizon,regionalServiceGap,lower,0.02144171691,0.01177882616,0.0191655652,0.02382903396,100,0,0,100
M2-demand-surge,equity-aware,equity-constrained-rolling-horizon,cumulativeUnmetDemand,lower,-3147.98,624.1657055,-3272.35,-3027.51,0,100,0,100
M2-demand-surge,equity-aware,equity-constrained-rolling-horizon,backlogArea,lower,-47744.6,8457.827468,-49448.7,-46119.27,0,100,0,100
M2-demand-surge,equity-aware,equity-constrained-rolling-horizon,stockoutIncidentRate,lower,0.04266725183,0.007096069218,0.04125022406,0.044051188,100,0,0,100
M2-demand-surge,equity-aware,equity-constrained-rolling-horizon,horizonEndUnmetRate,lower,-0.000005787123209,0.00004506800387,-0.00001606846553,9.510601447e-7,5,8,87,100
M2-demand-surge,equity-aware,equity-constrained-rolling-horizon,meanWaitingTime,lower,-0.6435670969,0.1146448103,-0.6667150488,-0.6215974565,0,100,0,100
M2-demand-surge,equity-aware,equity-constrained-rolling-horizon,p95WaitingTime,lower,-8.64,1.275408431,-8.89,-8.39,0,100,0,100
M2-demand-surge,equity-aware,equity-constrained-rolling-horizon,recoveryTime90,lower,0,0,0,0,0,0,100,100
M2-demand-surge,equity-aware,equity-constrained-rolling-horizon,recoveryTime95,lower,0,0,0,0,0,0,100,100
M2-demand-surge,equity-aware,equity-constrained-rolling-horizon,recoveryTime99,lower,0.51,2.280771622,0.12,0.97,6,0,94,100
M2-demand-surge,equity-aware,equity-constrained-rolling-horizon,serviceLossAUC,lower,0.1403703353,0.08214063931,0.1244721386,0.1570154419,100,0,0,100
M2-demand-surge,equity-aware,equity-constrained-rolling-horizon,totalCost,lower,-1804.571031,1490.428785,-2094.462096,-1508.031699,10,90,0,100
M3-supply-disruption,fixed-allocation,reorder-point,overallFillRate,higher,-0.3580275714,0.01347645673,-0.3605716346,-0.3554374698,0,100,0,100
M3-supply-disruption,fixed-allocation,reorder-point,essentialMedicineFillRate,higher,-0.3482494644,0.01950168905,-0.3520034243,-0.344420903,0,100,0,100
M3-supply-disruption,fixed-allocation,reorder-point,worstRegionEssentialFillRate,higher,-0.4047134259,0.02270753467,-0.4091309588,-0.4002174981,0,100,0,100
M3-supply-disruption,fixed-allocation,reorder-point,regionalServiceGap,lower,0.2481480179,0.01863416309,0.2443961208,0.2517741435,100,0,0,100
M3-supply-disruption,fixed-allocation,reorder-point,cumulativeUnmetDemand,lower,23094.04,940.2330242,22909.35,23276.49,100,0,0,100
M3-supply-disruption,fixed-allocation,reorder-point,backlogArea,lower,135171.29,13686.39643,132655.11,137691.47,100,0,0,100
M3-supply-disruption,fixed-allocation,reorder-point,stockoutIncidentRate,lower,0.2811182094,0.0109732827,0.278967503,0.2832661308,100,0,0,100
M3-supply-disruption,fixed-allocation,reorder-point,horizonEndUnmetRate,lower,0.008389515753,0.002887622492,0.00783245789,0.008929595416,100,0,0,100
M3-supply-disruption,fixed-allocation,reorder-point,meanWaitingTime,lower,2.095372171,0.2078550872,2.057815449,2.133960603,100,0,0,100
M3-supply-disruption,fixed-allocation,reorder-point,p95WaitingTime,lower,9.05,0.6871842709,8.92,9.18,100,0,0,100
M3-supply-disruption,fixed-allocation,reorder-point,recoveryTime90,lower,58.98,2.233717742,58.53,59.38,100,0,0,100
M3-supply-disruption,fixed-allocation,reorder-point,recoveryTime95,lower,58.6,3.315101656,57.94,59.22,100,0,0,100
M3-supply-disruption,fixed-allocation,reorder-point,recoveryTime99,lower,57.44,4.793345556,56.47,58.38,100,0,0,100
M3-supply-disruption,fixed-allocation,reorder-point,serviceLossAUC,lower,41.59600007,2.333042518,41.14163116,42.04574791,100,0,0,100
M3-supply-disruption,fixed-allocation,reorder-point,totalCost,lower,8746.906608,4285.44089,7939.897266,9610.496402,97,3,0,100
M3-supply-disruption,fixed-allocation,cost-first,overallFillRate,higher,-0.2379681237,0.01285660311,-0.2406076843,-0.2355732072,0,100,0,100
M3-supply-disruption,fixed-allocation,cost-first,essentialMedicineFillRate,higher,-0.247378131,0.01566576259,-0.2505115077,-0.244403899,0,100,0,100
M3-supply-disruption,fixed-allocation,cost-first,worstRegionEssentialFillRate,higher,-0.2595791144,0.0201550902,-0.2636566371,-0.2556309141,0,100,0,100
M3-supply-disruption,fixed-allocation,cost-first,regionalServiceGap,lower,0.1032330945,0.0229611876,0.09855480578,0.1079003206,100,0,0,100
M3-supply-disruption,fixed-allocation,cost-first,cumulativeUnmetDemand,lower,15350.3,872.2338962,15188.81,15531.05,100,0,0,100
M3-supply-disruption,fixed-allocation,cost-first,backlogArea,lower,92745.58,11527.51765,90665.53,95020.64,100,0,0,100
M3-supply-disruption,fixed-allocation,cost-first,stockoutIncidentRate,lower,0.2161561357,0.01003334378,0.2141746059,0.2181553322,100,0,0,100
M3-supply-disruption,fixed-allocation,cost-first,horizonEndUnmetRate,lower,0.008384692285,0.002891322825,0.0078257387,0.008924883329,100,0,0,100
M3-supply-disruption,fixed-allocation,cost-first,meanWaitingTime,lower,1.437606173,0.1758113905,1.405672342,1.472960121,100,0,0,100
M3-supply-disruption,fixed-allocation,cost-first,p95WaitingTime,lower,3.58,0.8896713728,3.4,3.76,100,0,0,100
M3-supply-disruption,fixed-allocation,cost-first,recoveryTime90,lower,38.24,2.06519987,37.86,38.64,100,0,0,100
M3-supply-disruption,fixed-allocation,cost-first,recoveryTime95,lower,37.39,2.15038169,36.98,37.82,100,0,0,100
M3-supply-disruption,fixed-allocation,cost-first,recoveryTime99,lower,35.36,2.484375417,34.88,35.85,100,0,0,100
M3-supply-disruption,fixed-allocation,cost-first,serviceLossAUC,lower,29.48808056,1.865764522,29.13761358,29.85790313,100,0,0,100
M3-supply-disruption,fixed-allocation,cost-first,totalCost,lower,47153.50372,1940.892668,46791.40766,47531.48249,100,0,0,100
M3-supply-disruption,fixed-allocation,equity-aware,overallFillRate,higher,-0.270713077,0.01412276692,-0.2736555294,-0.267996778,0,100,0,100
M3-supply-disruption,fixed-allocation,equity-aware,essentialMedicineFillRate,higher,-0.2721301167,0.01553972811,-0.2752289335,-0.2692016076,0,100,0,100
M3-supply-disruption,fixed-allocation,equity-aware,worstRegionEssentialFillRate,higher,-0.3122077521,0.02021407529,-0.3160926263,-0.3081990562,0,100,0,100
M3-supply-disruption,fixed-allocation,equity-aware,regionalServiceGap,lower,0.2233866467,0.02099758575,0.219180583,0.2273630177,100,0,0,100
M3-supply-disruption,fixed-allocation,equity-aware,cumulativeUnmetDemand,lower,17462.1,956.5179327,17280.36,17656.81,100,0,0,100
M3-supply-disruption,fixed-allocation,equity-aware,backlogArea,lower,114954.08,11851.6437,112853.4,117183.97,100,0,0,100
M3-supply-disruption,fixed-allocation,equity-aware,stockoutIncidentRate,lower,0.1764562236,0.01208382027,0.1740740258,0.1789351147,100,0,0,100
M3-supply-disruption,fixed-allocation,equity-aware,horizonEndUnmetRate,lower,0.008389827271,0.002887333882,0.007832616306,0.008929595416,100,0,0,100
M3-supply-disruption,fixed-allocation,equity-aware,meanWaitingTime,lower,1.78194495,0.1798138042,1.75057621,1.816154458,100,0,0,100
M3-supply-disruption,fixed-allocation,equity-aware,p95WaitingTime,lower,6.81,0.6918720031,6.68,6.94,100,0,0,100
M3-supply-disruption,fixed-allocation,equity-aware,recoveryTime90,lower,41.94,2.304234135,41.5,42.38,100,0,0,100
M3-supply-disruption,fixed-allocation,equity-aware,recoveryTime95,lower,35.86,4.094884712,35.11,36.64,100,0,0,100
M3-supply-disruption,fixed-allocation,equity-aware,recoveryTime99,lower,29.68,2.019500888,29.34,30.16,100,0,0,100
M3-supply-disruption,fixed-allocation,equity-aware,serviceLossAUC,lower,32.51318419,1.835820645,32.16672673,32.88326,100,0,0,100
M3-supply-disruption,fixed-allocation,equity-aware,totalCost,lower,47554.28896,1847.957023,47188.81111,47914.19806,100,0,0,100
M3-supply-disruption,fixed-allocation,equity-constrained-rolling-horizon,overallFillRate,higher,-0.2512308905,0.01335076459,-0.2538727678,-0.2485396254,0,100,0,100
M3-supply-disruption,fixed-allocation,equity-constrained-rolling-horizon,essentialMedicineFillRate,higher,-0.2899610467,0.0147783054,-0.2929363775,-0.2871437078,0,100,0,100
M3-supply-disruption,fixed-allocation,equity-constrained-rolling-horizon,worstRegionEssentialFillRate,higher,-0.3396643087,0.01894520251,-0.3435031117,-0.3360127128,0,100,0,100
M3-supply-disruption,fixed-allocation,equity-constrained-rolling-horizon,regionalServiceGap,lower,0.1968806862,0.02308728768,0.1924730597,0.2016341195,100,0,0,100
M3-supply-disruption,fixed-allocation,equity-constrained-rolling-horizon,cumulativeUnmetDemand,lower,16204.91,890.9693858,16024.9,16389.85,100,0,0,100
M3-supply-disruption,fixed-allocation,equity-constrained-rolling-horizon,backlogArea,lower,98689.31,12264.37383,96347.92,101203.96,100,0,0,100
M3-supply-disruption,fixed-allocation,equity-constrained-rolling-horizon,stockoutIncidentRate,lower,0.2162070577,0.01028727958,0.2141625949,0.2182429337,100,0,0,100
M3-supply-disruption,fixed-allocation,equity-constrained-rolling-horizon,horizonEndUnmetRate,lower,0.008384905519,0.002882797602,0.007827090584,0.008921404049,100,0,0,100
M3-supply-disruption,fixed-allocation,equity-constrained-rolling-horizon,meanWaitingTime,lower,1.5298184,0.187538596,1.49312295,1.569002067,100,0,0,100
M3-supply-disruption,fixed-allocation,equity-constrained-rolling-horizon,p95WaitingTime,lower,4.75,0.9782999065,4.55,4.95,100,0,0,100
M3-supply-disruption,fixed-allocation,equity-constrained-rolling-horizon,recoveryTime90,lower,45.77,1.704746789,45.43,46.09,100,0,0,100
M3-supply-disruption,fixed-allocation,equity-constrained-rolling-horizon,recoveryTime95,lower,45.14,2.064710707,44.75,45.52,100,0,0,100
M3-supply-disruption,fixed-allocation,equity-constrained-rolling-horizon,recoveryTime99,lower,40.84,3.748993131,40.12,41.58,100,0,0,100
M3-supply-disruption,fixed-allocation,equity-constrained-rolling-horizon,serviceLossAUC,lower,34.59839494,1.740597833,34.27104465,34.95175152,100,0,0,100
M3-supply-disruption,fixed-allocation,equity-constrained-rolling-horizon,totalCost,lower,40961.66174,2141.835857,40565.00526,41365.49902,100,0,0,100
M3-supply-disruption,reorder-point,cost-first,overallFillRate,higher,0.1200594477,0.01230129982,0.1176560229,0.12238388,100,0,0,100
M3-supply-disruption,reorder-point,cost-first,essentialMedicineFillRate,higher,0.1008713334,0.01333798745,0.09833629901,0.1034593599,100,0,0,100
M3-supply-disruption,reorder-point,cost-first,worstRegionEssentialFillRate,higher,0.1451343115,0.01950149843,0.1413788708,0.1489845751,100,0,0,100
M3-supply-disruption,reorder-point,cost-first,regionalServiceGap,lower,-0.1449149234,0.01949501494,-0.1487536005,-0.1411604134,0,100,0,100
M3-supply-disruption,reorder-point,cost-first,cumulativeUnmetDemand,lower,-7743.74,798.3393195,-7891.42,-7586.66,0,100,0,100
M3-supply-disruption,reorder-point,cost-first,backlogArea,lower,-42425.71,8115.375413,-43977.84,-40796.59,0,100,0,100
M3-supply-disruption,reorder-point,cost-first,stockoutIncidentRate,lower,-0.06496207367,0.006671334531,-0.06620182217,-0.06366522548,0,100,0,100
M3-supply-disruption,reorder-point,cost-first,horizonEndUnmetRate,lower,-0.000004823468294,0.00004188328282,-0.00001416198874,4.699335265e-7,2,2,96,100
M3-supply-disruption,reorder-point,cost-first,meanWaitingTime,lower,-0.6577659978,0.1255166173,-0.6816645124,-0.6325710515,0,100,0,100
M3-supply-disruption,reorder-point,cost-first,p95WaitingTime,lower,-5.47,1.009600381,-5.66,-5.27,0,100,0,100
M3-supply-disruption,reorder-point,cost-first,recoveryTime90,lower,-20.74,2.496947632,-21.22,-20.24,0,100,0,100
M3-supply-disruption,reorder-point,cost-first,recoveryTime95,lower,-21.21,3.499769112,-21.91,-20.54,0,100,0,100
M3-supply-disruption,reorder-point,cost-first,recoveryTime99,lower,-22.08,5.024545811,-23.04,-21.11,0,100,0,100
M3-supply-disruption,reorder-point,cost-first,serviceLossAUC,lower,-12.10791951,1.590501567,-12.41523798,-11.80035082,0,100,0,100
M3-supply-disruption,reorder-point,cost-first,totalCost,lower,38406.59711,3681.050759,37661.84155,39120.94425,100,0,0,100
M3-supply-disruption,reorder-point,equity-aware,overallFillRate,higher,0.08731449438,0.01404802742,0.08452576153,0.09005977181,100,0,0,100
M3-supply-disruption,reorder-point,equity-aware,essentialMedicineFillRate,higher,0.07611934772,0.0150067649,0.07311326659,0.07899030153,100,0,0,100
M3-supply-disruption,reorder-point,equity-aware,worstRegionEssentialFillRate,higher,0.09250567384,0.01573705542,0.08954043479,0.09557450904,100,0,0,100
M3-supply-disruption,reorder-point,equity-aware,regionalServiceGap,lower,-0.02476137116,0.01361455493,-0.02742137512,-0.02206539622,2,98,0,100
M3-supply-disruption,reorder-point,equity-aware,cumulativeUnmetDemand,lower,-5631.94,911.23958,-5809.74,-5449.48,0,100,0,100
M3-supply-disruption,reorder-point,equity-aware,backlogArea,lower,-20217.21,4331.692081,-21035.87,-19365.38,0,100,0,100
M3-supply-disruption,reorder-point,equity-aware,stockoutIncidentRate,lower,-0.1046619858,0.01310886633,-0.1071427661,-0.1020534571,0,100,0,100
M3-supply-disruption,reorder-point,equity-aware,horizonEndUnmetRate,lower,3.115176849e-7,0.000002191934725,0,7.814512114e-7,2,0,98,100
M3-supply-disruption,reorder-point,equity-aware,meanWaitingTime,lower,-0.3134272211,0.06677100955,-0.3261090608,-0.300205025,0,100,0,100
M3-supply-disruption,reorder-point,equity-aware,p95WaitingTime,lower,-2.24,0.6215003027,-2.35,-2.11,0,100,0,100
M3-supply-disruption,reorder-point,equity-aware,recoveryTime90,lower,-17.04,2.970970661,-17.65,-16.47,0,100,0,100
M3-supply-disruption,reorder-point,equity-aware,recoveryTime95,lower,-22.74,5.498613232,-23.8,-21.72,0,100,0,100
M3-supply-disruption,reorder-point,equity-aware,recoveryTime99,lower,-27.76,4.880635825,-28.66,-26.8,0,100,0,100
M3-supply-disruption,reorder-point,equity-aware,serviceLossAUC,lower,-9.082815878,1.785387665,-9.420623416,-8.729639511,0,100,0,100
M3-supply-disruption,reorder-point,equity-aware,totalCost,lower,38807.38235,3545.58773,38069.18161,39467.28889,100,0,0,100
M3-supply-disruption,reorder-point,equity-constrained-rolling-horizon,overallFillRate,higher,0.1067966808,0.01379136679,0.1041864578,0.1093915605,100,0,0,100
M3-supply-disruption,reorder-point,equity-constrained-rolling-horizon,essentialMedicineFillRate,higher,0.05828841769,0.01732563849,0.05500511575,0.06152722581,100,0,0,100
M3-supply-disruption,reorder-point,equity-constrained-rolling-horizon,worstRegionEssentialFillRate,higher,0.06504911721,0.01889492172,0.06149019905,0.06859636745,100,0,0,100
M3-supply-disruption,reorder-point,equity-constrained-rolling-horizon,regionalServiceGap,lower,-0.05126733172,0.01724407435,-0.05457689252,-0.04780516446,0,100,0,100
M3-supply-disruption,reorder-point,equity-constrained-rolling-horizon,cumulativeUnmetDemand,lower,-6889.13,898.9497987,-7056.12,-6718.76,0,100,0,100
M3-supply-disruption,reorder-point,equity-constrained-rolling-horizon,backlogArea,lower,-36481.98,8266.538874,-38011.49,-34884.11,0,100,0,100
M3-supply-disruption,reorder-point,equity-constrained-rolling-horizon,stockoutIncidentRate,lower,-0.06491115169,0.008023117686,-0.06645176552,-0.0633825594,0,100,0,100
M3-supply-disruption,reorder-point,equity-constrained-rolling-horizon,horizonEndUnmetRate,lower,-0.000004610234205,0.00002607020837,-0.00001029735204,-3.211514676e-7,2,5,93,100
M3-supply-disruption,reorder-point,equity-constrained-rolling-horizon,meanWaitingTime,lower,-0.565553771,0.1275490192,-0.5891178567,-0.5409275585,0,100,0,100
M3-supply-disruption,reorder-point,equity-constrained-rolling-horizon,p95WaitingTime,lower,-4.3,1.114640858,-4.51,-4.08,0,100,0,100
M3-supply-disruption,reorder-point,equity-constrained-rolling-horizon,recoveryTime90,lower,-13.21,2.297539307,-13.64,-12.76,0,100,0,100
M3-supply-disruption,reorder-point,equity-constrained-rolling-horizon,recoveryTime95,lower,-13.46,3.400594125,-14.11,-12.82,0,100,0,100
M3-supply-disruption,reorder-point,equity-constrained-rolling-horizon,recoveryTime99,lower,-16.6,5.436502143,-17.68,-15.52,0,100,0,100
M3-supply-disruption,reorder-point,equity-constrained-rolling-horizon,serviceLossAUC,lower,-6.997605129,2.072443696,-7.383418399,-6.609156806,0,100,0,100
M3-supply-disruption,reorder-point,equity-constrained-rolling-horizon,totalCost,lower,32214.75513,3289.620054,31524.4199,32863.30706,100,0,0,100
M3-supply-disruption,cost-first,equity-aware,overallFillRate,higher,-0.03274495333,0.01235799067,-0.03525176416,-0.0302946547,1,99,0,100
M3-supply-disruption,cost-first,equity-aware,essentialMedicineFillRate,higher,-0.02475198569,0.0102371853,-0.02678180001,-0.02276088596,1,99,0,100
M3-supply-disruption,cost-first,equity-aware,worstRegionEssentialFillRate,higher,-0.05262863767,0.01553055741,-0.05559014747,-0.04955517765,0,100,0,100
M3-supply-disruption,cost-first,equity-aware,regionalServiceGap,lower,0.1201535522,0.02315541714,0.1155141947,0.1248657846,100,0,0,100
M3-supply-disruption,cost-first,equity-aware,cumulativeUnmetDemand,lower,2111.8,795.6778699,1955.34,2273.49,99,1,0,100
M3-supply-disruption,cost-first,equity-aware,backlogArea,lower,22208.5,6460.098369,20971.08,23481.83,100,0,0,100
M3-supply-disruption,cost-first,equity-aware,stockoutIncidentRate,lower,-0.03969991214,0.01121630151,-0.0418654069,-0.03741095883,0,100,0,100
M3-supply-disruption,cost-first,equity-aware,horizonEndUnmetRate,lower,0.000005134985978,0.00004178723739,0,0.00001431509059,2,0,98,100
M3-supply-disruption,cost-first,equity-aware,meanWaitingTime,lower,0.3443387767,0.1003347673,0.3251383164,0.3640868205,100,0,0,100
M3-supply-disruption,cost-first,equity-aware,p95WaitingTime,lower,3.23,0.839131345,3.07,3.4,100,0,0,100
M3-supply-disruption,cost-first,equity-aware,recoveryTime90,lower,3.7,1.772403493,3.37,4.04,97,1,2,100
M3-supply-disruption,cost-first,equity-aware,recoveryTime95,lower,-1.53,3.914373926,-2.28,-0.76,31,65,4,100
M3-supply-disruption,cost-first,equity-aware,recoveryTime99,lower,-5.68,2.510100807,-6.16,-5.15,1,99,0,100
M3-supply-disruption,cost-first,equity-aware,serviceLossAUC,lower,3.025103628,1.226059236,2.790029393,3.266120919,99,1,0,100
M3-supply-disruption,cost-first,equity-aware,totalCost,lower,400.7852429,1406.192774,119.9377259,677.5014541,60,40,0,100
M3-supply-disruption,cost-first,equity-constrained-rolling-horizon,overallFillRate,higher,-0.01326276687,0.01117228388,-0.01534655146,-0.01109953916,12,88,0,100
M3-supply-disruption,cost-first,equity-constrained-rolling-horizon,essentialMedicineFillRate,higher,-0.04258291572,0.01004503453,-0.04453611942,-0.0407154162,0,100,0,100
M3-supply-disruption,cost-first,equity-constrained-rolling-horizon,worstRegionEssentialFillRate,higher,-0.0800851943,0.01181338949,-0.08232435488,-0.0778094451,0,100,0,100
M3-supply-disruption,cost-first,equity-constrained-rolling-horizon,regionalServiceGap,lower,0.09364759166,0.01604279271,0.09064263504,0.09680772951,100,0,0,100
M3-supply-disruption,cost-first,equity-constrained-rolling-horizon,cumulativeUnmetDemand,lower,854.61,717.175505,716.11,989.11,88,12,0,100
M3-supply-disruption,cost-first,equity-constrained-rolling-horizon,backlogArea,lower,5943.73,7028.238364,4573.22,7327.89,83,17,0,100
M3-supply-disruption,cost-first,equity-constrained-rolling-horizon,stockoutIncidentRate,lower,0.00005092198529,0.006803188495,-0.001280884346,0.001318874133,53,47,0,100
M3-supply-disruption,cost-first,equity-constrained-rolling-horizon,horizonEndUnmetRate,lower,2.132340885e-7,0.00004968887016,-0.000008272034095,0.00001108714926,2,5,93,100
M3-supply-disruption,cost-first,equity-constrained-rolling-horizon,meanWaitingTime,lower,0.09221222677,0.109321191,0.07077613218,0.1137200127,83,17,0,100
M3-supply-disruption,cost-first,equity-constrained-rolling-horizon,p95WaitingTime,lower,1.17,1.015585615,0.97,1.37,76,5,19,100
M3-supply-disruption,cost-first,equity-constrained-rolling-horizon,recoveryTime90,lower,7.53,1.388662608,7.26,7.79,100,0,0,100
M3-supply-disruption,cost-first,equity-constrained-rolling-horizon,recoveryTime95,lower,7.75,1.610414339,7.43,8.05,100,0,0,100
M3-supply-disruption,cost-first,equity-constrained-rolling-horizon,recoveryTime99,lower,5.48,2.942135554,4.91,6.04,98,1,1,100
M3-supply-disruption,cost-first,equity-constrained-rolling-horizon,serviceLossAUC,lower,5.110314377,1.200936279,4.882579052,5.350666186,100,0,0,100
M3-supply-disruption,cost-first,equity-constrained-rolling-horizon,totalCost,lower,-6191.841982,1558.24419,-6493.423579,-5898.768861,0,100,0,100
M3-supply-disruption,equity-aware,equity-constrained-rolling-horizon,overallFillRate,higher,0.01948218647,0.01372062459,0.01700532311,0.0223273847,93,7,0,100
M3-supply-disruption,equity-aware,equity-constrained-rolling-horizon,essentialMedicineFillRate,higher,-0.01783093003,0.01174052129,-0.01991920319,-0.01547296341,7,93,0,100
M3-supply-disruption,equity-aware,equity-constrained-rolling-horizon,worstRegionEssentialFillRate,higher,-0.02745655663,0.01593789796,-0.03044580108,-0.02424080802,6,94,0,100
M3-supply-disruption,equity-aware,equity-constrained-rolling-horizon,regionalServiceGap,lower,-0.02650596055,0.02218796941,-0.03099949378,-0.02187791144,13,87,0,100
M3-supply-disruption,equity-aware,equity-constrained-rolling-horizon,cumulativeUnmetDemand,lower,-1257.19,884.8511796,-1440.88,-1097.88,7,93,0,100
M3-supply-disruption,equity-aware,equity-constrained-rolling-horizon,backlogArea,lower,-16264.77,7176.37957,-17717.96,-14875.73,2,98,0,100
M3-supply-disruption,equity-aware,equity-constrained-rolling-horizon,stockoutIncidentRate,lower,0.03975083413,0.01136217781,0.03737899592,0.04189715832,100,0,0,100
M3-supply-disruption,equity-aware,equity-constrained-rolling-horizon,horizonEndUnmetRate,lower,-0.00000492175189,0.00002591821342,-0.00001048206488,-6.273551543e-7,0,5,95,100
M3-supply-disruption,equity-aware,equity-constrained-rolling-horizon,meanWaitingTime,lower,-0.2521265499,0.1112123018,-0.2746384989,-0.2304695881,2,98,0,100
M3-supply-disruption,equity-aware,equity-constrained-rolling-horizon,p95WaitingTime,lower,-2.06,0.9725526134,-2.25,-1.88,0,97,3,100
M3-supply-disruption,equity-aware,equity-constrained-rolling-horizon,recoveryTime90,lower,3.83,1.891261137,3.47,4.19,99,0,1,100
M3-supply-disruption,equity-aware,equity-constrained-rolling-horizon,recoveryTime95,lower,9.28,4.020352264,8.49,10.02,99,0,1,100
M3-supply-disruption,equity-aware,equity-constrained-rolling-horizon,recoveryTime99,lower,11.16,3.807806972,10.42,11.92,100,0,0,100
M3-supply-disruption,equity-aware,equity-constrained-rolling-horizon,serviceLossAUC,lower,2.085210749,1.402618285,1.807700171,2.338879242,91,9,0,100
M3-supply-disruption,equity-aware,equity-constrained-rolling-horizon,totalCost,lower,-6592.627225,1405.614368,-6862.010421,-6317.062528,0,100,0,100
M4-transport-disruption,fixed-allocation,reorder-point,overallFillRate,higher,-0.01731807203,0.0005861371595,-0.01743346693,-0.01720616789,0,100,0,100
M4-transport-disruption,fixed-allocation,reorder-point,essentialMedicineFillRate,higher,-0.01854063967,0.0008871223645,-0.01871634359,-0.0183676545,0,100,0,100
M4-transport-disruption,fixed-allocation,reorder-point,worstRegionEssentialFillRate,higher,-0.2397951429,0.009166171784,-0.2415752829,-0.2379772309,0,100,0,100
M4-transport-disruption,fixed-allocation,reorder-point,regionalServiceGap,lower,0.2397951429,0.009166171784,0.2379820335,0.2415861634,100,0,0,100
M4-transport-disruption,fixed-allocation,reorder-point,cumulativeUnmetDemand,lower,1116.82,34.00813331,1109.99,1123.4,100,0,0,100
M4-transport-disruption,fixed-allocation,reorder-point,backlogArea,lower,4345.36,266.6301687,4293.88,4397.52,100,0,0,100
M4-transport-disruption,fixed-allocation,reorder-point,stockoutIncidentRate,lower,0.07483360958,0.001902715638,0.07445928147,0.07519489537,100,0,0,100
M4-transport-disruption,fixed-allocation,reorder-point,horizonEndUnmetRate,lower,0,0,0,0,0,0,100,100
M4-transport-disruption,fixed-allocation,reorder-point,meanWaitingTime,lower,0.06738590092,0.004316633437,0.06655502645,0.06823038853,100,0,0,100
M4-transport-disruption,fixed-allocation,reorder-point,p95WaitingTime,lower,0,0,0,0,0,0,100,100
M4-transport-disruption,fixed-allocation,reorder-point,recoveryTime90,lower,0,0,0,0,0,0,100,100
M4-transport-disruption,fixed-allocation,reorder-point,recoveryTime95,lower,14.6,0.7784989442,14.46,14.75,100,0,0,100
M4-transport-disruption,fixed-allocation,reorder-point,recoveryTime99,lower,18.63,0.6301354672,18.51,18.75,100,0,0,100
M4-transport-disruption,fixed-allocation,reorder-point,serviceLossAUC,lower,2.102360806,0.1047993678,2.082517082,2.124149446,100,0,0,100
M4-transport-disruption,fixed-allocation,reorder-point,totalCost,lower,59097.18406,957.4636939,58910.40444,59283.65396,100,0,0,100
M4-transport-disruption,fixed-allocation,cost-first,overallFillRate,higher,-0.003010164862,0.00180723275,-0.003370705299,-0.002668202945,7,93,0,100
M4-transport-disruption,fixed-allocation,cost-first,essentialMedicineFillRate,higher,-0.01696831092,0.000994428604,-0.01716917968,-0.0167888378,0,100,0,100
M4-transport-disruption,fixed-allocation,cost-first,worstRegionEssentialFillRate,higher,-0.219520952,0.01087603173,-0.2217554372,-0.2175103698,0,100,0,100
M4-transport-disruption,fixed-allocation,cost-first,regionalServiceGap,lower,0.219520952,0.01087603173,0.2175220386,0.2217566943,100,0,0,100
M4-transport-disruption,fixed-allocation,cost-first,cumulativeUnmetDemand,lower,194.25,116.889603,172.2,217.64,93,7,0,100
M4-transport-disruption,fixed-allocation,cost-first,backlogArea,lower,2084.73,458.5034253,1994.92,2176.95,100,0,0,100
M4-transport-disruption,fixed-allocation,cost-first,stockoutIncidentRate,lower,0.05851126549,0.002097209692,0.05810620313,0.05893681206,100,0,0,100
M4-transport-disruption,fixed-allocation,cost-first,horizonEndUnmetRate,lower,-0.00001764782246,0.00007938171895,-0.00003550153366,-0.00000506879257,0,12,88,100
M4-transport-disruption,fixed-allocation,cost-first,meanWaitingTime,lower,0.03232337559,0.007110542394,0.03093662517,0.03376471223,100,0,0,100
M4-transport-disruption,fixed-allocation,cost-first,p95WaitingTime,lower,0,0,0,0,0,0,100,100
M4-transport-disruption,fixed-allocation,cost-first,recoveryTime90,lower,0,0,0,0,0,0,100,100
M4-transport-disruption,fixed-allocation,cost-first,recoveryTime95,lower,14.6,0.7784989442,14.46,14.75,100,0,0,100
M4-transport-disruption,fixed-allocation,cost-first,recoveryTime99,lower,18.63,0.6301354672,18.51,18.75,100,0,0,100
M4-transport-disruption,fixed-allocation,cost-first,serviceLossAUC,lower,1.9143679,0.1209233779,1.892126329,1.938758801,100,0,0,100
M4-transport-disruption,fixed-allocation,cost-first,totalCost,lower,60367.16296,1171.388907,60141.1571,60600.94992,100,0,0,100
M4-transport-disruption,fixed-allocation,equity-aware,overallFillRate,higher,-0.005814816603,0.001509410217,-0.006113451113,-0.005535147868,0,100,0,100
M4-transport-disruption,fixed-allocation,equity-aware,essentialMedicineFillRate,higher,-0.01664901704,0.001040562969,-0.01685700917,-0.01644809899,0,100,0,100
M4-transport-disruption,fixed-allocation,equity-aware,worstRegionEssentialFillRate,higher,-0.2176840498,0.01114733742,-0.2200206804,-0.2155494365,0,100,0,100
M4-transport-disruption,fixed-allocation,equity-aware,regionalServiceGap,lower,0.2176840498,0.01114733742,0.2155554397,0.2200501762,100,0,0,100
M4-transport-disruption,fixed-allocation,equity-aware,cumulativeUnmetDemand,lower,375,97.35647297,357.02,394.63,100,0,0,100
M4-transport-disruption,fixed-allocation,equity-aware,backlogArea,lower,2396.39,430.3969484,2313.54,2482.63,100,0,0,100
M4-transport-disruption,fixed-allocation,equity-aware,stockoutIncidentRate,lower,0.05439770954,0.00327194437,0.05378301692,0.05506001122,100,0,0,100
M4-transport-disruption,fixed-allocation,equity-aware,horizonEndUnmetRate,lower,-0.000003240092679,0.00001541764412,-0.000006640762782,-6.287363809e-7,0,7,93,100
M4-transport-disruption,fixed-allocation,equity-aware,meanWaitingTime,lower,0.03716079572,0.00669862445,0.03588514984,0.03850509299,100,0,0,100
M4-transport-disruption,fixed-allocation,equity-aware,p95WaitingTime,lower,0,0,0,0,0,0,100,100
M4-transport-disruption,fixed-allocation,equity-aware,recoveryTime90,lower,0,0,0,0,0,0,100,100
M4-transport-disruption,fixed-allocation,equity-aware,recoveryTime95,lower,14.6,0.7784989442,14.46,14.75,100,0,0,100
M4-transport-disruption,fixed-allocation,equity-aware,recoveryTime99,lower,18.63,0.6301354672,18.51,18.75,100,0,0,100
M4-transport-disruption,fixed-allocation,equity-aware,serviceLossAUC,lower,1.906408711,0.1232979398,1.884071638,1.931040264,100,0,0,100
M4-transport-disruption,fixed-allocation,equity-aware,totalCost,lower,59834.40858,1103.496306,59626.39064,60050.13733,100,0,0,100
M4-transport-disruption,fixed-allocation,equity-constrained-rolling-horizon,overallFillRate,higher,-0.003911455807,0.001906062553,-0.004298432232,-0.003528503559,2,98,0,100
M4-transport-disruption,fixed-allocation,equity-constrained-rolling-horizon,essentialMedicineFillRate,higher,-0.01733894023,0.001025629191,-0.01754767846,-0.0171441756,0,100,0,100
M4-transport-disruption,fixed-allocation,equity-constrained-rolling-horizon,worstRegionEssentialFillRate,higher,-0.2241571621,0.01110257502,-0.2263943593,-0.221982043,0,100,0,100
M4-transport-disruption,fixed-allocation,equity-constrained-rolling-horizon,regionalServiceGap,lower,0.2241571621,0.01110257502,0.2220078081,0.226414048,100,0,0,100
M4-transport-disruption,fixed-allocation,equity-constrained-rolling-horizon,cumulativeUnmetDemand,lower,252.3,122.7723935,227.64,277.24,98,2,0,100
M4-transport-disruption,fixed-allocation,equity-constrained-rolling-horizon,backlogArea,lower,2253.15,491.6706292,2160.27,2350.7,100,0,0,100
M4-transport-disruption,fixed-allocation,equity-constrained-rolling-horizon,stockoutIncidentRate,lower,0.05959099867,0.002315683462,0.05913529994,0.06005794775,100,0,0,100
M4-transport-disruption,fixed-allocation,equity-constrained-rolling-horizon,horizonEndUnmetRate,lower,-0.000005770145216,0.00003635735204,-0.00001338798963,-3.102410573e-7,0,5,95,100
M4-transport-disruption,fixed-allocation,equity-constrained-rolling-horizon,meanWaitingTime,lower,0.03493910647,0.007652900162,0.03350600594,0.03646689103,100,0,0,100
M4-transport-disruption,fixed-allocation,equity-constrained-rolling-horizon,p95WaitingTime,lower,0,0,0,0,0,0,100,100
M4-transport-disruption,fixed-allocation,equity-constrained-rolling-horizon,recoveryTime90,lower,0,0,0,0,0,0,100,100
M4-transport-disruption,fixed-allocation,equity-constrained-rolling-horizon,recoveryTime95,lower,14.6,0.7784989442,14.46,14.75,100,0,0,100
M4-transport-disruption,fixed-allocation,equity-constrained-rolling-horizon,recoveryTime99,lower,18.63,0.6301354672,18.51,18.75,100,0,0,100
M4-transport-disruption,fixed-allocation,equity-constrained-rolling-horizon,serviceLossAUC,lower,1.958814039,0.1229891771,1.935159705,1.984198257,100,0,0,100
M4-transport-disruption,fixed-allocation,equity-constrained-rolling-horizon,totalCost,lower,59688.67704,1043.627765,59484.40853,59903.21908,100,0,0,100
M4-transport-disruption,reorder-point,cost-first,overallFillRate,higher,0.01430790717,0.001836924648,0.01394460247,0.01465740105,100,0,0,100
M4-transport-disruption,reorder-point,cost-first,essentialMedicineFillRate,higher,0.001572328751,0.0006894236148,0.001429250418,0.001708121073,98,1,1,100
M4-transport-disruption,reorder-point,cost-first,worstRegionEssentialFillRate,higher,0.02027419085,0.008742191784,0.01846385581,0.02199621833,98,1,1,100
M4-transport-disruption,reorder-point,cost-first,regionalServiceGap,lower,-0.02027419085,0.008742191784,-0.02199195379,-0.0184619972,1,98,1,100
M4-transport-disruption,reorder-point,cost-first,cumulativeUnmetDemand,lower,-922.57,116.8027998,-944.63,-899.18,0,100,0,100
M4-transport-disruption,reorder-point,cost-first,backlogArea,lower,-2260.63,399.2263391,-2335.76,-2179.01,0,100,0,100
M4-transport-disruption,reorder-point,cost-first,stockoutIncidentRate,lower,-0.01632234409,0.002576485927,-0.01678949915,-0.01579929491,0,100,0,100
M4-transport-disruption,reorder-point,cost-first,horizonEndUnmetRate,lower,-0.00001764782246,0.00007938171895,-0.00003550153366,-0.00000506879257,0,12,88,100
M4-transport-disruption,reorder-point,cost-first,meanWaitingTime,lower,-0.03506252534,0.006253022149,-0.03624359931,-0.03379919105,0,100,0,100
M4-transport-disruption,reorder-point,cost-first,p95WaitingTime,lower,0,0,0,0,0,0,100,100
M4-transport-disruption,reorder-point,cost-first,recoveryTime90,lower,0,0,0,0,0,0,100,100
M4-transport-disruption,reorder-point,cost-first,recoveryTime95,lower,0,0,0,0,0,0,100,100
M4-transport-disruption,reorder-point,cost-first,recoveryTime99,lower,0,0,0,0,0,0,100,100
M4-transport-disruption,reorder-point,cost-first,serviceLossAUC,lower,-0.1879929058,0.08269226842,-0.2042337636,-0.1706196523,1,98,1,100
M4-transport-disruption,reorder-point,cost-first,totalCost,lower,1269.978892,1498.65363,979.6768776,1552.661065,81,19,0,100
M4-transport-disruption,reorder-point,equity-aware,overallFillRate,higher,0.01150325542,0.001453756646,0.0112098526,0.01179007769,100,0,0,100
M4-transport-disruption,reorder-point,equity-aware,essentialMedicineFillRate,higher,0.001891622625,0.0007440955719,0.001741527258,0.002035232721,100,0,0,100
M4-transport-disruption,reorder-point,equity-aware,worstRegionEssentialFillRate,higher,0.02211109312,0.009372833876,0.02021778205,0.02390530959,99,1,0,100
M4-transport-disruption,reorder-point,equity-aware,regionalServiceGap,lower,-0.02211109312,0.009372833876,-0.0239046037,-0.02020208146,1,99,0,100
M4-transport-disruption,reorder-point,equity-aware,cumulativeUnmetDemand,lower,-741.82,93.24025445,-759.73,-722.7,0,100,0,100
M4-transport-disruption,reorder-point,equity-aware,backlogArea,lower,-1948.97,358.7714575,-2017.42,-1875.57,0,100,0,100
M4-transport-disruption,reorder-point,equity-aware,stockoutIncidentRate,lower,-0.02043590004,0.003562503729,-0.0211160317,-0.01973243638,0,100,0,100
M4-transport-disruption,reorder-point,equity-aware,horizonEndUnmetRate,lower,-0.000003240092679,0.00001541764412,-0.000006640762782,-6.287363809e-7,0,7,93,100
M4-transport-disruption,reorder-point,equity-aware,meanWaitingTime,lower,-0.0302251052,0.005586440724,-0.03129221352,-0.02909613717,0,100,0,100
M4-transport-disruption,reorder-point,equity-aware,p95WaitingTime,lower,0,0,0,0,0,0,100,100
M4-transport-disruption,reorder-point,equity-aware,recoveryTime90,lower,0,0,0,0,0,0,100,100
M4-transport-disruption,reorder-point,equity-aware,recoveryTime95,lower,0,0,0,0,0,0,100,100
M4-transport-disruption,reorder-point,equity-aware,recoveryTime99,lower,0,0,0,0,0,0,100,100
M4-transport-disruption,reorder-point,equity-aware,serviceLossAUC,lower,-0.1959520945,0.08700645289,-0.2127124033,-0.1785149311,1,99,0,100
M4-transport-disruption,reorder-point,equity-aware,totalCost,lower,737.2245153,1310.888694,490.7748482,1002.005033,73,27,0,100
M4-transport-disruption,reorder-point,equity-constrained-rolling-horizon,overallFillRate,higher,0.01340661622,0.001852747942,0.01303103175,0.01378035538,100,0,0,100
M4-transport-disruption,reorder-point,equity-constrained-rolling-horizon,essentialMedicineFillRate,higher,0.001201699444,0.0006669792127,0.001069735959,0.001337319047,97,2,1,100
M4-transport-disruption,reorder-point,equity-constrained-rolling-horizon,worstRegionEssentialFillRate,higher,0.01563798079,0.008555631282,0.01395909532,0.01734475377,97,2,1,100
M4-transport-disruption,reorder-point,equity-constrained-rolling-horizon,regionalServiceGap,lower,-0.01563798079,0.008555631282,-0.01734300116,-0.01394400061,2,97,1,100
M4-transport-disruption,reorder-point,equity-constrained-rolling-horizon,cumulativeUnmetDemand,lower,-864.52,118.184027,-888.32,-840.47,0,100,0,100
M4-transport-disruption,reorder-point,equity-constrained-rolling-horizon,backlogArea,lower,-2092.21,399.9326028,-2171.91,-2012.82,0,100,0,100
M4-transport-disruption,reorder-point,equity-constrained-rolling-horizon,stockoutIncidentRate,lower,-0.01524261091,0.002558258092,-0.01572225534,-0.01472816205,0,100,0,100
M4-transport-disruption,reorder-point,equity-constrained-rolling-horizon,horizonEndUnmetRate,lower,-0.000005770145216,0.00003635735204,-0.00001338798963,-3.102410573e-7,0,5,95,100
M4-transport-disruption,reorder-point,equity-constrained-rolling-horizon,meanWaitingTime,lower,-0.03244679445,0.006245942702,-0.03370186707,-0.0311923216,0,100,0,100
M4-transport-disruption,reorder-point,equity-constrained-rolling-horizon,p95WaitingTime,lower,0,0,0,0,0,0,100,100
M4-transport-disruption,reorder-point,equity-constrained-rolling-horizon,recoveryTime90,lower,0,0,0,0,0,0,100,100
M4-transport-disruption,reorder-point,equity-constrained-rolling-horizon,recoveryTime95,lower,0,0,0,0,0,0,100,100
M4-transport-disruption,reorder-point,equity-constrained-rolling-horizon,recoveryTime99,lower,0,0,0,0,0,0,100,100
M4-transport-disruption,reorder-point,equity-constrained-rolling-horizon,serviceLossAUC,lower,-0.1435467668,0.07996594159,-0.1595359767,-0.1275739171,2,97,1,100
M4-transport-disruption,reorder-point,equity-constrained-rolling-horizon,totalCost,lower,591.4929729,1470.086803,312.0827776,879.1279582,63,37,0,100
M4-transport-disruption,cost-first,equity-aware,overallFillRate,higher,-0.002804651741,0.001494568741,-0.003100503045,-0.002515399851,2,98,0,100
M4-transport-disruption,cost-first,equity-aware,essentialMedicineFillRate,higher,0.0003192938742,0.0005075330034,0.0002170584928,0.000413062608,73,23,4,100
M4-transport-disruption,cost-first,equity-aware,worstRegionEssentialFillRate,higher,0.001836902265,0.005756686172,0.000744283863,0.002997415078,50,42,8,100
M4-transport-disruption,cost-first,equity-aware,regionalServiceGap,lower,-0.001836902265,0.005756686172,-0.002990031328,-0.0007442467417,42,50,8,100
M4-transport-disruption,cost-first,equity-aware,cumulativeUnmetDemand,lower,180.75,95.97994056,162.31,199.96,98,2,0,100
M4-transport-disruption,cost-first,equity-aware,backlogArea,lower,311.66,362.6932705,240.51,386.89,80,20,0,100
M4-transport-disruption,cost-first,equity-aware,stockoutIncidentRate,lower,-0.004113555948,0.002687764385,-0.004657585613,-0.0035767507,5,95,0,100
M4-transport-disruption,cost-first,equity-aware,horizonEndUnmetRate,lower,0.00001440772978,0.0000781924773,0.000002019449703,0.00003219797853,12,3,85,100
M4-transport-disruption,cost-first,equity-aware,meanWaitingTime,lower,0.004837420137,0.005638653396,0.003731562115,0.005994110817,80,20,0,100
M4-transport-disruption,cost-first,equity-aware,p95WaitingTime,lower,0,0,0,0,0,0,100,100
M4-transport-disruption,cost-first,equity-aware,recoveryTime90,lower,0,0,0,0,0,0,100,100
M4-transport-disruption,cost-first,equity-aware,recoveryTime95,lower,0,0,0,0,0,0,100,100
M4-transport-disruption,cost-first,equity-aware,recoveryTime99,lower,0,0,0,0,0,0,100,100
M4-transport-disruption,cost-first,equity-aware,serviceLossAUC,lower,-0.007959188723,0.0539287524,-0.01872551179,0.00228238002,56,43,1,100
M4-transport-disruption,cost-first,equity-aware,totalCost,lower,-532.7543765,1372.768799,-802.4001371,-260.9760018,35,65,0,100
M4-transport-disruption,cost-first,equity-constrained-rolling-horizon,overallFillRate,higher,-0.0009012909454,0.001653701164,-0.001230591017,-0.0005880070915,27,73,0,100
M4-transport-disruption,cost-first,equity-constrained-rolling-horizon,essentialMedicineFillRate,higher,-0.0003706293074,0.0003313869251,-0.0004355625292,-0.0003031942807,0,78,22,100
M4-transport-disruption,cost-first,equity-constrained-rolling-horizon,worstRegionEssentialFillRate,higher,-0.004636210062,0.004207034633,-0.005439533826,-0.003785189616,0,77,23,100
M4-transport-disruption,cost-first,equity-constrained-rolling-horizon,regionalServiceGap,lower,0.004636210062,0.004207034633,0.00379090193,0.005440078203,77,0,23,100
M4-transport-disruption,cost-first,equity-constrained-rolling-horizon,cumulativeUnmetDemand,lower,58.05,106.5460848,37.94,79.37,73,27,0,100
M4-transport-disruption,cost-first,equity-constrained-rolling-horizon,backlogArea,lower,168.42,340.0473283,104.84,236.21,72,28,0,100
M4-transport-disruption,cost-first,equity-constrained-rolling-horizon,stockoutIncidentRate,lower,0.001079733184,0.001541484649,0.0007888590318,0.001375921925,77,22,1,100
M4-transport-disruption,cost-first,equity-constrained-rolling-horizon,horizonEndUnmetRate,lower,0.00001187767724,0.00008663823121,-0.000003085477198,0.00003165103951,11,4,85,100
M4-transport-disruption,cost-first,equity-constrained-rolling-horizon,meanWaitingTime,lower,0.002615730888,0.005274098305,0.001631531213,0.003667043022,72,28,0,100
M4-transport-disruption,cost-first,equity-constrained-rolling-horizon,p95WaitingTime,lower,0,0,0,0,0,0,100,100
M4-transport-disruption,cost-first,equity-constrained-rolling-horizon,recoveryTime90,lower,0,0,0,0,0,0,100,100
M4-transport-disruption,cost-first,equity-constrained-rolling-horizon,recoveryTime95,lower,0,0,0,0,0,0,100,100
M4-transport-disruption,cost-first,equity-constrained-rolling-horizon,recoveryTime99,lower,0,0,0,0,0,0,100,100
M4-transport-disruption,cost-first,equity-constrained-rolling-horizon,serviceLossAUC,lower,0.04444613897,0.03971697737,0.0363538029,0.05226585932,78,0,22,100
M4-transport-disruption,cost-first,equity-constrained-rolling-horizon,totalCost,lower,-678.4859188,1277.230041,-932.41154,-432.6820941,28,72,0,100
M4-transport-disruption,equity-aware,equity-constrained-rolling-horizon,overallFillRate,higher,0.001903360796,0.001731228565,0.001553834126,0.002256268141,90,10,0,100
M4-transport-disruption,equity-aware,equity-constrained-rolling-horizon,essentialMedicineFillRate,higher,-0.0006899231816,0.0005732534478,-0.0008010121308,-0.0005750359599,5,95,0,100
M4-transport-disruption,equity-aware,equity-constrained-rolling-horizon,worstRegionEssentialFillRate,higher,-0.006473112327,0.006969818871,-0.007855998192,-0.005111766254,12,87,1,100
M4-transport-disruption,equity-aware,equity-constrained-rolling-horizon,regionalServiceGap,lower,0.006473112327,0.006969818871,0.00513386407,0.007863876146,87,12,1,100
M4-transport-disruption,equity-aware,equity-constrained-rolling-horizon,cumulativeUnmetDemand,lower,-122.7,111.2829227,-145.31,-100.22,10,90,0,100
M4-transport-disruption,equity-aware,equity-constrained-rolling-horizon,backlogArea,lower,-143.24,394.7206177,-222.05,-63.86,33,66,1,100
M4-transport-disruption,equity-aware,equity-constrained-rolling-horizon,stockoutIncidentRate,lower,0.005193289132,0.002829343348,0.004630531135,0.005741158604,98,2,0,100
M4-transport-disruption,equity-aware,equity-constrained-rolling-horizon,horizonEndUnmetRate,lower,-0.000002530052537,0.00003899139219,-0.00001068600662,0.000004247764072,6,5,89,100
M4-transport-disruption,equity-aware,equity-constrained-rolling-horizon,meanWaitingTime,lower,-0.002221689249,0.006137629505,-0.003445901151,-0.0009886901707,33,66,1,100
M4-transport-disruption,equity-aware,equity-constrained-rolling-horizon,p95WaitingTime,lower,0,0,0,0,0,0,100,100
M4-transport-disruption,equity-aware,equity-constrained-rolling-horizon,recoveryTime90,lower,0,0,0,0,0,0,100,100
M4-transport-disruption,equity-aware,equity-constrained-rolling-horizon,recoveryTime95,lower,0,0,0,0,0,0,100,100
M4-transport-disruption,equity-aware,equity-constrained-rolling-horizon,recoveryTime99,lower,0,0,0,0,0,0,100,100
M4-transport-disruption,equity-aware,equity-constrained-rolling-horizon,serviceLossAUC,lower,0.05240532769,0.06474960071,0.03997398807,0.06506469393,83,17,0,100
M4-transport-disruption,equity-aware,equity-constrained-rolling-horizon,totalCost,lower,-145.7315424,1473.202243,-425.6871694,148.1219141,51,49,0,100
M5-compound,fixed-allocation,reorder-point,overallFillRate,higher,-0.4181434692,0.01218564422,-0.4204418394,-0.415694946,0,100,0,100
M5-compound,fixed-allocation,reorder-point,essentialMedicineFillRate,higher,-0.413406951,0.01571502571,-0.4164110781,-0.4101742106,0,100,0,100
M5-compound,fixed-allocation,reorder-point,worstRegionEssentialFillRate,higher,-0.4470094578,0.02151394239,-0.4510492507,-0.442611316,0,100,0,100
M5-compound,fixed-allocation,reorder-point,regionalServiceGap,lower,0.1246519597,0.02553874098,0.1196196461,0.1296551599,100,0,0,100
M5-compound,fixed-allocation,reorder-point,cumulativeUnmetDemand,lower,31025.87,957.9391564,30837.66,31207.19,100,0,0,100
M5-compound,fixed-allocation,reorder-point,backlogArea,lower,222208.51,16752.41181,219033.17,225539.18,100,0,0,100
M5-compound,fixed-allocation,reorder-point,stockoutIncidentRate,lower,0.380561402,0.009744120108,0.3785644387,0.3824333812,100,0,0,100
M5-compound,fixed-allocation,reorder-point,horizonEndUnmetRate,lower,0.01775574237,0.003902254773,0.01699074709,0.01851160794,100,0,0,100
M5-compound,fixed-allocation,reorder-point,meanWaitingTime,lower,2.994760127,0.2240620908,2.952797614,3.039233971,100,0,0,100
M5-compound,fixed-allocation,reorder-point,p95WaitingTime,lower,12.4,0.89893315,12.22,12.58,100,0,0,100
M5-compound,fixed-allocation,reorder-point,recoveryTime90,lower,52.08,4.683260541,51.17,52.99,100,0,0,100
M5-compound,fixed-allocation,reorder-point,recoveryTime95,lower,50.42,4.411142915,49.57,51.28,100,0,0,100
M5-compound,fixed-allocation,reorder-point,recoveryTime99,lower,48.85,4.686914947,47.95,49.76,100,0,0,100
M5-compound,fixed-allocation,reorder-point,serviceLossAUC,lower,48.01150127,1.896985008,47.61702388,48.37652377,100,0,0,100
M5-compound,fixed-allocation,reorder-point,totalCost,lower,-3477.720156,4666.825619,-4324.513354,-2609.002149,22,78,0,100
M5-compound,fixed-allocation,cost-first,overallFillRate,higher,-0.2314559402,0.01364318252,-0.2342088304,-0.2287864287,0,100,0,100
M5-compound,fixed-allocation,cost-first,essentialMedicineFillRate,higher,-0.3235351749,0.01582327237,-0.3266508524,-0.3204402513,0,100,0,100
M5-compound,fixed-allocation,cost-first,worstRegionEssentialFillRate,higher,-0.3212998881,0.02307436399,-0.3258411985,-0.316727504,0,100,0,100
M5-compound,fixed-allocation,cost-first,regionalServiceGap,lower,-0.0009209544544,0.02849858225,-0.006431456522,0.004730850986,51,49,0,100
M5-compound,fixed-allocation,cost-first,cumulativeUnmetDemand,lower,17174.64,1042.626302,16972.12,17379.66,100,0,0,100
M5-compound,fixed-allocation,cost-first,backlogArea,lower,118764.99,16994.2589,115450.57,122240.9,100,0,0,100
M5-compound,fixed-allocation,cost-first,stockoutIncidentRate,lower,0.2703011776,0.01059986447,0.2681714044,0.2724215078,100,0,0,100
M5-compound,fixed-allocation,cost-first,horizonEndUnmetRate,lower,0.017753175,0.003901462456,0.01698831172,0.01850862475,100,0,0,100
M5-compound,fixed-allocation,cost-first,meanWaitingTime,lower,1.60047839,0.2283117054,1.555661776,1.646312457,100,0,0,100
M5-compound,fixed-allocation,cost-first,p95WaitingTime,lower,2.57,1.281216278,2.32,2.83,96,2,2,100
M5-compound,fixed-allocation,cost-first,recoveryTime90,lower,42.75,1.742951172,42.42,43.09,100,0,0,100
M5-compound,fixed-allocation,cost-first,recoveryTime95,lower,41.51,1.755194311,41.18,41.84,100,0,0,100
M5-compound,fixed-allocation,cost-first,recoveryTime99,lower,39.45,1.914194717,39.08,39.83,100,0,0,100
M5-compound,fixed-allocation,cost-first,serviceLossAUC,lower,38.26746479,1.750307087,37.91353314,38.61682509,100,0,0,100
M5-compound,fixed-allocation,cost-first,totalCost,lower,43937.55331,1819.83183,43578.37353,44281.33065,100,0,0,100
M5-compound,fixed-allocation,equity-aware,overallFillRate,higher,-0.2795181838,0.02060724379,-0.283693878,-0.2754103626,0,100,0,100
M5-compound,fixed-allocation,equity-aware,essentialMedicineFillRate,higher,-0.361684679,0.01664257751,-0.3648437478,-0.3584178509,0,100,0,100
M5-compound,fixed-allocation,equity-aware,worstRegionEssentialFillRate,higher,-0.3716291206,0.01929205649,-0.3753016981,-0.3677995674,0,100,0,100
M5-compound,fixed-allocation,equity-aware,regionalServiceGap,lower,0.1037294534,0.02550419336,0.09877761304,0.108789183,100,0,0,100
M5-compound,fixed-allocation,equity-aware,cumulativeUnmetDemand,lower,20740.65,1555.016271,20417.67,21059.9,100,0,0,100
M5-compound,fixed-allocation,equity-aware,backlogArea,lower,167451.13,15624.48121,164510.54,170612.61,100,0,0,100
M5-compound,fixed-allocation,equity-aware,stockoutIncidentRate,lower,0.1905663863,0.01658835566,0.1872855948,0.1938692878,100,0,0,100
M5-compound,fixed-allocation,equity-aware,horizonEndUnmetRate,lower,0.01775425094,0.003900794021,0.01699020497,0.01850899221,100,0,0,100
M5-compound,fixed-allocation,equity-aware,meanWaitingTime,lower,2.256735683,0.2092575993,2.21786603,2.299751348,100,0,0,100
M5-compound,fixed-allocation,equity-aware,p95WaitingTime,lower,7.11,1.1,6.9,7.33,100,0,0,100
M5-compound,fixed-allocation,equity-aware,recoveryTime90,lower,45.81,1.649579071,45.5,46.11,100,0,0,100
M5-compound,fixed-allocation,equity-aware,recoveryTime95,lower,44.06,1.562308574,43.77,44.35,100,0,0,100
M5-compound,fixed-allocation,equity-aware,recoveryTime99,lower,40.5,4.298226085,39.61,41.3,100,0,0,100
M5-compound,fixed-allocation,equity-aware,serviceLossAUC,lower,42.41250098,1.794526283,42.05443667,42.75883261,100,0,0,100
M5-compound,fixed-allocation,equity-aware,totalCost,lower,43898.73901,1790.23064,43549.86194,44238.79335,100,0,0,100
M5-compound,fixed-allocation,equity-constrained-rolling-horizon,overallFillRate,higher,-0.2590375901,0.01227698219,-0.2614924151,-0.2566069045,0,100,0,100
M5-compound,fixed-allocation,equity-constrained-rolling-horizon,essentialMedicineFillRate,higher,-0.4211564379,0.01485318113,-0.4239686157,-0.4182901365,0,100,0,100
M5-compound,fixed-allocation,equity-constrained-rolling-horizon,worstRegionEssentialFillRate,higher,-0.4350686968,0.02110459696,-0.4391812999,-0.430736817,0,100,0,100
M5-compound,fixed-allocation,equity-constrained-rolling-horizon,regionalServiceGap,lower,0.1164715931,0.02581075792,0.1113651618,0.1214771162,100,0,0,100
M5-compound,fixed-allocation,equity-constrained-rolling-horizon,cumulativeUnmetDemand,lower,19220.97,943.8220113,19033.66,19411.89,100,0,0,100
M5-compound,fixed-allocation,equity-constrained-rolling-horizon,backlogArea,lower,100693.38,17840.74103,97383.39,104297.87,100,0,0,100
M5-compound,fixed-allocation,equity-constrained-rolling-horizon,stockoutIncidentRate,lower,0.2727393231,0.009952478356,0.2707904865,0.2746992602,100,0,0,100
M5-compound,fixed-allocation,equity-constrained-rolling-horizon,horizonEndUnmetRate,lower,0.01774689414,0.003898091921,0.01697839914,0.01850430819,100,0,0,100
M5-compound,fixed-allocation,equity-constrained-rolling-horizon,meanWaitingTime,lower,1.356994418,0.2400295498,1.311967834,1.405711628,100,0,0,100
M5-compound,fixed-allocation,equity-constrained-rolling-horizon,p95WaitingTime,lower,-0.5,1.417780311,-0.77,-0.21,20,51,29,100
M5-compound,fixed-allocation,equity-constrained-rolling-horizon,recoveryTime90,lower,57.22,4.286648287,56.38,58.05,100,0,0,100
M5-compound,fixed-allocation,equity-constrained-rolling-horizon,recoveryTime95,lower,55.18,5.017907327,54.24,56.14,100,0,0,100
M5-compound,fixed-allocation,equity-constrained-rolling-horizon,recoveryTime99,lower,52.42,5.857189315,51.35,53.61,100,0,0,100
M5-compound,fixed-allocation,equity-constrained-rolling-horizon,serviceLossAUC,lower,49.04282155,1.759127651,48.69558719,49.37889606,100,0,0,100
M5-compound,fixed-allocation,equity-constrained-rolling-horizon,totalCost,lower,38131.62625,1994.315479,37750.32749,38501.81705,100,0,0,100
M5-compound,reorder-point,cost-first,overallFillRate,higher,0.186687529,0.01361526558,0.1839909959,0.1893414227,100,0,0,100
M5-compound,reorder-point,cost-first,essentialMedicineFillRate,higher,0.08987177604,0.01860590832,0.08606344506,0.09360989337,100,0,0,100
M5-compound,reorder-point,cost-first,worstRegionEssentialFillRate,higher,0.1257095698,0.02688708561,0.1202338073,0.1310574821,100,0,0,100
M5-compound,reorder-point,cost-first,regionalServiceGap,lower,-0.1255729142,0.02691955277,-0.1308998208,-0.120058229,0,100,0,100
M5-compound,reorder-point,cost-first,cumulativeUnmetDemand,lower,-13851.23,1010.48595,-14043.59,-13648.17,0,100,0,100
M5-compound,reorder-point,cost-first,backlogArea,lower,-103443.52,12396.33865,-105865.13,-101028.15,0,100,0,100
M5-compound,reorder-point,cost-first,stockoutIncidentRate,lower,-0.1102602244,0.007596417499,-0.1117327575,-0.1087709507,0,100,0,100
M5-compound,reorder-point,cost-first,horizonEndUnmetRate,lower,-0.000002567370714,0.00001395530916,-0.000005687726817,-1.325275657e-7,0,4,96,100
M5-compound,reorder-point,cost-first,meanWaitingTime,lower,-1.394281737,0.167730024,-1.427979275,-1.361743683,0,100,0,100
M5-compound,reorder-point,cost-first,p95WaitingTime,lower,-9.83,1.025483379,-10.04,-9.63,0,100,0,100
M5-compound,reorder-point,cost-first,recoveryTime90,lower,-9.33,4.56170932,-10.21,-8.44,0,100,0,100
M5-compound,reorder-point,cost-first,recoveryTime95,lower,-8.91,4.127011294,-9.72,-8.1,0,100,0,100
M5-compound,reorder-point,cost-first,recoveryTime99,lower,-9.4,4.346134937,-10.23,-8.56,0,100,0,100
M5-compound,reorder-point,cost-first,serviceLossAUC,lower,-9.744036474,2.079540995,-10.1550371,-9.314575958,0,100,0,100
M5-compound,reorder-point,cost-first,totalCost,lower,47415.27347,4291.571499,46616.00335,48211.15715,100,0,0,100
M5-compound,reorder-point,equity-aware,overallFillRate,higher,0.1386252853,0.01973719288,0.1345376816,0.1424250603,100,0,0,100
M5-compound,reorder-point,equity-aware,essentialMedicineFillRate,higher,0.05172227195,0.01773525005,0.04821237156,0.05518327191,100,0,0,100
M5-compound,reorder-point,equity-aware,worstRegionEssentialFillRate,higher,0.07538033723,0.02155652946,0.07107582938,0.07953140183,100,0,0,100
M5-compound,reorder-point,equity-aware,regionalServiceGap,lower,-0.02092250634,0.02369228595,-0.02544380273,-0.01605075139,18,82,0,100
M5-compound,reorder-point,equity-aware,cumulativeUnmetDemand,lower,-10285.22,1465.974958,-10565.32,-9979.46,0,100,0,100
M5-compound,reorder-point,equity-aware,backlogArea,lower,-54757.38,8416.877754,-56340.29,-53001.29,0,100,0,100
M5-compound,reorder-point,equity-aware,stockoutIncidentRate,lower,-0.1899950156,0.01465649737,-0.1927939406,-0.1869737615,0,100,0,100
M5-compound,reorder-point,equity-aware,horizonEndUnmetRate,lower,-0.000001491434693,0.000009022801575,-0.000003527385641,-1.348472181e-7,0,4,96,100
M5-compound,reorder-point,equity-aware,meanWaitingTime,lower,-0.7380244443,0.1133340402,-0.7594742818,-0.7141511509,0,100,0,100
M5-compound,reorder-point,equity-aware,p95WaitingTime,lower,-5.29,0.913368723,-5.46,-5.11,0,100,0,100
M5-compound,reorder-point,equity-aware,recoveryTime90,lower,-6.27,4.341146802,-7.1,-5.43,0,99,1,100
M5-compound,reorder-point,equity-aware,recoveryTime95,lower,-6.36,3.973447222,-7.15,-5.57,0,100,0,100
M5-compound,reorder-point,equity-aware,recoveryTime99,lower,-8.35,5.439056291,-9.4,-7.33,0,100,0,100
M5-compound,reorder-point,equity-aware,serviceLossAUC,lower,-5.599000283,1.907429753,-5.961908462,-5.215888061,0,100,0,100
M5-compound,reorder-point,equity-aware,totalCost,lower,47376.45917,4307.174628,46567.48552,48198.83075,100,0,0,100
M5-compound,reorder-point,equity-constrained-rolling-horizon,overallFillRate,higher,0.1591058791,0.01188378662,0.1567695515,0.1613828316,100,0,0,100
M5-compound,reorder-point,equity-constrained-rolling-horizon,essentialMedicineFillRate,higher,-0.007749486903,0.016069793,-0.01095081396,-0.004580722878,34,66,0,100
M5-compound,reorder-point,equity-constrained-rolling-horizon,worstRegionEssentialFillRate,higher,0.01194076105,0.02310482403,0.007388847346,0.01647132719,75,25,0,100
M5-compound,reorder-point,equity-constrained-rolling-horizon,regionalServiceGap,lower,-0.008180366585,0.02353136149,-0.01275660812,-0.003474069995,31,69,0,100
M5-compound,reorder-point,equity-constrained-rolling-horizon,cumulativeUnmetDemand,lower,-11804.9,882.2572806,-11973.65,-11627.65,0,100,0,100
M5-compound,reorder-point,equity-constrained-rolling-horizon,backlogArea,lower,-121515.13,12286.44604,-123930.79,-119117.1,0,100,0,100
M5-compound,reorder-point,equity-constrained-rolling-horizon,stockoutIncidentRate,lower,-0.1078220789,0.007130167829,-0.1092087411,-0.1063859007,0,100,0,100
M5-compound,reorder-point,equity-constrained-rolling-horizon,horizonEndUnmetRate,lower,-0.000008848238221,0.00003662306572,-0.00001648035805,-0.000002707399965,0,11,89,100
M5-compound,reorder-point,equity-constrained-rolling-horizon,meanWaitingTime,lower,-1.63776571,0.1657508196,-1.670419379,-1.605821815,0,100,0,100
M5-compound,reorder-point,equity-constrained-rolling-horizon,p95WaitingTime,lower,-12.9,1.218543592,-13.13,-12.66,0,100,0,100
M5-compound,reorder-point,equity-constrained-rolling-horizon,recoveryTime90,lower,5.14,5.704897772,4.06,6.34,69,8,23,100
M5-compound,reorder-point,equity-constrained-rolling-horizon,recoveryTime95,lower,4.76,5.946087755,3.58,5.96,72,14,14,100
M5-compound,reorder-point,equity-constrained-rolling-horizon,recoveryTime99,lower,3.57,6.215417455,2.39,4.85,62,19,19,100
M5-compound,reorder-point,equity-constrained-rolling-horizon,serviceLossAUC,lower,1.031320282,1.893940777,0.6611887619,1.409601967,68,32,0,100
M5-compound,reorder-point,equity-constrained-rolling-horizon,totalCost,lower,41609.3464,4192.960609,40821.38332,42434.51506,100,0,0,100
M5-compound,cost-first,equity-aware,overallFillRate,higher,-0.04806224365,0.01636878667,-0.05139708261,-0.04486602993,1,99,0,100
M5-compound,cost-first,equity-aware,essentialMedicineFillRate,higher,-0.03814950409,0.01143205575,-0.04032257156,-0.03588093332,0,100,0,100
M5-compound,cost-first,equity-aware,worstRegionEssentialFillRate,higher,-0.05032923255,0.01820286259,-0.05386025591,-0.04674166601,0,100,0,100
M5-compound,cost-first,equity-aware,regionalServiceGap,lower,0.1046504078,0.0283870402,0.09941007283,0.1099881554,100,0,0,100
M5-compound,cost-first,equity-aware,cumulativeUnmetDemand,lower,3566.01,1214.705164,3330.97,3811.94,99,1,0,100
M5-compound,cost-first,equity-aware,backlogArea,lower,48686.14,11867.04429,46468.58,51011.88,100,0,0,100
M5-compound,cost-first,equity-aware,stockoutIncidentRate,lower,-0.07973479124,0.0138403924,-0.0823619579,-0.07688432697,0,100,0,100
M5-compound,cost-first,equity-aware,horizonEndUnmetRate,lower,0.000001075936021,0.00001684924593,-0.000002024384867,0.000004585332548,4,4,92,100
M5-compound,cost-first,equity-aware,meanWaitingTime,lower,0.6562572929,0.1606606183,0.6261747394,0.6878507895,100,0,0,100
M5-compound,cost-first,equity-aware,p95WaitingTime,lower,4.54,1.192738975,4.32,4.77,100,0,0,100
M5-compound,cost-first,equity-aware,recoveryTime90,lower,3.06,1.293495772,2.82,3.3,99,1,0,100
M5-compound,cost-first,equity-aware,recoveryTime95,lower,2.55,1.351205971,2.28,2.81,96,1,3,100
M5-compound,cost-first,equity-aware,recoveryTime99,lower,1.05,4.078460296,0.25,1.81,76,18,6,100
M5-compound,cost-first,equity-aware,serviceLossAUC,lower,4.145036191,1.18983083,3.913937519,4.374554949,100,0,0,100
M5-compound,cost-first,equity-aware,totalCost,lower,-38.81429941,1590.329151,-340.7377794,256.8555818,51,49,0,100
M5-compound,cost-first,equity-constrained-rolling-horizon,overallFillRate,higher,-0.02758164992,0.00949716794,-0.02937426023,-0.02574454313,0,100,0,100
M5-compound,cost-first,equity-constrained-rolling-horizon,essentialMedicineFillRate,higher,-0.09762126294,0.0130584922,-0.1000762334,-0.09503035454,0,100,0,100
M5-compound,cost-first,equity-constrained-rolling-horizon,worstRegionEssentialFillRate,higher,-0.1137688087,0.02447901074,-0.1183171469,-0.1090388185,0,100,0,100
M5-compound,cost-first,equity-constrained-rolling-horizon,regionalServiceGap,lower,0.1173925476,0.02859282762,0.1118945364,0.1226443815,100,0,0,100
M5-compound,cost-first,equity-constrained-rolling-horizon,cumulativeUnmetDemand,lower,2046.33,703.3465898,1911.35,2177.8,100,0,0,100
M5-compound,cost-first,equity-constrained-rolling-horizon,backlogArea,lower,-18071.61,12503.68635,-20560.27,-15691.26,9,91,0,100
M5-compound,cost-first,equity-constrained-rolling-horizon,stockoutIncidentRate,lower,0.002438145464,0.005533247915,0.001391994751,0.003531638049,70,30,0,100
M5-compound,cost-first,equity-constrained-rolling-horizon,horizonEndUnmetRate,lower,-0.000006280867507,0.0000397730051,-0.00001455684754,6.559662696e-7,4,11,85,100
M5-compound,cost-first,equity-constrained-rolling-horizon,meanWaitingTime,lower,-0.2434839723,0.1688508561,-0.2770143171,-0.2111518217,9,91,0,100
M5-compound,cost-first,equity-constrained-rolling-horizon,p95WaitingTime,lower,-3.07,1.335263754,-3.34,-2.82,0,95,5,100
M5-compound,cost-first,equity-constrained-rolling-horizon,recoveryTime90,lower,14.47,3.421426839,13.8,15.15,100,0,0,100
M5-compound,cost-first,equity-constrained-rolling-horizon,recoveryTime95,lower,13.67,4.148883262,12.85,14.47,100,0,0,100
M5-compound,cost-first,equity-constrained-rolling-horizon,recoveryTime99,lower,12.97,5.3,11.98,14.05,100,0,0,100
M5-compound,cost-first,equity-constrained-rolling-horizon,serviceLossAUC,lower,10.77535676,1.425780983,10.48932513,11.04785729,100,0,0,100
M5-compound,cost-first,equity-constrained-rolling-horizon,totalCost,lower,-5805.927061,1598.308815,-6104.636424,-5488.746443,0,100,0,100
M5-compound,equity-aware,equity-constrained-rolling-horizon,overallFillRate,higher,0.02048059374,0.01865431354,0.01694234013,0.02427554252,85,15,0,100
M5-compound,equity-aware,equity-constrained-rolling-horizon,essentialMedicineFillRate,higher,-0.05947175885,0.01490951566,-0.06227228331,-0.05666705038,0,100,0,100
M5-compound,equity-aware,equity-constrained-rolling-horizon,worstRegionEssentialFillRate,higher,-0.06343957619,0.01757378044,-0.06672032183,-0.06001695262,0,100,0,100
M5-compound,equity-aware,equity-constrained-rolling-horizon,regionalServiceGap,lower,0.01274213976,0.01810602185,0.009130043665,0.01617985255,77,23,0,100
M5-compound,equity-aware,equity-constrained-rolling-horizon,cumulativeUnmetDemand,lower,-1519.68,1384.159964,-1798.53,-1256.29,15,85,0,100
M5-compound,equity-aware,equity-constrained-rolling-horizon,backlogArea,lower,-66757.75,12597.50969,-69203.51,-64269.87,0,100,0,100
M5-compound,equity-aware,equity-constrained-rolling-horizon,stockoutIncidentRate,lower,0.08217293671,0.01391996073,0.07935226509,0.08483368481,100,0,0,100
M5-compound,equity-aware,equity-constrained-rolling-horizon,horizonEndUnmetRate,lower,-0.000007356803527,0.00003806993075,-0.0000154224466,-7.968506746e-7,4,11,85,100
M5-compound,equity-aware,equity-constrained-rolling-horizon,meanWaitingTime,lower,-0.8997412652,0.1701225294,-0.9332285032,-0.866119149,0,100,0,100
M5-compound,equity-aware,equity-constrained-rolling-horizon,p95WaitingTime,lower,-7.61,1.384583225,-7.88,-7.34,0,100,0,100
M5-compound,equity-aware,equity-constrained-rolling-horizon,recoveryTime90,lower,11.41,3.76344727,10.71,12.17,100,0,0,100
M5-compound,equity-aware,equity-constrained-rolling-horizon,recoveryTime95,lower,11.12,4.470509428,10.26,11.98,100,0,0,100
M5-compound,equity-aware,equity-constrained-rolling-horizon,recoveryTime99,lower,11.92,6.068098399,10.77,13.16,100,0,0,100
M5-compound,equity-aware,equity-constrained-rolling-horizon,serviceLossAUC,lower,6.630320565,1.582628043,6.334617558,6.931916346,100,0,0,100
M5-compound,equity-aware,equity-constrained-rolling-horizon,totalCost,lower,-5767.112762,1695.487115,-6083.702373,-5432.517964,0,100,0,100
M6-long-lead,fixed-allocation,reorder-point,overallFillRate,higher,-0.3357736035,0.01901714274,-0.339371683,-0.3321114847,0,100,0,100
M6-long-lead,fixed-allocation,reorder-point,essentialMedicineFillRate,higher,-0.3647308232,0.02644667217,-0.3698693112,-0.3596114174,0,100,0,100
M6-long-lead,fixed-allocation,reorder-point,worstRegionEssentialFillRate,higher,-0.3778755482,0.03736548822,-0.3852250928,-0.3705854716,0,100,0,100
M6-long-lead,fixed-allocation,reorder-point,regionalServiceGap,lower,0.04805749497,0.04092143265,0.03994130995,0.05620742606,88,12,0,100
M6-long-lead,fixed-allocation,reorder-point,cumulativeUnmetDemand,lower,24914.58,1441.782022,24634.29,25193.28,100,0,0,100
M6-long-lead,fixed-allocation,reorder-point,backlogArea,lower,329043.69,15446.81535,326128.69,331905.37,100,0,0,100
M6-long-lead,fixed-allocation,reorder-point,stockoutIncidentRate,lower,0.3514041805,0.01455743718,0.3485183064,0.354275658,100,0,0,100
M6-long-lead,fixed-allocation,reorder-point,horizonEndUnmetRate,lower,0.04831933132,0.003867852917,0.04757928781,0.04905312409,100,0,0,100
M6-long-lead,fixed-allocation,reorder-point,meanWaitingTime,lower,4.434461019,0.1998696197,4.395363989,4.47043304,100,0,0,100
M6-long-lead,fixed-allocation,reorder-point,p95WaitingTime,lower,11.88,1.335452861,11.63,12.15,100,0,0,100
M6-long-lead,fixed-allocation,reorder-point,recoveryTime90,lower,34.48,2.720962397,33.97,34.99,100,0,0,100
M6-long-lead,fixed-allocation,reorder-point,recoveryTime95,lower,32.21,2.9,31.65,32.78,100,0,0,100
M6-long-lead,fixed-allocation,reorder-point,recoveryTime99,lower,29.62,3.106786316,29.01,30.22,100,0,0,100
M6-long-lead,fixed-allocation,reorder-point,serviceLossAUC,lower,43.21444645,3.028573434,42.61969402,43.8204487,100,0,0,100
M6-long-lead,fixed-allocation,reorder-point,totalCost,lower,-33652.08256,4153.200804,-34404.78526,-32849.84303,0,100,0,100
M6-long-lead,fixed-allocation,cost-first,overallFillRate,higher,-0.1993779713,0.01530231075,-0.2022318253,-0.1965188371,0,100,0,100
M6-long-lead,fixed-allocation,cost-first,essentialMedicineFillRate,higher,-0.2415229119,0.01687191177,-0.244712632,-0.2381143121,0,100,0,100
M6-long-lead,fixed-allocation,cost-first,worstRegionEssentialFillRate,higher,-0.1895109927,0.02361425378,-0.1939302812,-0.1847144252,0,100,0,100
M6-long-lead,fixed-allocation,cost-first,regionalServiceGap,lower,-0.149851414,0.02611164914,-0.1551535153,-0.1449959216,0,100,0,100
M6-long-lead,fixed-allocation,cost-first,cumulativeUnmetDemand,lower,14792.74,1132.495355,14573.49,15000.9,100,0,0,100
M6-long-lead,fixed-allocation,cost-first,backlogArea,lower,190996.32,15712.02102,188053.79,194083.25,100,0,0,100
M6-long-lead,fixed-allocation,cost-first,stockoutIncidentRate,lower,0.2918482648,0.0132020634,0.2892277869,0.2942927414,100,0,0,100
M6-long-lead,fixed-allocation,cost-first,horizonEndUnmetRate,lower,0.04825881217,0.003857846039,0.04751817558,0.04899506392,100,0,0,100
M6-long-lead,fixed-allocation,cost-first,meanWaitingTime,lower,2.574280954,0.2122886744,2.533738781,2.615780585,100,0,0,100
M6-long-lead,fixed-allocation,cost-first,p95WaitingTime,lower,4.13,1.151678617,3.91,4.36,100,0,0,100
M6-long-lead,fixed-allocation,cost-first,recoveryTime90,lower,27.38,2.67717626,26.84,27.87,100,0,0,100
M6-long-lead,fixed-allocation,cost-first,recoveryTime95,lower,25.86,2.628591819,25.35,26.36,100,0,0,100
M6-long-lead,fixed-allocation,cost-first,recoveryTime99,lower,23.51,2.81946696,22.95,24.04,100,0,0,100
M6-long-lead,fixed-allocation,cost-first,serviceLossAUC,lower,30.34651922,2.111316924,29.91528886,30.74551337,100,0,0,100
M6-long-lead,fixed-allocation,cost-first,totalCost,lower,29968.87919,1503.336299,29695.8105,30258.99802,100,0,0,100
M6-long-lead,fixed-allocation,equity-aware,overallFillRate,higher,-0.2183606738,0.01873877294,-0.221954902,-0.2147251834,0,100,0,100
M6-long-lead,fixed-allocation,equity-aware,essentialMedicineFillRate,higher,-0.247557716,0.02080812543,-0.251580495,-0.2434219638,0,100,0,100
M6-long-lead,fixed-allocation,equity-aware,worstRegionEssentialFillRate,higher,-0.2716356825,0.02402308754,-0.2761897799,-0.2670518376,0,100,0,100
M6-long-lead,fixed-allocation,equity-aware,regionalServiceGap,lower,0.1543915629,0.03227717127,0.1479995758,0.1602844483,100,0,0,100
M6-long-lead,fixed-allocation,equity-aware,cumulativeUnmetDemand,lower,16202.96,1410.248398,15927.67,16473.36,100,0,0,100
M6-long-lead,fixed-allocation,equity-aware,backlogArea,lower,275205.39,15769.60686,272039.2,278169.61,100,0,0,100
M6-long-lead,fixed-allocation,equity-aware,stockoutIncidentRate,lower,0.129586441,0.01846311316,0.1258723934,0.1331333652,100,0,0,100
M6-long-lead,fixed-allocation,equity-aware,horizonEndUnmetRate,lower,0.04811578396,0.003890350843,0.04736176727,0.04884900302,100,0,0,100
M6-long-lead,fixed-allocation,equity-aware,meanWaitingTime,lower,3.708931759,0.2076732559,3.668901758,3.748241192,100,0,0,100
M6-long-lead,fixed-allocation,equity-aware,p95WaitingTime,lower,9.06,1.625677792,8.77,9.37,100,0,0,100
M6-long-lead,fixed-allocation,equity-aware,recoveryTime90,lower,27.91,2.899303295,27.34,28.48,100,0,0,100
M6-long-lead,fixed-allocation,equity-aware,recoveryTime95,lower,24.73,2.304387559,24.3,25.19,100,0,0,100
M6-long-lead,fixed-allocation,equity-aware,recoveryTime99,lower,21.83,1.96974592,21.45,22.23,100,0,0,100
M6-long-lead,fixed-allocation,equity-aware,serviceLossAUC,lower,30.69271276,2.433865206,30.20200482,31.16324869,100,0,0,100
M6-long-lead,fixed-allocation,equity-aware,totalCost,lower,31480.49573,1444.284781,31205.22246,31762.73808,100,0,0,100
M6-long-lead,fixed-allocation,equity-constrained-rolling-horizon,overallFillRate,higher,-0.2044967218,0.01552267048,-0.2075397859,-0.2013481589,0,100,0,100
M6-long-lead,fixed-allocation,equity-constrained-rolling-horizon,essentialMedicineFillRate,higher,-0.2700205117,0.0238321399,-0.2745193564,-0.265260824,0,100,0,100
M6-long-lead,fixed-allocation,equity-constrained-rolling-horizon,worstRegionEssentialFillRate,higher,-0.2896520824,0.02506400459,-0.2944080509,-0.284652896,0,100,0,100
M6-long-lead,fixed-allocation,equity-constrained-rolling-horizon,regionalServiceGap,lower,0.1116512408,0.03798784658,0.1044975081,0.1189633162,100,0,0,100
M6-long-lead,fixed-allocation,equity-constrained-rolling-horizon,cumulativeUnmetDemand,lower,15172.43,1146.20709,14940.11,15393.4,100,0,0,100
M6-long-lead,fixed-allocation,equity-constrained-rolling-horizon,backlogArea,lower,205509.98,15394.36514,202529,208527.38,100,0,0,100
M6-long-lead,fixed-allocation,equity-constrained-rolling-horizon,stockoutIncidentRate,lower,0.2660532435,0.01395750418,0.2632570129,0.2687934822,100,0,0,100
M6-long-lead,fixed-allocation,equity-constrained-rolling-horizon,horizonEndUnmetRate,lower,0.048251925,0.003846464025,0.04750007212,0.0489832434,100,0,0,100
M6-long-lead,fixed-allocation,equity-constrained-rolling-horizon,meanWaitingTime,lower,2.769803313,0.2065267839,2.728355533,2.809716487,100,0,0,100
M6-long-lead,fixed-allocation,equity-constrained-rolling-horizon,p95WaitingTime,lower,3.91,1.279954229,3.66,4.17,100,0,0,100
M6-long-lead,fixed-allocation,equity-constrained-rolling-horizon,recoveryTime90,lower,33.83,2.309641627,33.37,34.26,100,0,0,100
M6-long-lead,fixed-allocation,equity-constrained-rolling-horizon,recoveryTime95,lower,31.16,2.423454417,30.67,31.6,100,0,0,100
M6-long-lead,fixed-allocation,equity-constrained-rolling-horizon,recoveryTime99,lower,26.26,2.556907855,25.76,26.74,100,0,0,100
M6-long-lead,fixed-allocation,equity-constrained-rolling-horizon,serviceLossAUC,lower,32.818293,2.689641161,32.27054727,33.32028744,100,0,0,100
M6-long-lead,fixed-allocation,equity-constrained-rolling-horizon,totalCost,lower,18304.25707,1743.742489,17976.32986,18654.54954,100,0,0,100
M6-long-lead,reorder-point,cost-first,overallFillRate,higher,0.1363956322,0.01986071654,0.1326088769,0.1402749254,100,0,0,100
M6-long-lead,reorder-point,cost-first,essentialMedicineFillRate,higher,0.1232079112,0.02600195706,0.1181833594,0.1280613883,100,0,0,100
M6-long-lead,reorder-point,cost-first,worstRegionEssentialFillRate,higher,0.1883645555,0.0365482099,0.1812739019,0.195775097,100,0,0,100
M6-long-lead,reorder-point,cost-first,regionalServiceGap,lower,-0.197908909,0.03982414214,-0.205690295,-0.1900231953,0,100,0,100
M6-long-lead,reorder-point,cost-first,cumulativeUnmetDemand,lower,-10121.84,1487.841462,-10408.24,-9840.72,0,100,0,100
M6-long-lead,reorder-point,cost-first,backlogArea,lower,-138047.37,17332.64513,-141314.16,-134822.91,0,100,0,100
M6-long-lead,reorder-point,cost-first,stockoutIncidentRate,lower,-0.05955591569,0.01281981524,-0.06188399693,-0.05707088586,0,100,0,100
M6-long-lead,reorder-point,cost-first,horizonEndUnmetRate,lower,-0.0000605191521,0.0002005533094,-0.0001040635252,-0.00002501011638,7,28,65,100
M6-long-lead,reorder-point,cost-first,meanWaitingTime,lower,-1.860180064,0.229985005,-1.902966851,-1.817463577,0,100,0,100
M6-long-lead,reorder-point,cost-first,p95WaitingTime,lower,-7.75,1.085952545,-7.96,-7.54,0,100,0,100
M6-long-lead,reorder-point,cost-first,recoveryTime90,lower,-7.1,2.805117978,-7.64,-6.55,1,98,1,100
M6-long-lead,reorder-point,cost-first,recoveryTime95,lower,-6.35,2.979305729,-6.93,-5.76,1,97,2,100
M6-long-lead,reorder-point,cost-first,recoveryTime99,lower,-6.11,3.177874901,-6.71,-5.49,3,95,2,100
M6-long-lead,reorder-point,cost-first,serviceLossAUC,lower,-12.86792723,2.921462326,-13.41204839,-12.31518786,0,100,0,100
M6-long-lead,reorder-point,cost-first,totalCost,lower,63620.96175,3844.148863,62865.21607,64342.75543,100,0,0,100
M6-long-lead,reorder-point,equity-aware,overallFillRate,higher,0.1174129297,0.02088250434,0.1133748283,0.1213355258,100,0,0,100
M6-long-lead,reorder-point,equity-aware,essentialMedicineFillRate,higher,0.1171731072,0.02700019466,0.1118037345,0.1226850432,100,0,0,100
M6-long-lead,reorder-point,equity-aware,worstRegionEssentialFillRate,higher,0.1062398657,0.03720739566,0.09876258213,0.1136461532,99,1,0,100
M6-long-lead,reorder-point,equity-aware,regionalServiceGap,lower,0.106334068,0.04717484061,0.09693101993,0.115371082,99,1,0,100
M6-long-lead,reorder-point,equity-aware,cumulativeUnmetDemand,lower,-8711.62,1549.987806,-8999.95,-8411.21,0,100,0,100
M6-long-lead,reorder-point,equity-aware,backlogArea,lower,-53838.3,12718.84651,-56279.36,-51419.78,0,100,0,100
M6-long-lead,reorder-point,equity-aware,stockoutIncidentRate,lower,-0.2218177394,0.01685042217,-0.22501135,-0.2185266854,0,100,0,100
M6-long-lead,reorder-point,equity-aware,horizonEndUnmetRate,lower,-0.0002035473598,0.0003042220657,-0.0002630667557,-0.0001484035343,3,67,30,100
M6-long-lead,reorder-point,equity-aware,meanWaitingTime,lower,-0.7255292592,0.1708828915,-0.7585414882,-0.6930616765,0,100,0,100
M6-long-lead,reorder-point,equity-aware,p95WaitingTime,lower,-2.82,1.506752478,-3.12,-2.53,1,94,5,100
M6-long-lead,reorder-point,equity-aware,recoveryTime90,lower,-6.57,3.062497166,-7.16,-5.96,3,95,2,100
M6-long-lead,reorder-point,equity-aware,recoveryTime95,lower,-7.48,2.757835486,-8.02,-6.93,1,98,1,100
M6-long-lead,reorder-point,equity-aware,recoveryTime99,lower,-7.79,2.800775506,-8.32,-7.25,0,99,1,100
M6-long-lead,reorder-point,equity-aware,serviceLossAUC,lower,-12.52173369,2.945749299,-13.10489646,-11.93284747,0,100,0,100
M6-long-lead,reorder-point,equity-aware,totalCost,lower,65132.5783,3802.978254,64439.46588,65850.07028,100,0,0,100
M6-long-lead,reorder-point,equity-constrained-rolling-horizon,overallFillRate,higher,0.1312768817,0.01839272209,0.1277339997,0.1349009691,100,0,0,100
M6-long-lead,reorder-point,equity-constrained-rolling-horizon,essentialMedicineFillRate,higher,0.09471031146,0.02736015756,0.08940655384,0.1001673004,100,0,0,100
M6-long-lead,reorder-point,equity-constrained-rolling-horizon,worstRegionEssentialFillRate,higher,0.0882234658,0.03963010243,0.08046576761,0.09606831829,99,1,0,100
M6-long-lead,reorder-point,equity-constrained-rolling-horizon,regionalServiceGap,lower,0.06359374584,0.05121987142,0.05352065718,0.07383278677,86,14,0,100
M6-long-lead,reorder-point,equity-constrained-rolling-horizon,cumulativeUnmetDemand,lower,-9742.15,1378.949676,-10016.8,-9476.12,0,100,0,100
M6-long-lead,reorder-point,equity-constrained-rolling-horizon,backlogArea,lower,-123533.71,16606.67938,-127009.94,-120219.86,0,100,0,100
M6-long-lead,reorder-point,equity-constrained-rolling-horizon,stockoutIncidentRate,lower,-0.08535093697,0.01239734222,-0.08780318725,-0.08292838574,0,100,0,100
M6-long-lead,reorder-point,equity-constrained-rolling-horizon,horizonEndUnmetRate,lower,-0.0000674063199,0.0002078708527,-0.0001118888262,-0.00003118347008,5,31,64,100
M6-long-lead,reorder-point,equity-constrained-rolling-horizon,meanWaitingTime,lower,-1.664657706,0.2213757842,-1.711092314,-1.621309229,0,100,0,100
M6-long-lead,reorder-point,equity-constrained-rolling-horizon,p95WaitingTime,lower,-7.97,1.15867392,-8.2,-7.74,0,100,0,100
M6-long-lead,reorder-point,equity-constrained-rolling-horizon,recoveryTime90,lower,-0.65,2.226448002,-1.09,-0.21,28,50,22,100
M6-long-lead,reorder-point,equity-constrained-rolling-horizon,recoveryTime95,lower,-1.05,2.548023595,-1.58,-0.57,26,59,15,100
M6-long-lead,reorder-point,equity-constrained-rolling-horizon,recoveryTime99,lower,-3.36,2.99669852,-3.98,-2.8,10,82,8,100
M6-long-lead,reorder-point,equity-constrained-rolling-horizon,serviceLossAUC,lower,-10.39615345,3.01093018,-11.00428476,-9.8192235,0,100,0,100
M6-long-lead,reorder-point,equity-constrained-rolling-horizon,totalCost,lower,51956.33964,3561.112145,51272.48678,52626.89343,100,0,0,100
M6-long-lead,cost-first,equity-aware,overallFillRate,higher,-0.01898270247,0.01571872858,-0.02201628158,-0.01601384347,11,89,0,100
M6-long-lead,cost-first,equity-aware,essentialMedicineFillRate,higher,-0.00603480403,0.01522349674,-0.009144551775,-0.003091421153,27,73,0,100
M6-long-lead,cost-first,equity-aware,worstRegionEssentialFillRate,higher,-0.08212468979,0.01850797344,-0.08572162762,-0.07852423613,0,100,0,100
M6-long-lead,cost-first,equity-aware,regionalServiceGap,lower,0.304242977,0.03362838438,0.2975606491,0.3106864105,100,0,0,100
M6-long-lead,cost-first,equity-aware,cumulativeUnmetDemand,lower,1410.22,1168.788171,1190.06,1640.78,89,11,0,100
M6-long-lead,cost-first,equity-aware,backlogArea,lower,84209.07,15311.26223,81264.83,87180.39,100,0,0,100
M6-long-lead,cost-first,equity-aware,stockoutIncidentRate,lower,-0.1622618238,0.01526386452,-0.1651446573,-0.1592472201,0,100,0,100
M6-long-lead,cost-first,equity-aware,horizonEndUnmetRate,lower,-0.0001430282077,0.0003575193586,-0.0002099731472,-0.00007288921055,15,57,28,100
M6-long-lead,cost-first,equity-aware,meanWaitingTime,lower,1.134650805,0.2046256753,1.09545549,1.174522226,100,0,0,100
M6-long-lead,cost-first,equity-aware,p95WaitingTime,lower,4.93,1.387207063,4.66,5.2,100,0,0,100
M6-long-lead,cost-first,equity-aware,recoveryTime90,lower,0.53,2.302633538,0.1,1,48,33,19,100
M6-long-lead,cost-first,equity-aware,recoveryTime95,lower,-1.13,2.043244597,-1.52,-0.72,16,66,18,100
M6-long-lead,cost-first,equity-aware,recoveryTime99,lower,-1.68,2.121939269,-2.1,-1.27,14,75,11,100
M6-long-lead,cost-first,equity-aware,serviceLossAUC,lower,0.3461935408,1.577007377,0.0406871792,0.665839605,63,37,0,100
M6-long-lead,cost-first,equity-aware,totalCost,lower,1511.616545,1407.426464,1233.355598,1787.527254,85,15,0,100
M6-long-lead,cost-first,equity-constrained-rolling-horizon,overallFillRate,higher,-0.005118750434,0.01075162378,-0.007332303713,-0.002990997476,30,70,0,100
M6-long-lead,cost-first,equity-constrained-rolling-horizon,essentialMedicineFillRate,higher,-0.02849759979,0.01873897263,-0.03220850151,-0.02497566597,8,92,0,100
M6-long-lead,cost-first,equity-constrained-rolling-horizon,worstRegionEssentialFillRate,higher,-0.1001410897,0.01967776524,-0.1040056228,-0.09647478715,0,100,0,100
M6-long-lead,cost-first,equity-constrained-rolling-horizon,regionalServiceGap,lower,0.2615026548,0.04194631844,0.2535444987,0.2698767024,100,0,0,100
M6-long-lead,cost-first,equity-constrained-rolling-horizon,cumulativeUnmetDemand,lower,379.69,798.2507352,222.62,544.29,70,30,0,100
M6-long-lead,cost-first,equity-constrained-rolling-horizon,backlogArea,lower,14513.66,15129.16695,11674.01,17624.53,83,17,0,100
M6-long-lead,cost-first,equity-constrained-rolling-horizon,stockoutIncidentRate,lower,-0.02579502128,0.007823180273,-0.02738655348,-0.02428570946,0,100,0,100
M6-long-lead,cost-first,equity-constrained-rolling-horizon,horizonEndUnmetRate,lower,-0.000006887167801,0.0002671685352,-0.00005806529416,0.00004840356905,21,26,53,100
M6-long-lead,cost-first,equity-constrained-rolling-horizon,meanWaitingTime,lower,0.1955223587,0.2036704005,0.1571095352,0.237383558,83,17,0,100
M6-long-lead,cost-first,equity-constrained-rolling-horizon,p95WaitingTime,lower,-0.22,1.010850227,-0.41,-0.01,21,38,41,100
M6-long-lead,cost-first,equity-constrained-rolling-horizon,recoveryTime90,lower,6.45,1.742951172,6.09,6.79,100,0,0,100
M6-long-lead,cost-first,equity-constrained-rolling-horizon,recoveryTime95,lower,5.3,1.78376517,4.93,5.64,100,0,0,100
M6-long-lead,cost-first,equity-constrained-rolling-horizon,recoveryTime99,lower,2.75,2.046800904,2.34,3.14,86,5,9,100
M6-long-lead,cost-first,equity-constrained-rolling-horizon,serviceLossAUC,lower,2.471773776,1.987028944,2.102722454,2.862080988,87,13,0,100
M6-long-lead,cost-first,equity-constrained-rolling-horizon,totalCost,lower,-11664.62211,1394.821492,-11938.78025,-11386.82998,0,100,0,100
M6-long-lead,equity-aware,equity-constrained-rolling-horizon,overallFillRate,higher,0.01386395204,0.0191471214,0.01014699334,0.01757368321,76,24,0,100
M6-long-lead,equity-aware,equity-constrained-rolling-horizon,essentialMedicineFillRate,higher,-0.02246279576,0.02146855482,-0.02646700856,-0.01801850535,12,87,1,100
M6-long-lead,equity-aware,equity-constrained-rolling-horizon,worstRegionEssentialFillRate,higher,-0.01801639991,0.02223138434,-0.02241103484,-0.01380556059,22,78,0,100
M6-long-lead,equity-aware,equity-constrained-rolling-horizon,regionalServiceGap,lower,-0.04274032213,0.04170477261,-0.05088282106,-0.03433181936,18,82,0,100
M6-long-lead,equity-aware,equity-constrained-rolling-horizon,cumulativeUnmetDemand,lower,-1030.53,1423.192992,-1305.81,-753.45,24,76,0,100
M6-long-lead,equity-aware,equity-constrained-rolling-horizon,backlogArea,lower,-69695.41,17961.78437,-73314.01,-66133.78,0,100,0,100
M6-long-lead,equity-aware,equity-constrained-rolling-horizon,stockoutIncidentRate,lower,0.1364668025,0.0167140214,0.133078215,0.1397453784,100,0,0,100
M6-long-lead,equity-aware,equity-constrained-rolling-horizon,horizonEndUnmetRate,lower,0.0001361410399,0.0003321734183,0.00007237429131,0.0002038961608,59,15,26,100
M6-long-lead,equity-aware,equity-constrained-rolling-horizon,meanWaitingTime,lower,-0.9391284464,0.2408636607,-0.9877985241,-0.8917976247,0,100,0,100
M6-long-lead,equity-aware,equity-constrained-rolling-horizon,p95WaitingTime,lower,-5.15,1.533300395,-5.45,-4.84,0,100,0,100
M6-long-lead,equity-aware,equity-constrained-rolling-horizon,recoveryTime90,lower,5.92,2.316737518,5.46,6.38,99,0,1,100
M6-long-lead,equity-aware,equity-constrained-rolling-horizon,recoveryTime95,lower,6.43,1.902974811,6.04,6.79,99,0,1,100
M6-long-lead,equity-aware,equity-constrained-rolling-horizon,recoveryTime99,lower,4.43,2.109406542,3.99,4.83,98,1,1,100
M6-long-lead,equity-aware,equity-constrained-rolling-horizon,serviceLossAUC,lower,2.125580236,2.224566863,1.676238003,2.550561987,85,15,0,100
M6-long-lead,equity-aware,equity-constrained-rolling-horizon,totalCost,lower,-13176.23866,1356.627078,-13453.49687,-12903.9759,0,100,0,100
M7-tight-warehouse,fixed-allocation,reorder-point,overallFillRate,higher,-0.3887582849,0.01486345134,-0.3916394086,-0.3857997503,0,100,0,100
M7-tight-warehouse,fixed-allocation,reorder-point,essentialMedicineFillRate,higher,-0.4072141563,0.0234383746,-0.4119414769,-0.4026067633,0,100,0,100
M7-tight-warehouse,fixed-allocation,reorder-point,worstRegionEssentialFillRate,higher,-0.4214511687,0.0335334475,-0.4281598691,-0.4148446765,0,100,0,100
M7-tight-warehouse,fixed-allocation,reorder-point,regionalServiceGap,lower,0.07593773225,0.03529646422,0.06900160809,0.08322011466,99,1,0,100
M7-tight-warehouse,fixed-allocation,reorder-point,cumulativeUnmetDemand,lower,28845.39,1139.055092,28619.64,29068.19,100,0,0,100
M7-tight-warehouse,fixed-allocation,reorder-point,backlogArea,lower,392437.06,16123.85442,389340.09,395542.24,100,0,0,100
M7-tight-warehouse,fixed-allocation,reorder-point,stockoutIncidentRate,lower,0.3876348172,0.01133729136,0.3852896633,0.3899201802,100,0,0,100
M7-tight-warehouse,fixed-allocation,reorder-point,horizonEndUnmetRate,lower,0.05205684493,0.004060997716,0.05128250397,0.05287616594,100,0,0,100
M7-tight-warehouse,fixed-allocation,reorder-point,meanWaitingTime,lower,5.288827931,0.2070559277,5.248053955,5.329404877,100,0,0,100
M7-tight-warehouse,fixed-allocation,reorder-point,p95WaitingTime,lower,14.49,1.105495912,14.28,14.71,100,0,0,100
M7-tight-warehouse,fixed-allocation,reorder-point,recoveryTime90,lower,39.03,3.118711855,38.44,39.62,100,0,0,100
M7-tight-warehouse,fixed-allocation,reorder-point,recoveryTime95,lower,37.65,3.412321701,37,38.28,100,0,0,100
M7-tight-warehouse,fixed-allocation,reorder-point,recoveryTime99,lower,35.87,3.594763307,35.17,36.54,100,0,0,100
M7-tight-warehouse,fixed-allocation,reorder-point,serviceLossAUC,lower,48.21580624,2.710418078,47.67785654,48.76614135,100,0,0,100
M7-tight-warehouse,fixed-allocation,reorder-point,totalCost,lower,-66521.92128,3108.422345,-67155.16452,-65934.85494,0,100,0,100
M7-tight-warehouse,fixed-allocation,cost-first,overallFillRate,higher,-0.1811236648,0.01565174947,-0.1842117103,-0.1779382782,0,100,0,100
M7-tight-warehouse,fixed-allocation,cost-first,essentialMedicineFillRate,higher,-0.2208708985,0.02013543208,-0.2246563273,-0.2169617849,0,100,0,100
M7-tight-warehouse,fixed-allocation,cost-first,worstRegionEssentialFillRate,higher,-0.1558708417,0.02801164421,-0.161169631,-0.1503946136,0,100,0,100
M7-tight-warehouse,fixed-allocation,cost-first,regionalServiceGap,lower,-0.1888920924,0.02907097096,-0.1944752434,-0.1831680746,0,100,0,100
M7-tight-warehouse,fixed-allocation,cost-first,cumulativeUnmetDemand,lower,13437.61,1153.937404,13210.4,13668.05,100,0,0,100
M7-tight-warehouse,fixed-allocation,cost-first,backlogArea,lower,185577.65,14914.91446,182722.07,188657.48,100,0,0,100
M7-tight-warehouse,fixed-allocation,cost-first,stockoutIncidentRate,lower,0.2778296669,0.01252903735,0.2753392072,0.2803545398,100,0,0,100
M7-tight-warehouse,fixed-allocation,cost-first,horizonEndUnmetRate,lower,0.0518891269,0.003967778766,0.05112946867,0.05269009962,100,0,0,100
M7-tight-warehouse,fixed-allocation,cost-first,meanWaitingTime,lower,2.50121308,0.2008337701,2.463074681,2.542742067,100,0,0,100
M7-tight-warehouse,fixed-allocation,cost-first,p95WaitingTime,lower,3.51,1.150274451,3.29,3.74,100,0,0,100
M7-tight-warehouse,fixed-allocation,cost-first,recoveryTime90,lower,23.27,2.703738527,22.73,23.78,100,0,0,100
M7-tight-warehouse,fixed-allocation,cost-first,recoveryTime95,lower,21.66,2.930921874,21.09,22.22,100,0,0,100
M7-tight-warehouse,fixed-allocation,cost-first,recoveryTime99,lower,19.26,3.617075106,18.54,19.97,100,0,0,100
M7-tight-warehouse,fixed-allocation,cost-first,serviceLossAUC,lower,28.63046086,2.461916845,28.15315975,29.10149939,100,0,0,100
M7-tight-warehouse,fixed-allocation,cost-first,totalCost,lower,28915.02614,1524.513464,28631.24633,29207.02759,100,0,0,100
M7-tight-warehouse,fixed-allocation,equity-aware,overallFillRate,higher,-0.1805545448,0.01855326918,-0.1841986208,-0.1768752627,0,100,0,100
M7-tight-warehouse,fixed-allocation,equity-aware,essentialMedicineFillRate,higher,-0.2052622732,0.0202789821,-0.2092192391,-0.2013685838,0,100,0,100
M7-tight-warehouse,fixed-allocation,equity-aware,worstRegionEssentialFillRate,higher,-0.2387325418,0.02733060381,-0.2441086785,-0.2334628676,0,100,0,100
M7-tight-warehouse,fixed-allocation,equity-aware,regionalServiceGap,lower,0.2028710531,0.03296312943,0.1967730914,0.2094607867,100,0,0,100
M7-tight-warehouse,fixed-allocation,equity-aware,cumulativeUnmetDemand,lower,13395.07,1367.406653,13122.99,13663.18,100,0,0,100
M7-tight-warehouse,fixed-allocation,equity-aware,backlogArea,lower,283237.22,12449.70212,280945.09,285715.05,100,0,0,100
M7-tight-warehouse,fixed-allocation,equity-aware,stockoutIncidentRate,lower,0.07765833659,0.02165615106,0.07333883414,0.08176862014,100,0,0,100
M7-tight-warehouse,fixed-allocation,equity-aware,horizonEndUnmetRate,lower,0.05176448331,0.003989554374,0.05099581878,0.05257613203,100,0,0,100
M7-tight-warehouse,fixed-allocation,equity-aware,meanWaitingTime,lower,3.817523296,0.1693624354,3.786018428,3.851156431,100,0,0,100
M7-tight-warehouse,fixed-allocation,equity-aware,p95WaitingTime,lower,7.78,1.34524978,7.52,8.05,100,0,0,100
M7-tight-warehouse,fixed-allocation,equity-aware,recoveryTime90,lower,24.73,2.352110593,24.27,25.16,100,0,0,100
M7-tight-warehouse,fixed-allocation,equity-aware,recoveryTime95,lower,22.63,2.642523281,22.1,23.14,100,0,0,100
M7-tight-warehouse,fixed-allocation,equity-aware,recoveryTime99,lower,18.71,3.517043639,17.99,19.39,100,0,0,100
M7-tight-warehouse,fixed-allocation,equity-aware,serviceLossAUC,lower,26.70727349,2.495721936,26.21589439,27.19380863,100,0,0,100
M7-tight-warehouse,fixed-allocation,equity-aware,totalCost,lower,31092.20552,1381.113606,30831.47975,31358.60237,100,0,0,100
M7-tight-warehouse,fixed-allocation,equity-constrained-rolling-horizon,overallFillRate,higher,-0.1739847007,0.01503211344,-0.1768699056,-0.1710488137,0,100,0,100
M7-tight-warehouse,fixed-allocation,equity-constrained-rolling-horizon,essentialMedicineFillRate,higher,-0.2070813365,0.026282257,-0.2122107338,-0.2021660124,0,100,0,100
M7-tight-warehouse,fixed-allocation,equity-constrained-rolling-horizon,worstRegionEssentialFillRate,higher,-0.2558046966,0.02787754466,-0.2611627574,-0.2503919702,0,100,0,100
M7-tight-warehouse,fixed-allocation,equity-constrained-rolling-horizon,regionalServiceGap,lower,0.1754685356,0.04373494067,0.1671654391,0.1844733593,100,0,0,100
M7-tight-warehouse,fixed-allocation,equity-constrained-rolling-horizon,cumulativeUnmetDemand,lower,12907.42,1099.603172,12692.45,13118.36,100,0,0,100
M7-tight-warehouse,fixed-allocation,equity-constrained-rolling-horizon,backlogArea,lower,206129.69,14177.56148,203572.09,208938.63,100,0,0,100
M7-tight-warehouse,fixed-allocation,equity-constrained-rolling-horizon,stockoutIncidentRate,lower,0.237040803,0.01261794263,0.234566164,0.2394682366,100,0,0,100
M7-tight-warehouse,fixed-allocation,equity-constrained-rolling-horizon,horizonEndUnmetRate,lower,0.05185839013,0.003982321201,0.05109784791,0.05265985061,100,0,0,100
M7-tight-warehouse,fixed-allocation,equity-constrained-rolling-horizon,meanWaitingTime,lower,2.778136668,0.1897608433,2.744642682,2.816098342,100,0,0,100
M7-tight-warehouse,fixed-allocation,equity-constrained-rolling-horizon,p95WaitingTime,lower,3.77,1.170815135,3.56,4.01,100,0,0,100
M7-tight-warehouse,fixed-allocation,equity-constrained-rolling-horizon,recoveryTime90,lower,30.25,2.495956326,29.77,30.73,100,0,0,100
M7-tight-warehouse,fixed-allocation,equity-constrained-rolling-horizon,recoveryTime95,lower,27.36,2.414267357,26.9,27.84,100,0,0,100
M7-tight-warehouse,fixed-allocation,equity-constrained-rolling-horizon,recoveryTime99,lower,21.81,2.911818481,21.25,22.38,100,0,0,100
M7-tight-warehouse,fixed-allocation,equity-constrained-rolling-horizon,serviceLossAUC,lower,26.50335141,3.002998038,25.94219548,27.10136458,100,0,0,100
M7-tight-warehouse,fixed-allocation,equity-constrained-rolling-horizon,totalCost,lower,13806.77776,1955.469421,13418.48718,14177.85531,100,0,0,100
M7-tight-warehouse,reorder-point,cost-first,overallFillRate,higher,0.20763462,0.01579134649,0.20458256,0.21068447,100,0,0,100
M7-tight-warehouse,reorder-point,cost-first,essentialMedicineFillRate,higher,0.1863432578,0.02539138586,0.1814116577,0.1912545331,100,0,0,100
M7-tight-warehouse,reorder-point,cost-first,worstRegionEssentialFillRate,higher,0.265580327,0.03605606587,0.258558856,0.2724673539,100,0,0,100
M7-tight-warehouse,reorder-point,cost-first,regionalServiceGap,lower,-0.2648298246,0.03607990491,-0.2716978973,-0.2576806482,0,100,0,100
M7-tight-warehouse,reorder-point,cost-first,cumulativeUnmetDemand,lower,-15407.78,1201.716143,-15640.81,-15176.55,0,100,0,100
M7-tight-warehouse,reorder-point,cost-first,backlogArea,lower,-206859.41,17768.35614,-210265.23,-203342.59,0,100,0,100
M7-tight-warehouse,reorder-point,cost-first,stockoutIncidentRate,lower,-0.1098051503,0.007859475169,-0.1112838324,-0.1083074653,0,100,0,100
M7-tight-warehouse,reorder-point,cost-first,horizonEndUnmetRate,lower,-0.0001677180328,0.0003962262583,-0.0002542046025,-0.0001016245801,0,45,55,100
M7-tight-warehouse,reorder-point,cost-first,meanWaitingTime,lower,-2.787614851,0.2345715625,-2.832378264,-2.741217566,0,100,0,100
M7-tight-warehouse,reorder-point,cost-first,p95WaitingTime,lower,-10.98,0.984526754,-11.17,-10.79,0,100,0,100
M7-tight-warehouse,reorder-point,cost-first,recoveryTime90,lower,-15.76,2.90982314,-16.32,-15.18,0,100,0,100
M7-tight-warehouse,reorder-point,cost-first,recoveryTime95,lower,-15.99,3.295221517,-16.61,-15.32,0,100,0,100
M7-tight-warehouse,reorder-point,cost-first,recoveryTime99,lower,-16.61,3.792323453,-17.32,-15.83,0,100,0,100
M7-tight-warehouse,reorder-point,cost-first,serviceLossAUC,lower,-19.58534538,2.80366905,-20.1163414,-19.05475068,0,100,0,100
M7-tight-warehouse,reorder-point,cost-first,totalCost,lower,95436.94742,2436.925501,94979.6687,95918.27673,100,0,0,100
M7-tight-warehouse,reorder-point,equity-aware,overallFillRate,higher,0.2082037401,0.016088269,0.2052889979,0.2113010842,100,0,0,100
M7-tight-warehouse,reorder-point,equity-aware,essentialMedicineFillRate,higher,0.2019518831,0.02546789408,0.1969778468,0.2068767444,100,0,0,100
M7-tight-warehouse,reorder-point,equity-aware,worstRegionEssentialFillRate,higher,0.1827186268,0.03487780407,0.1762003736,0.1893768126,100,0,0,100
M7-tight-warehouse,reorder-point,equity-aware,regionalServiceGap,lower,0.1269333209,0.040888426,0.1195838561,0.134629615,99,1,0,100
M7-tight-warehouse,reorder-point,equity-aware,cumulativeUnmetDemand,lower,-15450.32,1228.155979,-15688.11,-15231.23,0,100,0,100
M7-tight-warehouse,reorder-point,equity-aware,backlogArea,lower,-109199.84,13302.53121,-111708.06,-106805.42,0,100,0,100
M7-tight-warehouse,reorder-point,equity-aware,stockoutIncidentRate,lower,-0.3099764806,0.01901940461,-0.3137087674,-0.3064390339,0,100,0,100
M7-tight-warehouse,reorder-point,equity-aware,horizonEndUnmetRate,lower,-0.0002923616202,0.0003802200185,-0.0003685730313,-0.0002170752268,0,79,21,100
M7-tight-warehouse,reorder-point,equity-aware,meanWaitingTime,lower,-1.471304635,0.1751977343,-1.504402462,-1.439168063,0,100,0,100
M7-tight-warehouse,reorder-point,equity-aware,p95WaitingTime,lower,-6.71,1.233333333,-6.94,-6.47,0,100,0,100
M7-tight-warehouse,reorder-point,equity-aware,recoveryTime90,lower,-14.3,2.783428596,-14.84,-13.74,0,100,0,100
M7-tight-warehouse,reorder-point,equity-aware,recoveryTime95,lower,-15.02,3.139774167,-15.62,-14.39,0,100,0,100
M7-tight-warehouse,reorder-point,equity-aware,recoveryTime99,lower,-17.16,3.907309907,-17.95,-16.4,0,100,0,100
M7-tight-warehouse,reorder-point,equity-aware,serviceLossAUC,lower,-21.50853275,2.863859078,-22.05896309,-20.94517331,0,100,0,100
M7-tight-warehouse,reorder-point,equity-aware,totalCost,lower,97614.12681,2598.854211,97122.71094,98121.62245,100,0,0,100
M7-tight-warehouse,reorder-point,equity-constrained-rolling-horizon,overallFillRate,higher,0.2147735842,0.01463492862,0.211863551,0.2176175049,100,0,0,100
M7-tight-warehouse,reorder-point,equity-constrained-rolling-horizon,essentialMedicineFillRate,higher,0.2001328198,0.02837463781,0.1945826194,0.2059165592,100,0,0,100
M7-tight-warehouse,reorder-point,equity-constrained-rolling-horizon,worstRegionEssentialFillRate,higher,0.1656464721,0.03521064145,0.1588141745,0.1725735871,100,0,0,100
M7-tight-warehouse,reorder-point,equity-constrained-rolling-horizon,regionalServiceGap,lower,0.09953080331,0.05057099685,0.08967054768,0.1096104271,98,2,0,100
M7-tight-warehouse,reorder-point,equity-constrained-rolling-horizon,cumulativeUnmetDemand,lower,-15937.97,1126.241299,-16157.26,-15716.68,0,100,0,100
M7-tight-warehouse,reorder-point,equity-constrained-rolling-horizon,backlogArea,lower,-186307.37,16932.57718,-189496.02,-183014.6,0,100,0,100
M7-tight-warehouse,reorder-point,equity-constrained-rolling-horizon,stockoutIncidentRate,lower,-0.1505940142,0.008871923743,-0.1522689451,-0.1488512935,0,100,0,100
M7-tight-warehouse,reorder-point,equity-constrained-rolling-horizon,horizonEndUnmetRate,lower,-0.0001984548027,0.000442134107,-0.0002883836156,-0.0001187921749,0,51,49,100
M7-tight-warehouse,reorder-point,equity-constrained-rolling-horizon,meanWaitingTime,lower,-2.510691263,0.2244970412,-2.552835614,-2.46647799,0,100,0,100
M7-tight-warehouse,reorder-point,equity-constrained-rolling-horizon,p95WaitingTime,lower,-10.72,1.035530411,-10.91,-10.52,0,100,0,100
M7-tight-warehouse,reorder-point,equity-constrained-rolling-horizon,recoveryTime90,lower,-8.78,2.488681449,-9.25,-8.29,0,100,0,100
M7-tight-warehouse,reorder-point,equity-constrained-rolling-horizon,recoveryTime95,lower,-10.29,2.931180339,-10.86,-9.7,0,100,0,100
M7-tight-warehouse,reorder-point,equity-constrained-rolling-horizon,recoveryTime99,lower,-14.06,3.215555625,-14.7,-13.39,0,100,0,100
M7-tight-warehouse,reorder-point,equity-constrained-rolling-horizon,serviceLossAUC,lower,-21.71245483,3.09803866,-22.33073418,-21.09900715,0,100,0,100
M7-tight-warehouse,reorder-point,equity-constrained-rolling-horizon,totalCost,lower,80328.69904,2355.355569,79861.90879,80813.71522,100,0,0,100
M7-tight-warehouse,cost-first,equity-aware,overallFillRate,higher,0.0005691200763,0.01472855971,-0.00228384189,0.003354328922,51,48,1,100
M7-tight-warehouse,cost-first,equity-aware,essentialMedicineFillRate,higher,0.01560862535,0.0196209645,0.01181883873,0.01924289053,77,23,0,100
M7-tight-warehouse,cost-first,equity-aware,worstRegionEssentialFillRate,higher,-0.08286170018,0.02811068217,-0.08845554869,-0.07763519992,0,100,0,100
M7-tight-warehouse,cost-first,equity-aware,regionalServiceGap,lower,0.3917631455,0.03565205309,0.385222538,0.3986127258,100,0,0,100
M7-tight-warehouse,cost-first,equity-aware,cumulativeUnmetDemand,lower,-42.54,1094.23353,-249.38,169.64,48,51,1,100
M7-tight-warehouse,cost-first,equity-aware,backlogArea,lower,97659.57,13054.95105,95081.8,100160.39,100,0,0,100
M7-tight-warehouse,cost-first,equity-aware,stockoutIncidentRate,lower,-0.2001713303,0.01807950073,-0.2036494599,-0.1966651832,0,100,0,100
M7-tight-warehouse,cost-first,equity-aware,horizonEndUnmetRate,lower,-0.0001246435875,0.000464388833,-0.0002140615891,-0.00003120758728,17,66,17,100
M7-tight-warehouse,cost-first,equity-aware,meanWaitingTime,lower,1.316310217,0.1763040014,1.281537705,1.349771659,100,0,0,100
M7-tight-warehouse,cost-first,equity-aware,p95WaitingTime,lower,4.27,1.135781669,4.05,4.49,100,0,0,100
M7-tight-warehouse,cost-first,equity-aware,recoveryTime90,lower,1.46,2.138724249,1.03,1.87,70,18,12,100
M7-tight-warehouse,cost-first,equity-aware,recoveryTime95,lower,0.97,2.363249774,0.5,1.42,59,27,14,100
M7-tight-warehouse,cost-first,equity-aware,recoveryTime99,lower,-0.55,3.508647326,-1.26,0.11,37,55,8,100
M7-tight-warehouse,cost-first,equity-aware,serviceLossAUC,lower,-1.923187365,2.232775553,-2.342166601,-1.494998937,24,76,0,100
M7-tight-warehouse,cost-first,equity-aware,totalCost,lower,2177.179385,1143.659436,1956.609653,2385.344464,98,2,0,100
M7-tight-warehouse,cost-first,equity-constrained-rolling-horizon,overallFillRate,higher,0.00713896413,0.01309114949,0.004604378573,0.009695886997,67,33,0,100
M7-tight-warehouse,cost-first,equity-constrained-rolling-horizon,essentialMedicineFillRate,higher,0.01378956207,0.02920204354,0.008224482324,0.01945363925,66,34,0,100
M7-tight-warehouse,cost-first,equity-constrained-rolling-horizon,worstRegionEssentialFillRate,higher,-0.09993385492,0.03284732434,-0.1063161001,-0.09343410346,0,100,0,100
M7-tight-warehouse,cost-first,equity-constrained-rolling-horizon,regionalServiceGap,lower,0.3643606279,0.047911396,0.3553285265,0.3740767263,100,0,0,100
M7-tight-warehouse,cost-first,equity-constrained-rolling-horizon,cumulativeUnmetDemand,lower,-530.19,970.4244796,-717.36,-340.15,33,67,0,100
M7-tight-warehouse,cost-first,equity-constrained-rolling-horizon,backlogArea,lower,20552.04,12721.54114,18204.06,23065.47,96,4,0,100
M7-tight-warehouse,cost-first,equity-constrained-rolling-horizon,stockoutIncidentRate,lower,-0.04078886395,0.008393801909,-0.04243569179,-0.03918439071,0,100,0,100
M7-tight-warehouse,cost-first,equity-constrained-rolling-horizon,horizonEndUnmetRate,lower,-0.00003073676994,0.0005002899683,-0.0001298346141,0.00006326306166,31,40,29,100
M7-tight-warehouse,cost-first,equity-constrained-rolling-horizon,meanWaitingTime,lower,0.276923588,0.1711917814,0.2455530708,0.3107399557,96,4,0,100
M7-tight-warehouse,cost-first,equity-constrained-rolling-horizon,p95WaitingTime,lower,0.26,0.8482900209,0.11,0.43,40,20,40,100
M7-tight-warehouse,cost-first,equity-constrained-rolling-horizon,recoveryTime90,lower,6.98,2.386747925,6.51,7.47,100,0,0,100
M7-tight-warehouse,cost-first,equity-constrained-rolling-horizon,recoveryTime95,lower,5.7,2.54455251,5.21,6.21,99,0,1,100
M7-tight-warehouse,cost-first,equity-constrained-rolling-horizon,recoveryTime99,lower,2.55,3.163475266,1.91,3.16,76,17,7,100
M7-tight-warehouse,cost-first,equity-constrained-rolling-horizon,serviceLossAUC,lower,-2.127109447,3.176753135,-2.740496763,-1.51738263,25,75,0,100
M7-tight-warehouse,cost-first,equity-constrained-rolling-horizon,totalCost,lower,-15108.24838,1424.161393,-15389.69059,-14837.21488,0,100,0,100
M7-tight-warehouse,equity-aware,equity-constrained-rolling-horizon,overallFillRate,higher,0.006569844054,0.01514906134,0.003665037138,0.009433823965,62,38,0,100
M7-tight-warehouse,equity-aware,equity-constrained-rolling-horizon,essentialMedicineFillRate,higher,-0.001819063284,0.02538469526,-0.006892940085,0.002979461239,45,55,0,100
M7-tight-warehouse,equity-aware,equity-constrained-rolling-horizon,worstRegionEssentialFillRate,higher,-0.01707215474,0.03021505918,-0.02315815535,-0.01127034448,30,70,0,100
M7-tight-warehouse,equity-aware,equity-constrained-rolling-horizon,regionalServiceGap,lower,-0.02740251758,0.04150983853,-0.03541223745,-0.01922920762,25,75,0,100
M7-tight-warehouse,equity-aware,equity-constrained-rolling-horizon,cumulativeUnmetDemand,lower,-487.65,1122.737891,-698.7,-271.37,38,62,0,100
M7-tight-warehouse,equity-aware,equity-constrained-rolling-horizon,backlogArea,lower,-77107.53,13122.57582,-79499.78,-74551.05,0,100,0,100
M7-tight-warehouse,equity-aware,equity-constrained-rolling-horizon,stockoutIncidentRate,lower,0.1593824664,0.01775494241,0.155896723,0.1627793273,100,0,0,100
M7-tight-warehouse,equity-aware,equity-constrained-rolling-horizon,horizonEndUnmetRate,lower,0.00009390681752,0.0004649168383,0.00000331452067,0.0001884962424,66,24,10,100
M7-tight-warehouse,equity-aware,equity-constrained-rolling-horizon,meanWaitingTime,lower,-1.039386629,0.1778671846,-1.072192373,-1.004714079,0,100,0,100
M7-tight-warehouse,equity-aware,equity-constrained-rolling-horizon,p95WaitingTime,lower,-4.01,1.159022577,-4.23,-3.78,0,100,0,100
M7-tight-warehouse,equity-aware,equity-constrained-rolling-horizon,recoveryTime90,lower,5.52,1.940946348,5.14,5.89,100,0,0,100
M7-tight-warehouse,equity-aware,equity-constrained-rolling-horizon,recoveryTime95,lower,4.73,2.224087601,4.3,5.16,100,0,0,100
M7-tight-warehouse,equity-aware,equity-constrained-rolling-horizon,recoveryTime99,lower,3.1,3.167065366,2.46,3.74,76,9,15,100
M7-tight-warehouse,equity-aware,equity-constrained-rolling-horizon,serviceLossAUC,lower,-0.2039220822,2.723740821,-0.7136147283,0.3455551304,47,53,0,100
M7-tight-warehouse,equity-aware,equity-constrained-rolling-horizon,totalCost,lower,-17285.42776,1448.338131,-17569.91169,-17011.01591,0,100,0,100
M8-tight-transport,fixed-allocation,reorder-point,overallFillRate,higher,-0.2634797918,0.01506177729,-0.2664185187,-0.2604949964,0,100,0,100
M8-tight-transport,fixed-allocation,reorder-point,essentialMedicineFillRate,higher,-0.3130604061,0.04139252822,-0.3210711816,-0.3050920947,0,100,0,100
M8-tight-transport,fixed-allocation,reorder-point,worstRegionEssentialFillRate,higher,-0.1008330094,0.02934846281,-0.1070154355,-0.09534191286,0,100,0,100
M8-tight-transport,fixed-allocation,reorder-point,regionalServiceGap,lower,-0.269983846,0.03029090479,-0.2757337844,-0.2636295801,0,100,0,100
M8-tight-transport,fixed-allocation,reorder-point,cumulativeUnmetDemand,lower,19548.74,1114.749731,19324.8,19771.14,100,0,0,100
M8-tight-transport,fixed-allocation,reorder-point,backlogArea,lower,581979.48,17387.16564,578600.76,585294.9,100,0,0,100
M8-tight-transport,fixed-allocation,reorder-point,stockoutIncidentRate,lower,0.2640724452,0.009535226522,0.2621795243,0.2659229583,100,0,0,100
M8-tight-transport,fixed-allocation,reorder-point,horizonEndUnmetRate,lower,0.1465040555,0.003354982552,0.1458512954,0.1471841486,100,0,0,100
M8-tight-transport,fixed-allocation,reorder-point,meanWaitingTime,lower,7.843058425,0.2042602943,7.801951551,7.882366008,100,0,0,100
M8-tight-transport,fixed-allocation,reorder-point,p95WaitingTime,lower,19.88,1.249484742,19.63,20.13,100,0,0,100
M8-tight-transport,fixed-allocation,reorder-point,recoveryTime90,lower,0.01,0.1,0,0.03,1,0,99,100
M8-tight-transport,fixed-allocation,reorder-point,recoveryTime95,lower,0,0,0,0,0,0,100,100
M8-tight-transport,fixed-allocation,reorder-point,recoveryTime99,lower,0,0,0,0,0,0,100,100
M8-tight-transport,fixed-allocation,reorder-point,serviceLossAUC,lower,36.2318692,4.719683467,35.31876449,37.15613704,100,0,0,100
M8-tight-transport,fixed-allocation,reorder-point,totalCost,lower,-92099.10051,1624.048042,-92415.30782,-91785.28348,0,100,0,100
M8-tight-transport,fixed-allocation,cost-first,overallFillRate,higher,-0.3657790257,0.009207000875,-0.3675634434,-0.3639732746,0,100,0,100
M8-tight-transport,fixed-allocation,cost-first,essentialMedicineFillRate,higher,-0.6291308667,0.005003272681,-0.6301160039,-0.6281750539,0,100,0,100
M8-tight-transport,fixed-allocation,cost-first,worstRegionEssentialFillRate,higher,-0.6933470221,0.01364004423,-0.6961640147,-0.6907214132,0,100,0,100
M8-tight-transport,fixed-allocation,cost-first,regionalServiceGap,lower,0.3195040523,0.01534202397,0.3166391256,0.3226041064,100,0,0,100
M8-tight-transport,fixed-allocation,cost-first,cumulativeUnmetDemand,lower,27141.61,776.3847049,26988.79,27291.33,100,0,0,100
M8-tight-transport,fixed-allocation,cost-first,backlogArea,lower,255064.56,18784.82676,251340.56,258604.51,100,0,0,100
M8-tight-transport,fixed-allocation,cost-first,stockoutIncidentRate,lower,0.3433123108,0.005846471882,0.3421956139,0.3444993023,100,0,0,100
M8-tight-transport,fixed-allocation,cost-first,horizonEndUnmetRate,lower,0.09540310218,0.004329843817,0.0945394684,0.09618345073,100,0,0,100
M8-tight-transport,fixed-allocation,cost-first,meanWaitingTime,lower,3.436446355,0.2347275917,3.389575538,3.480855763,100,0,0,100
M8-tight-transport,fixed-allocation,cost-first,p95WaitingTime,lower,-17.91,2.015570701,-18.31,-17.51,0,100,0,100
M8-tight-transport,fixed-allocation,cost-first,recoveryTime90,lower,60,0,60,60,100,0,0,100
M8-tight-transport,fixed-allocation,cost-first,recoveryTime95,lower,59.89,0.8027100562,59.68,60,100,0,0,100
M8-tight-transport,fixed-allocation,cost-first,recoveryTime99,lower,59.83,1.214849203,59.53,60,100,0,0,100
M8-tight-transport,fixed-allocation,cost-first,serviceLossAUC,lower,73.18721588,0.4822445015,73.09241433,73.28190137,100,0,0,100
M8-tight-transport,fixed-allocation,cost-first,totalCost,lower,23319.51261,1197.370971,23098.71773,23542.75525,100,0,0,100
M8-tight-transport,fixed-allocation,equity-aware,overallFillRate,higher,-0.282049491,0.00850013475,-0.2837265839,-0.2803622825,0,100,0,100
M8-tight-transport,fixed-allocation,equity-aware,essentialMedicineFillRate,higher,-0.5978551067,0.00612373523,-0.5990580398,-0.5966314544,0,100,0,100
M8-tight-transport,fixed-allocation,equity-aware,worstRegionEssentialFillRate,higher,-0.560601327,0.02240400729,-0.5650188646,-0.5560917942,0,100,0,100
M8-tight-transport,fixed-allocation,equity-aware,regionalServiceGap,lower,0.1915004221,0.02348450436,0.1869062167,0.1961556705,100,0,0,100
M8-tight-transport,fixed-allocation,equity-aware,cumulativeUnmetDemand,lower,20929.48,715.8427326,20786.82,21071.44,100,0,0,100
M8-tight-transport,fixed-allocation,equity-aware,backlogArea,lower,426468.52,17575.22322,423128.6,429860.24,100,0,0,100
M8-tight-transport,fixed-allocation,equity-aware,stockoutIncidentRate,lower,0.1052958496,0.008147927913,0.1036806884,0.1068862049,100,0,0,100
M8-tight-transport,fixed-allocation,equity-aware,horizonEndUnmetRate,lower,0.1233793391,0.005785562468,0.1222528679,0.1244996521,100,0,0,100
M8-tight-transport,fixed-allocation,equity-aware,meanWaitingTime,lower,5.746710892,0.2051876732,5.70743175,5.78608656,100,0,0,100
M8-tight-transport,fixed-allocation,equity-aware,p95WaitingTime,lower,9.24,1.129226069,9.02,9.46,100,0,0,100
M8-tight-transport,fixed-allocation,equity-aware,recoveryTime90,lower,27.75,21.66847312,23.58,32.09,98,0,2,100
M8-tight-transport,fixed-allocation,equity-aware,recoveryTime95,lower,21.76,20.4688085,17.77,25.81,97,0,3,100
M8-tight-transport,fixed-allocation,equity-aware,recoveryTime99,lower,16.4,20.27736958,12.42,20.52,85,0,15,100
M8-tight-transport,fixed-allocation,equity-aware,serviceLossAUC,lower,69.73496236,0.7303995969,69.5905386,69.87412264,100,0,0,100
M8-tight-transport,fixed-allocation,equity-aware,totalCost,lower,29422.06424,1452.981136,29139.31055,29698.53621,100,0,0,100
M8-tight-transport,fixed-allocation,equity-constrained-rolling-horizon,overallFillRate,higher,-0.3671748265,0.009418567466,-0.3690036202,-0.3652942077,0,100,0,100
M8-tight-transport,fixed-allocation,equity-constrained-rolling-horizon,essentialMedicineFillRate,higher,-0.6318830578,0.004070285953,-0.6326965536,-0.6310828399,0,100,0,100
M8-tight-transport,fixed-allocation,equity-constrained-rolling-horizon,worstRegionEssentialFillRate,higher,-0.7012852572,0.01346125128,-0.7038898323,-0.6985615766,0,100,0,100
M8-tight-transport,fixed-allocation,equity-constrained-rolling-horizon,regionalServiceGap,lower,0.3274003741,0.015288195,0.3245296529,0.330423893,100,0,0,100
M8-tight-transport,fixed-allocation,equity-constrained-rolling-horizon,cumulativeUnmetDemand,lower,27244.9,780.4898682,27090.7,27399.17,100,0,0,100
M8-tight-transport,fixed-allocation,equity-constrained-rolling-horizon,backlogArea,lower,251144.12,21831.92393,246932.73,255368.01,100,0,0,100
M8-tight-transport,fixed-allocation,equity-constrained-rolling-horizon,stockoutIncidentRate,lower,0.3181624632,0.00681800093,0.3167953975,0.3195193167,100,0,0,100
M8-tight-transport,fixed-allocation,equity-constrained-rolling-horizon,horizonEndUnmetRate,lower,0.09590419954,0.004621008234,0.09501821496,0.09682094381,100,0,0,100
M8-tight-transport,fixed-allocation,equity-constrained-rolling-horizon,meanWaitingTime,lower,3.38376659,0.2809977071,3.329946555,3.437636524,100,0,0,100
M8-tight-transport,fixed-allocation,equity-constrained-rolling-horizon,p95WaitingTime,lower,-16.67,2.278822131,-17.12,-16.22,0,100,0,100
M8-tight-transport,fixed-allocation,equity-constrained-rolling-horizon,recoveryTime90,lower,60,0,60,60,100,0,0,100
M8-tight-transport,fixed-allocation,equity-constrained-rolling-horizon,recoveryTime95,lower,60,0,60,60,100,0,0,100
M8-tight-transport,fixed-allocation,equity-constrained-rolling-horizon,recoveryTime99,lower,60,0,60,60,100,0,0,100
M8-tight-transport,fixed-allocation,equity-constrained-rolling-horizon,serviceLossAUC,lower,73.42456312,0.4110069356,73.34502778,73.50796854,100,0,0,100
M8-tight-transport,fixed-allocation,equity-constrained-rolling-horizon,totalCost,lower,22366.64352,1363.930953,22106.74551,22634.35945,100,0,0,100
M8-tight-transport,reorder-point,cost-first,overallFillRate,higher,-0.1022992339,0.01676929198,-0.105621687,-0.09900740972,0,100,0,100
M8-tight-transport,reorder-point,cost-first,essentialMedicineFillRate,higher,-0.3160704606,0.04236212449,-0.3243137564,-0.307675895,0,100,0,100
M8-tight-transport,reorder-point,cost-first,worstRegionEssentialFillRate,higher,-0.5925140127,0.03246669371,-0.5985593263,-0.585927162,0,100,0,100
M8-tight-transport,reorder-point,cost-first,regionalServiceGap,lower,0.5894878983,0.03238517131,0.5829347254,0.5955863799,100,0,0,100
M8-tight-transport,reorder-point,cost-first,cumulativeUnmetDemand,lower,7592.87,1261.68497,7344.85,7844.14,100,0,0,100
M8-tight-transport,reorder-point,cost-first,backlogArea,lower,-326914.92,14992.05976,-329953.06,-323690.97,0,100,0,100
M8-tight-transport,reorder-point,cost-first,stockoutIncidentRate,lower,0.07923986567,0.01029079644,0.07731201427,0.08132395418,100,0,0,100
M8-tight-transport,reorder-point,cost-first,horizonEndUnmetRate,lower,-0.05110095336,0.003711811949,-0.05181246938,-0.05036054628,0,100,0,100
M8-tight-transport,reorder-point,cost-first,meanWaitingTime,lower,-4.40661207,0.2122804892,-4.449615745,-4.362257226,0,100,0,100
M8-tight-transport,reorder-point,cost-first,p95WaitingTime,lower,-37.79,2.123913864,-38.21,-37.36,0,100,0,100
M8-tight-transport,reorder-point,cost-first,recoveryTime90,lower,59.99,0.1,59.97,60,100,0,0,100
M8-tight-transport,reorder-point,cost-first,recoveryTime95,lower,59.89,0.8027100562,59.68,60,100,0,0,100
M8-tight-transport,reorder-point,cost-first,recoveryTime99,lower,59.83,1.214849203,59.53,60,100,0,0,100
M8-tight-transport,reorder-point,cost-first,serviceLossAUC,lower,36.95534668,4.774219384,36.02709599,37.89251547,100,0,0,100
M8-tight-transport,reorder-point,cost-first,totalCost,lower,115418.6131,1617.839831,115100.2781,115715.2738,100,0,0,100
M8-tight-transport,reorder-point,equity-aware,overallFillRate,higher,-0.01856969922,0.01627866267,-0.02180106148,-0.01545032557,9,91,0,100
M8-tight-transport,reorder-point,equity-aware,essentialMedicineFillRate,higher,-0.2847947006,0.04208581083,-0.2930926058,-0.2765607109,0,100,0,100
M8-tight-transport,reorder-point,equity-aware,worstRegionEssentialFillRate,higher,-0.4597683176,0.03870433665,-0.4673487763,-0.4521268648,0,100,0,100
M8-tight-transport,reorder-point,equity-aware,regionalServiceGap,lower,0.4614842681,0.03889334129,0.4537028751,0.4691993943,100,0,0,100
M8-tight-transport,reorder-point,equity-aware,cumulativeUnmetDemand,lower,1380.74,1214.755574,1148.39,1621.1,91,9,0,100
M8-tight-transport,reorder-point,equity-aware,backlogArea,lower,-155510.96,13948.32288,-158220.91,-152725.49,0,100,0,100
M8-tight-transport,reorder-point,equity-aware,stockoutIncidentRate,lower,-0.1587765955,0.01146646126,-0.1610413126,-0.1565470951,0,100,0,100
M8-tight-transport,reorder-point,equity-aware,horizonEndUnmetRate,lower,-0.02312471649,0.005396537083,-0.02419777175,-0.02207017145,0,100,0,100
M8-tight-transport,reorder-point,equity-aware,meanWaitingTime,lower,-2.096347533,0.1922506234,-2.133314446,-2.057853353,0,100,0,100
M8-tight-transport,reorder-point,equity-aware,p95WaitingTime,lower,-10.64,1.243325615,-10.88,-10.39,0,100,0,100
M8-tight-transport,reorder-point,equity-aware,recoveryTime90,lower,27.74,21.67557859,23.57,32.08,98,0,2,100
M8-tight-transport,reorder-point,equity-aware,recoveryTime95,lower,21.76,20.4688085,17.77,25.81,97,0,3,100
M8-tight-transport,reorder-point,equity-aware,recoveryTime99,lower,16.4,20.27736958,12.42,20.52,85,0,15,100
M8-tight-transport,reorder-point,equity-aware,serviceLossAUC,lower,33.50309317,4.729295543,32.59138504,34.44778592,100,0,0,100
M8-tight-transport,reorder-point,equity-aware,totalCost,lower,121521.1647,1864.705003,121149.9192,121858.888,100,0,0,100
M8-tight-transport,reorder-point,equity-constrained-rolling-horizon,overallFillRate,higher,-0.1036950347,0.01735564592,-0.1071083728,-0.1004017712,0,100,0,100
M8-tight-transport,reorder-point,equity-constrained-rolling-horizon,essentialMedicineFillRate,higher,-0.3188226517,0.04191625753,-0.3269316733,-0.3105032701,0,100,0,100
M8-tight-transport,reorder-point,equity-constrained-rolling-horizon,worstRegionEssentialFillRate,higher,-0.6004522477,0.03262950433,-0.6065189885,-0.5937230373,0,100,0,100
M8-tight-transport,reorder-point,equity-constrained-rolling-horizon,regionalServiceGap,lower,0.5973842201,0.03244163025,0.5907672299,0.6036735346,100,0,0,100
M8-tight-transport,reorder-point,equity-constrained-rolling-horizon,cumulativeUnmetDemand,lower,7696.16,1303.621907,7451.84,7955.65,100,0,0,100
M8-tight-transport,reorder-point,equity-constrained-rolling-horizon,backlogArea,lower,-330835.36,18780.4875,-334519.62,-327005.63,0,100,0,100
M8-tight-transport,reorder-point,equity-constrained-rolling-horizon,stockoutIncidentRate,lower,0.05409001804,0.01112634163,0.05198824934,0.05626893636,100,0,0,100
M8-tight-transport,reorder-point,equity-constrained-rolling-horizon,horizonEndUnmetRate,lower,-0.05059985601,0.003787454822,-0.05134910289,-0.04984588523,0,100,0,100
M8-tight-transport,reorder-point,equity-constrained-rolling-horizon,meanWaitingTime,lower,-4.459291835,0.2590173532,-4.508917212,-4.406263492,0,100,0,100
M8-tight-transport,reorder-point,equity-constrained-rolling-horizon,p95WaitingTime,lower,-36.55,2.289082565,-37,-36.1,0,100,0,100
M8-tight-transport,reorder-point,equity-constrained-rolling-horizon,recoveryTime90,lower,59.99,0.1,59.97,60,100,0,0,100
M8-tight-transport,reorder-point,equity-constrained-rolling-horizon,recoveryTime95,lower,60,0,60,60,100,0,0,100
M8-tight-transport,reorder-point,equity-constrained-rolling-horizon,recoveryTime99,lower,60,0,60,60,100,0,0,100
M8-tight-transport,reorder-point,equity-constrained-rolling-horizon,serviceLossAUC,lower,37.19269392,4.735002856,36.27749064,38.12561493,100,0,0,100
M8-tight-transport,reorder-point,equity-constrained-rolling-horizon,totalCost,lower,114465.744,1670.962715,114131.7424,114781.5822,100,0,0,100
M8-tight-transport,cost-first,equity-aware,overallFillRate,higher,0.08372953468,0.01130811107,0.08148200897,0.08603652697,100,0,0,100
M8-tight-transport,cost-first,equity-aware,essentialMedicineFillRate,higher,0.03127575994,0.005557228317,0.03015350408,0.03238420085,100,0,0,100
M8-tight-transport,cost-first,equity-aware,worstRegionEssentialFillRate,higher,0.1327456952,0.02274608491,0.1281697079,0.1370901131,100,0,0,100
M8-tight-transport,cost-first,equity-aware,regionalServiceGap,lower,-0.1280036302,0.0222307262,-0.1322750556,-0.1233995988,0,100,0,100
M8-tight-transport,cost-first,equity-aware,cumulativeUnmetDemand,lower,-6212.13,837.1559798,-6381.05,-6042.77,0,100,0,100
M8-tight-transport,cost-first,equity-aware,backlogArea,lower,171403.96,10973.15386,169250.26,173646.21,100,0,0,100
M8-tight-transport,cost-first,equity-aware,stockoutIncidentRate,lower,-0.2380164612,0.01034218809,-0.2401019645,-0.2360021712,0,100,0,100
M8-tight-transport,cost-first,equity-aware,horizonEndUnmetRate,lower,0.02797623687,0.005912157092,0.02674686201,0.02905924977,100,0,0,100
M8-tight-transport,cost-first,equity-aware,meanWaitingTime,lower,2.310264537,0.1495476863,2.280483944,2.340452479,100,0,0,100
M8-tight-transport,cost-first,equity-aware,p95WaitingTime,lower,27.15,1.816729218,26.79,27.5,100,0,0,100
M8-tight-transport,cost-first,equity-aware,recoveryTime90,lower,-32.25,21.66847312,-36.42,-27.91,0,75,25,100
M8-tight-transport,cost-first,equity-aware,recoveryTime95,lower,-38.13,20.58127765,-42.14,-34.07,1,84,15,100
M8-tight-transport,cost-first,equity-aware,recoveryTime99,lower,-43.43,20.47282259,-47.48,-39.27,1,94,5,100
M8-tight-transport,cost-first,equity-aware,serviceLossAUC,lower,-3.452253516,0.6697907521,-3.586875984,-3.322842455,0,100,0,100
M8-tight-transport,cost-first,equity-aware,totalCost,lower,6102.551627,868.2106481,5943.541461,6271.197234,100,0,0,100
M8-tight-transport,cost-first,equity-constrained-rolling-horizon,overallFillRate,higher,-0.001395800803,0.009869574259,-0.003329954788,0.0004997362835,42,58,0,100
M8-tight-transport,cost-first,equity-constrained-rolling-horizon,essentialMedicineFillRate,higher,-0.002752191169,0.002274130034,-0.003189094075,-0.002319606108,0,99,1,100
M8-tight-transport,cost-first,equity-constrained-rolling-horizon,worstRegionEssentialFillRate,higher,-0.007938235012,0.006870126862,-0.00927512886,-0.006545211783,0,87,13,100
M8-tight-transport,cost-first,equity-constrained-rolling-horizon,regionalServiceGap,lower,0.007896321749,0.006860084002,0.006516943565,0.009238529878,86,1,13,100
M8-tight-transport,cost-first,equity-constrained-rolling-horizon,cumulativeUnmetDemand,lower,103.29,731.7800533,-36.25,247.27,58,42,0,100
M8-tight-transport,cost-first,equity-constrained-rolling-horizon,backlogArea,lower,-3920.44,13850.45995,-6598.38,-1178.74,35,65,0,100
M8-tight-transport,cost-first,equity-constrained-rolling-horizon,stockoutIncidentRate,lower,-0.02514984764,0.005506013258,-0.02625663078,-0.0240585932,0,100,0,100
M8-tight-transport,cost-first,equity-constrained-rolling-horizon,horizonEndUnmetRate,lower,0.0005010973552,0.004002159674,-0.0002679702265,0.001295841411,54,45,1,100
M8-tight-transport,cost-first,equity-constrained-rolling-horizon,meanWaitingTime,lower,-0.05267976493,0.1867317745,-0.08886269282,-0.01564498133,35,65,0,100
M8-tight-transport,cost-first,equity-constrained-rolling-horizon,p95WaitingTime,lower,1.24,1.694435337,0.9,1.57,67,14,19,100
M8-tight-transport,cost-first,equity-constrained-rolling-horizon,recoveryTime90,lower,0,0,0,0,0,0,100,100
M8-tight-transport,cost-first,equity-constrained-rolling-horizon,recoveryTime95,lower,0.11,0.8027100562,0,0.32,2,0,98,100
M8-tight-transport,cost-first,equity-constrained-rolling-horizon,recoveryTime99,lower,0.17,1.214849203,0,0.47,2,0,98,100
M8-tight-transport,cost-first,equity-constrained-rolling-horizon,serviceLossAUC,lower,0.237347237,0.2032244602,0.1994237056,0.2775404476,99,0,1,100
M8-tight-transport,cost-first,equity-constrained-rolling-horizon,totalCost,lower,-952.8690888,681.1051362,-1085.436878,-820.0750112,5,95,0,100
M8-tight-transport,equity-aware,equity-constrained-rolling-horizon,overallFillRate,higher,-0.08512533548,0.0119250939,-0.08762128375,-0.08270456966,0,100,0,100
M8-tight-transport,equity-aware,equity-constrained-rolling-horizon,essentialMedicineFillRate,higher,-0.0340279511,0.004977547816,-0.0350006876,-0.03305465802,0,100,0,100
M8-tight-transport,equity-aware,equity-constrained-rolling-horizon,worstRegionEssentialFillRate,higher,-0.1406839302,0.02358283902,-0.1453304447,-0.1359347692,0,100,0,100
M8-tight-transport,equity-aware,equity-constrained-rolling-horizon,regionalServiceGap,lower,0.135899952,0.02280213714,0.131316004,0.1403197806,100,0,0,100
M8-tight-transport,equity-aware,equity-constrained-rolling-horizon,cumulativeUnmetDemand,lower,6315.42,879.460213,6141.61,6504.97,100,0,0,100
M8-tight-transport,equity-aware,equity-constrained-rolling-horizon,backlogArea,lower,-175324.4,15248.10053,-178383.23,-172176.82,0,100,0,100
M8-tight-transport,equity-aware,equity-constrained-rolling-horizon,stockoutIncidentRate,lower,0.2128666136,0.01024156276,0.2109503644,0.2149657414,100,0,0,100
M8-tight-transport,equity-aware,equity-constrained-rolling-horizon,horizonEndUnmetRate,lower,-0.02747513952,0.006300916011,-0.02871653592,-0.026141196,0,100,0,100
M8-tight-transport,equity-aware,equity-constrained-rolling-horizon,meanWaitingTime,lower,-2.362944302,0.204975936,-2.403954433,-2.32038003,0,100,0,100
M8-tight-transport,equity-aware,equity-constrained-rolling-horizon,p95WaitingTime,lower,-25.91,1.97507192,-26.28,-25.52,0,100,0,100
M8-tight-transport,equity-aware,equity-constrained-rolling-horizon,recoveryTime90,lower,32.25,21.66847312,27.92,36.46,75,0,25,100
M8-tight-transport,equity-aware,equity-constrained-rolling-horizon,recoveryTime95,lower,38.24,20.4688085,34.19,42.24,84,0,16,100
M8-tight-transport,equity-aware,equity-constrained-rolling-horizon,recoveryTime99,lower,43.6,20.27736958,39.49,47.62,94,0,6,100
M8-tight-transport,equity-aware,equity-constrained-rolling-horizon,serviceLossAUC,lower,3.689600753,0.6339400946,3.569293562,3.815827953,100,0,0,100
M8-tight-transport,equity-aware,equity-constrained-rolling-horizon,totalCost,lower,-7055.420716,932.8108433,-7243.413235,-6871.983379,0,100,0,100
M9-extreme,fixed-allocation,reorder-point,overallFillRate,higher,-0.1789752702,0.003922907675,-0.1797277569,-0.1781938899,0,100,0,100
M9-extreme,fixed-allocation,reorder-point,essentialMedicineFillRate,higher,-0.1751206725,0.006707060975,-0.1764661,-0.1738755214,0,100,0,100
M9-extreme,fixed-allocation,reorder-point,worstRegionEssentialFillRate,higher,-0.02575215514,0.006290387927,-0.02699165828,-0.02456876926,0,100,0,100
M9-extreme,fixed-allocation,reorder-point,regionalServiceGap,lower,-0.4793898596,0.01393209742,-0.4819996456,-0.476530997,0,100,0,100
M9-extreme,fixed-allocation,reorder-point,cumulativeUnmetDemand,lower,15012.66,358.0963196,14940.18,15079.2,100,0,0,100
M9-extreme,fixed-allocation,reorder-point,backlogArea,lower,421274.94,15441.80262,418205.76,424215.14,100,0,0,100
M9-extreme,fixed-allocation,reorder-point,stockoutIncidentRate,lower,0.3139678696,0.00598881859,0.3127428118,0.3150920998,100,0,0,100
M9-extreme,fixed-allocation,reorder-point,horizonEndUnmetRate,lower,0.1112037093,0.002803329963,0.1106230423,0.1117389377,100,0,0,100
M9-extreme,fixed-allocation,reorder-point,meanWaitingTime,lower,5.021773092,0.1626734493,4.988159253,5.052831185,100,0,0,100
M9-extreme,fixed-allocation,reorder-point,p95WaitingTime,lower,12.61,0.941683427,12.42,12.8,100,0,0,100
M9-extreme,fixed-allocation,reorder-point,recoveryTime90,lower,0,0,0,0,0,0,100,100
M9-extreme,fixed-allocation,reorder-point,recoveryTime95,lower,0,0,0,0,0,0,100,100
M9-extreme,fixed-allocation,reorder-point,recoveryTime99,lower,0,0,0,0,0,0,100,100
M9-extreme,fixed-allocation,reorder-point,serviceLossAUC,lower,17.6954682,0.7159060003,17.55422045,17.83797726,100,0,0,100
M9-extreme,fixed-allocation,reorder-point,totalCost,lower,-97791.46217,1448.788408,-98071.60114,-97507.36863,0,100,0,100
M9-extreme,fixed-allocation,cost-first,overallFillRate,higher,-0.1855314008,0.005182502034,-0.186580741,-0.1844921948,0,100,0,100
M9-extreme,fixed-allocation,cost-first,essentialMedicineFillRate,higher,-0.3118464555,0.009710879688,-0.3136736157,-0.3099626829,0,100,0,100
M9-extreme,fixed-allocation,cost-first,worstRegionEssentialFillRate,higher,-0.2330630115,0.01372893303,-0.2356440458,-0.2303583857,0,100,0,100
M9-extreme,fixed-allocation,cost-first,regionalServiceGap,lower,-0.2584503958,0.01986831026,-0.2621391556,-0.2545771436,0,100,0,100
M9-extreme,fixed-allocation,cost-first,cumulativeUnmetDemand,lower,15562.54,457.3836093,15473.33,15654.04,100,0,0,100
M9-extreme,fixed-allocation,cost-first,backlogArea,lower,157790.7,19541.18858,153891.18,161852.06,100,0,0,100
M9-extreme,fixed-allocation,cost-first,stockoutIncidentRate,lower,0.2685545926,0.006590016586,0.2672631585,0.2698095715,100,0,0,100
M9-extreme,fixed-allocation,cost-first,horizonEndUnmetRate,lower,0.05997875433,0.004462720889,0.05911721203,0.06093189822,100,0,0,100
M9-extreme,fixed-allocation,cost-first,meanWaitingTime,lower,1.88088237,0.2300843689,1.834976546,1.928548573,100,0,0,100
M9-extreme,fixed-allocation,cost-first,p95WaitingTime,lower,-21.54,1.038841624,-21.74,-21.33,0,100,0,100
M9-extreme,fixed-allocation,cost-first,recoveryTime90,lower,27.05,1.53987406,26.74,27.33,100,0,0,100
M9-extreme,fixed-allocation,cost-first,recoveryTime95,lower,26.12,1.584521086,25.8,26.4,100,0,0,100
M9-extreme,fixed-allocation,cost-first,recoveryTime99,lower,24.85,1.765980427,24.49,25.18,100,0,0,100
M9-extreme,fixed-allocation,cost-first,serviceLossAUC,lower,40.36508634,1.115766123,40.14510354,40.57691067,100,0,0,100
M9-extreme,fixed-allocation,cost-first,totalCost,lower,16243.63766,1093.454444,16024.67596,16455.21062,100,0,0,100
M9-extreme,fixed-allocation,equity-aware,overallFillRate,higher,-0.07431546638,0.007699635489,-0.07586739283,-0.0728512762,0,100,0,100
M9-extreme,fixed-allocation,equity-aware,essentialMedicineFillRate,higher,-0.1940105322,0.01436878814,-0.196787707,-0.1912965117,0,100,0,100
M9-extreme,fixed-allocation,equity-aware,worstRegionEssentialFillRate,higher,-0.2169242267,0.02381574409,-0.2215803841,-0.212137883,0,100,0,100
M9-extreme,fixed-allocation,equity-aware,regionalServiceGap,lower,0.1776962536,0.02372333566,0.1728913007,0.1824680032,100,0,0,100
M9-extreme,fixed-allocation,equity-aware,cumulativeUnmetDemand,lower,6233.18,644.3924925,6108.71,6362.28,100,0,0,100
M9-extreme,fixed-allocation,equity-aware,backlogArea,lower,387555.16,23470.36085,382950.42,392171.12,100,0,0,100
M9-extreme,fixed-allocation,equity-aware,stockoutIncidentRate,lower,-0.04208606391,0.009789954718,-0.04397348535,-0.04019120268,0,100,0,100
M9-extreme,fixed-allocation,equity-aware,horizonEndUnmetRate,lower,0.09971144402,0.004981348847,0.0987488867,0.1006559248,100,0,0,100
M9-extreme,fixed-allocation,equity-aware,meanWaitingTime,lower,4.62062712,0.2816039591,4.567641206,4.673188155,100,0,0,100
M9-extreme,fixed-allocation,equity-aware,p95WaitingTime,lower,-0.26,1.353036241,-0.52,0,33,42,25,100
M9-extreme,fixed-allocation,equity-aware,recoveryTime90,lower,0.15,1.166666667,0,0.41,2,0,98,100
M9-extreme,fixed-allocation,equity-aware,recoveryTime95,lower,0,0,0,0,0,0,100,100
M9-extreme,fixed-allocation,equity-aware,recoveryTime99,lower,0,0,0,0,0,0,100,100
M9-extreme,fixed-allocation,equity-aware,serviceLossAUC,lower,20.88236125,1.784494414,20.53733703,21.2309197,100,0,0,100
M9-extreme,fixed-allocation,equity-aware,totalCost,lower,28263.37552,1410.991837,27996.28236,28544.11315,100,0,0,100
M9-extreme,fixed-allocation,equity-constrained-rolling-horizon,overallFillRate,higher,-0.1848970924,0.007138440772,-0.1862580889,-0.1835607807,0,100,0,100
M9-extreme,fixed-allocation,equity-constrained-rolling-horizon,essentialMedicineFillRate,higher,-0.3389578934,0.01711102835,-0.3423156315,-0.3355338661,0,100,0,100
M9-extreme,fixed-allocation,equity-constrained-rolling-horizon,worstRegionEssentialFillRate,higher,-0.3909504697,0.01735882012,-0.3943307379,-0.3873630633,0,100,0,100
M9-extreme,fixed-allocation,equity-constrained-rolling-horizon,regionalServiceGap,lower,0.1071308679,0.05398638498,0.0963681104,0.117221458,96,4,0,100
M9-extreme,fixed-allocation,equity-constrained-rolling-horizon,cumulativeUnmetDemand,lower,15509.16,610.3365808,15393.43,15627.67,100,0,0,100
M9-extreme,fixed-allocation,equity-constrained-rolling-horizon,backlogArea,lower,183418.62,21289.64676,179400.63,187530.35,100,0,0,100
M9-extreme,fixed-allocation,equity-constrained-rolling-horizon,stockoutIncidentRate,lower,0.2200793505,0.008232470763,0.2184882504,0.2216646816,100,0,0,100
M9-extreme,fixed-allocation,equity-constrained-rolling-horizon,horizonEndUnmetRate,lower,0.06209403359,0.00419626424,0.06129571945,0.06289213066,100,0,0,100
M9-extreme,fixed-allocation,equity-constrained-rolling-horizon,meanWaitingTime,lower,2.186712683,0.2540877569,2.13851943,2.235632922,100,0,0,100
M9-extreme,fixed-allocation,equity-constrained-rolling-horizon,p95WaitingTime,lower,-23.4,1.119162746,-23.61,-23.17,0,100,0,100
M9-extreme,fixed-allocation,equity-constrained-rolling-horizon,recoveryTime90,lower,29.38,1.674406272,29.06,29.69,100,0,0,100
M9-extreme,fixed-allocation,equity-constrained-rolling-horizon,recoveryTime95,lower,27.59,1.65202661,27.25,27.89,100,0,0,100
M9-extreme,fixed-allocation,equity-constrained-rolling-horizon,recoveryTime99,lower,23.51,1.839493782,23.14,23.85,100,0,0,100
M9-extreme,fixed-allocation,equity-constrained-rolling-horizon,serviceLossAUC,lower,39.82043791,1.8849746,39.45067474,40.18483083,100,0,0,100
M9-extreme,fixed-allocation,equity-constrained-rolling-horizon,totalCost,lower,6959.056021,1230.791003,6717.923948,7192.866205,100,0,0,100
M9-extreme,reorder-point,cost-first,overallFillRate,higher,-0.006556130671,0.006080937223,-0.007745237566,-0.005374246776,15,85,0,100
M9-extreme,reorder-point,cost-first,essentialMedicineFillRate,higher,-0.136725783,0.01174063899,-0.1389414434,-0.134290527,0,100,0,100
M9-extreme,reorder-point,cost-first,worstRegionEssentialFillRate,higher,-0.2073108563,0.01492470536,-0.2101582379,-0.2043728873,0,100,0,100
M9-extreme,reorder-point,cost-first,regionalServiceGap,lower,0.2209394638,0.02083080053,0.2168449939,0.2249439213,100,0,0,100
M9-extreme,reorder-point,cost-first,cumulativeUnmetDemand,lower,549.88,509.9498942,450.76,649.76,85,15,0,100
M9-extreme,reorder-point,cost-first,backlogArea,lower,-263484.24,19477.57624,-267123.46,-259668.57,0,100,0,100
M9-extreme,reorder-point,cost-first,stockoutIncidentRate,lower,-0.045413277,0.007745326864,-0.04694151336,-0.04386039859,0,100,0,100
M9-extreme,reorder-point,cost-first,horizonEndUnmetRate,lower,-0.05122495497,0.003784353181,-0.05194921482,-0.05048937097,0,100,0,100
M9-extreme,reorder-point,cost-first,meanWaitingTime,lower,-3.140890722,0.2266377142,-3.183648257,-3.095800184,0,100,0,100
M9-extreme,reorder-point,cost-first,p95WaitingTime,lower,-34.15,0.9782999065,-34.33,-33.97,0,100,0,100
M9-extreme,reorder-point,cost-first,recoveryTime90,lower,27.05,1.53987406,26.74,27.33,100,0,0,100
M9-extreme,reorder-point,cost-first,recoveryTime95,lower,26.12,1.584521086,25.8,26.4,100,0,0,100
M9-extreme,reorder-point,cost-first,recoveryTime99,lower,24.85,1.765980427,24.49,25.18,100,0,0,100
M9-extreme,reorder-point,cost-first,serviceLossAUC,lower,22.66961814,1.322509249,22.39860118,22.91521921,100,0,0,100
M9-extreme,reorder-point,cost-first,totalCost,lower,114035.0998,1672.215984,113718.9317,114353.7175,100,0,0,100
M9-extreme,reorder-point,equity-aware,overallFillRate,higher,0.1046598038,0.008811123648,0.1028672083,0.1063425964,100,0,0,100
M9-extreme,reorder-point,equity-aware,essentialMedicineFillRate,higher,-0.01888985968,0.0152859095,-0.02176109633,-0.01592178606,11,89,0,100
M9-extreme,reorder-point,equity-aware,worstRegionEssentialFillRate,higher,-0.1911720716,0.02385993417,-0.1956395021,-0.1865301005,0,100,0,100
M9-extreme,reorder-point,equity-aware,regionalServiceGap,lower,0.6570861132,0.02471716146,0.6519814242,0.6620039138,100,0,0,100
M9-extreme,reorder-point,equity-aware,cumulativeUnmetDemand,lower,-8779.48,750.2506986,-8919.14,-8626.75,0,100,0,100
M9-extreme,reorder-point,equity-aware,backlogArea,lower,-33719.78,25263.07105,-38335.52,-28801.74,5,95,0,100
M9-extreme,reorder-point,equity-aware,stockoutIncidentRate,lower,-0.3560539335,0.01207220762,-0.3583746697,-0.3536773757,0,100,0,100
M9-extreme,reorder-point,equity-aware,horizonEndUnmetRate,lower,-0.01149226528,0.005103740157,-0.01246811162,-0.0105575191,3,97,0,100
M9-extreme,reorder-point,equity-aware,meanWaitingTime,lower,-0.401145972,0.2997002815,-0.4552831977,-0.3428508798,5,95,0,100
M9-extreme,reorder-point,equity-aware,p95WaitingTime,lower,-12.87,1.268539286,-13.11,-12.63,0,100,0,100
M9-extreme,reorder-point,equity-aware,recoveryTime90,lower,0.15,1.166666667,0,0.41,2,0,98,100
M9-extreme,reorder-point,equity-aware,recoveryTime95,lower,0,0,0,0,0,0,100,100
M9-extreme,reorder-point,equity-aware,recoveryTime99,lower,0,0,0,0,0,0,100,100
M9-extreme,reorder-point,equity-aware,serviceLossAUC,lower,3.186893048,1.855814682,2.821220847,3.530680839,95,5,0,100
M9-extreme,reorder-point,equity-aware,totalCost,lower,126054.8377,1993.207267,125670.3617,126442.0429,100,0,0,100
M9-extreme,reorder-point,equity-constrained-rolling-horizon,overallFillRate,higher,-0.005921822227,0.007926992215,-0.007446598718,-0.004441161889,26,74,0,100
M9-extreme,reorder-point,equity-constrained-rolling-horizon,essentialMedicineFillRate,higher,-0.1638372209,0.01723286418,-0.1671606691,-0.1605423057,0,100,0,100
M9-extreme,reorder-point,equity-constrained-rolling-horizon,worstRegionEssentialFillRate,higher,-0.3651983146,0.01734530278,-0.3686570467,-0.3618166713,0,100,0,100
M9-extreme,reorder-point,equity-constrained-rolling-horizon,regionalServiceGap,lower,0.5865207275,0.05292179589,0.5762063772,0.59643339,100,0,0,100
M9-extreme,reorder-point,equity-constrained-rolling-horizon,cumulativeUnmetDemand,lower,496.5,663.9861642,372.81,624.49,74,26,0,100
M9-extreme,reorder-point,equity-constrained-rolling-horizon,backlogArea,lower,-237856.32,22760.85625,-242022.27,-233494.22,0,100,0,100
M9-extreme,reorder-point,equity-constrained-rolling-horizon,stockoutIncidentRate,lower,-0.09388851907,0.009531432102,-0.0957425973,-0.09203768998,0,100,0,100
M9-extreme,reorder-point,equity-constrained-rolling-horizon,horizonEndUnmetRate,lower,-0.04910967571,0.003922833246,-0.04983034631,-0.04835841067,0,100,0,100
M9-extreme,reorder-point,equity-constrained-rolling-horizon,meanWaitingTime,lower,-2.835060409,0.2640385735,-2.883774056,-2.784381447,0,100,0,100
M9-extreme,reorder-point,equity-constrained-rolling-horizon,p95WaitingTime,lower,-36.01,0.9897964284,-36.19,-35.82,0,100,0,100
M9-extreme,reorder-point,equity-constrained-rolling-horizon,recoveryTime90,lower,29.38,1.674406272,29.06,29.69,100,0,0,100
M9-extreme,reorder-point,equity-constrained-rolling-horizon,recoveryTime95,lower,27.59,1.65202661,27.25,27.89,100,0,0,100
M9-extreme,reorder-point,equity-constrained-rolling-horizon,recoveryTime99,lower,23.51,1.839493782,23.14,23.85,100,0,0,100
M9-extreme,reorder-point,equity-constrained-rolling-horizon,serviceLossAUC,lower,22.12496971,1.911853699,21.75094116,22.49157017,100,0,0,100
M9-extreme,reorder-point,equity-constrained-rolling-horizon,totalCost,lower,104750.5182,1631.92904,104422.7374,105067.4921,100,0,0,100
M9-extreme,cost-first,equity-aware,overallFillRate,higher,0.1112159344,0.008823361072,0.1094603871,0.1128665128,100,0,0,100
M9-extreme,cost-first,equity-aware,essentialMedicineFillRate,higher,0.1178359233,0.0154985678,0.114744254,0.1207847512,100,0,0,100
M9-extreme,cost-first,equity-aware,worstRegionEssentialFillRate,higher,0.01613878477,0.02685801103,0.01097147861,0.02131261846,73,27,0,100
M9-extreme,cost-first,equity-aware,regionalServiceGap,lower,0.4361466494,0.02892920901,0.4305192906,0.4416318269,100,0,0,100
M9-extreme,cost-first,equity-aware,cumulativeUnmetDemand,lower,-9329.36,751.1505723,-9468.3,-9182.14,0,100,0,100
M9-extreme,cost-first,equity-aware,backlogArea,lower,229764.46,26577.23693,224499.75,234951.69,100,0,0,100
M9-extreme,cost-first,equity-aware,stockoutIncidentRate,lower,-0.3106406565,0.01186415176,-0.312943135,-0.3081847947,0,100,0,100
M9-extreme,cost-first,equity-aware,horizonEndUnmetRate,lower,0.0397326897,0.006046643189,0.03856908951,0.04089740614,100,0,0,100
M9-extreme,cost-first,equity-aware,meanWaitingTime,lower,2.73974475,0.3207759959,2.676319485,2.80243101,100,0,0,100
M9-extreme,cost-first,equity-aware,p95WaitingTime,lower,21.28,1.333939256,21.01,21.53,100,0,0,100
M9-extreme,cost-first,equity-aware,recoveryTime90,lower,-26.9,1.855921454,-27.22,-26.51,0,100,0,100
M9-extreme,cost-first,equity-aware,recoveryTime95,lower,-26.12,1.584521086,-26.4,-25.8,0,100,0,100
M9-extreme,cost-first,equity-aware,recoveryTime99,lower,-24.85,1.765980427,-25.18,-24.49,0,100,0,100
M9-extreme,cost-first,equity-aware,serviceLossAUC,lower,-19.48272509,1.806725172,-19.82122979,-19.1320458,0,100,0,100
M9-extreme,cost-first,equity-aware,totalCost,lower,12019.73786,1321.184125,11773.02546,12277.19375,100,0,0,100
M9-extreme,cost-first,equity-constrained-rolling-horizon,overallFillRate,higher,0.0006343084435,0.007074160356,-0.0007074995053,0.001973512595,52,48,0,100
M9-extreme,cost-first,equity-constrained-rolling-horizon,essentialMedicineFillRate,higher,-0.02711143793,0.01522429416,-0.0301024668,-0.02396827411,4,95,1,100
M9-extreme,cost-first,equity-constrained-rolling-horizon,worstRegionEssentialFillRate,higher,-0.1578874582,0.01588717572,-0.1609545793,-0.1547370148,0,100,0,100
M9-extreme,cost-first,equity-constrained-rolling-horizon,regionalServiceGap,lower,0.3655812637,0.05502419017,0.3549569186,0.3755612258,100,0,0,100
M9-extreme,cost-first,equity-constrained-rolling-horizon,cumulativeUnmetDemand,lower,-53.38,591.9905606,-165.3,59.72,48,52,0,100
M9-extreme,cost-first,equity-constrained-rolling-horizon,backlogArea,lower,25627.92,21574.61154,21556.99,29716.77,91,9,0,100
M9-extreme,cost-first,equity-constrained-rolling-horizon,stockoutIncidentRate,lower,-0.04847524207,0.007875151903,-0.05002388209,-0.04695131527,0,100,0,100
M9-extreme,cost-first,equity-constrained-rolling-horizon,horizonEndUnmetRate,lower,0.002115279269,0.00487357446,0.001203499878,0.003087068377,67,33,0,100
M9-extreme,cost-first,equity-constrained-rolling-horizon,meanWaitingTime,lower,0.3058303128,0.257622048,0.2572336859,0.3548706307,91,9,0,100
M9-extreme,cost-first,equity-constrained-rolling-horizon,p95WaitingTime,lower,-1.86,0.8530397222,-2.02,-1.69,0,94,6,100
M9-extreme,cost-first,equity-constrained-rolling-horizon,recoveryTime90,lower,2.33,0.7528397418,2.18,2.48,99,0,1,100
M9-extreme,cost-first,equity-constrained-rolling-horizon,recoveryTime95,lower,1.47,0.8097262288,1.31,1.63,90,0,10,100
M9-extreme,cost-first,equity-constrained-rolling-horizon,recoveryTime99,lower,-1.34,0.9235417115,-1.52,-1.16,3,84,13,100
M9-extreme,cost-first,equity-constrained-rolling-horizon,serviceLossAUC,lower,-0.5446484326,1.465239109,-0.847139828,-0.2554743796,42,58,0,100
M9-extreme,cost-first,equity-constrained-rolling-horizon,totalCost,lower,-9284.581636,960.468602,-9476.645309,-9091.878023,0,100,0,100
M9-extreme,equity-aware,equity-constrained-rolling-horizon,overallFillRate,higher,-0.110581626,0.008457087727,-0.1122816279,-0.1088982988,0,100,0,100
M9-extreme,equity-aware,equity-constrained-rolling-horizon,essentialMedicineFillRate,higher,-0.1449473612,0.01600303674,-0.1480569419,-0.1418623796,0,100,0,100
M9-extreme,equity-aware,equity-constrained-rolling-horizon,worstRegionEssentialFillRate,higher,-0.174026243,0.02399500563,-0.1787054428,-0.1694935214,0,100,0,100
M9-extreme,equity-aware,equity-constrained-rolling-horizon,regionalServiceGap,lower,-0.07056538567,0.05692883558,-0.08118776676,-0.05991264665,11,89,0,100
M9-extreme,equity-aware,equity-constrained-rolling-horizon,cumulativeUnmetDemand,lower,9275.98,718.2539432,9135.53,9422.01,100,0,0,100
M9-extreme,equity-aware,equity-constrained-rolling-horizon,backlogArea,lower,-204136.54,26444.73812,-209231.67,-198583.38,0,100,0,100
M9-extreme,equity-aware,equity-constrained-rolling-horizon,stockoutIncidentRate,lower,0.2621654144,0.01263284143,0.2596001129,0.2645235345,100,0,0,100
M9-extreme,equity-aware,equity-constrained-rolling-horizon,horizonEndUnmetRate,lower,-0.03761741043,0.006291927793,-0.03884160436,-0.03638421278,0,100,0,100
M9-extreme,equity-aware,equity-constrained-rolling-horizon,meanWaitingTime,lower,-2.433914437,0.3169506307,-2.495527139,-2.368838925,0,100,0,100
M9-extreme,equity-aware,equity-constrained-rolling-horizon,p95WaitingTime,lower,-23.14,1.4,-23.41,-22.87,0,100,0,100
M9-extreme,equity-aware,equity-constrained-rolling-horizon,recoveryTime90,lower,29.23,1.973844119,28.81,29.58,100,0,0,100
M9-extreme,equity-aware,equity-constrained-rolling-horizon,recoveryTime95,lower,27.59,1.65202661,27.25,27.89,100,0,0,100
M9-extreme,equity-aware,equity-constrained-rolling-horizon,recoveryTime99,lower,23.51,1.839493782,23.14,23.85,100,0,0,100
M9-extreme,equity-aware,equity-constrained-rolling-horizon,serviceLossAUC,lower,18.93807666,1.791288131,18.59107009,19.28468554,100,0,0,100
M9-extreme,equity-aware,equity-constrained-rolling-horizon,totalCost,lower,-21304.3195,1446.025589,-21584.8631,-21031.35225,0,100,0,100
